,value
2001-01-01,50.7
2001-01-02,110.77
2001-01-03,179.41
2001-01-04,183.22
2001-01-05,89.31
2001-01-06,112.22
2001-01-07,114.25
2001-01-08,365.29
2001-01-09,260.13
2001-01-10,268.23
2001-01-11,140.42
2001-01-12,182.32
2001-01-13,179.62
2001-01-14,132.53
2001-01-15,249.26
2001-01-16,208.63
2001-01-17,262.46
2001-01-18,183.97
2001-01-19,190.07
2001-01-20,71.65
2001-01-21,38.25
2001-01-22,74.13
2001-01-23,70.61
2001-01-24,172.06
2001-01-25,267.58
2001-01-26,230.49
2001-01-27,218.97
2001-01-28,72.76
2001-01-29,124.19
2001-01-30,79.66
2001-01-31,359.91
2001-02-01,87.87
2001-02-02,70.7
2001-02-03,132.39
2001-02-04,92.54
2001-02-05,116.51
2001-02-06,127.85
2001-02-07,222.73
2001-02-08,155.24
2001-02-09,275.37
2001-02-10,119.31
2001-02-11,145.74
2001-02-12,142.66
2001-02-13,172.12
2001-02-14,83.98
2001-02-15,218.28
2001-02-16,91.22
2001-02-17,326.13
2001-02-18,325.44
2001-02-19,88.74
2001-02-20,188.68
2001-02-21,125.88
2001-02-22,410.79
2001-02-23,386.4
2001-02-24,264.24
2001-02-25,0.0
2001-02-26,146.74
2001-02-27,108.16
2001-02-28,269.4
2001-03-01,27.02
2001-03-02,301.65
2001-03-03,210.74
2001-03-04,83.93
2001-03-05,97.38
2001-03-06,515.5
2001-03-07,304.65
2001-03-08,297.09
2001-03-09,276.09
2001-03-10,128.9
2001-03-11,0.0
2001-03-12,257.31
2001-03-13,375.97
2001-03-14,219.17
2001-03-15,243.92
2001-03-16,388.37
2001-03-17,278.7
2001-03-18,125.69
2001-03-19,170.17
2001-03-20,131.59
2001-03-21,170.25
2001-03-22,208.52
2001-03-23,229.67
2001-03-24,323.05
2001-03-25,282.88
2001-03-26,133.54
2001-03-27,331.57
2001-03-28,293.3
2001-03-29,239.3
2001-03-30,254.28
2001-03-31,203.48
2001-04-01,116.06
2001-04-02,255.47
2001-04-03,372.42
2001-04-04,210.15
2001-04-05,448.98
2001-04-06,247.7
2001-04-07,166.27
2001-04-08,233.11
2001-04-09,206.76
2001-04-10,131.43
2001-04-11,447.32
2001-04-12,373.0
2001-04-13,179.79
2001-04-14,188.64
2001-04-15,158.41
2001-04-16,123.61
2001-04-17,142.53
2001-04-18,292.09
2001-04-19,470.81
2001-04-20,281.09
2001-04-21,220.22
2001-04-22,236.82
2001-04-23,171.99
2001-04-24,353.13
2001-04-25,253.69
2001-04-26,146.14
2001-04-27,142.6
2001-04-28,211.59
2001-04-29,87.91
2001-04-30,165.2
2001-05-01,291.82
2001-05-02,256.56
2001-05-03,154.44
2001-05-04,297.6
2001-05-05,161.52
2001-05-06,135.74
2001-05-07,131.3
2001-05-08,207.78
2001-05-09,298.9
2001-05-10,73.65
2001-05-11,284.58
2001-05-12,185.88
2001-05-13,203.82
2001-05-14,127.93
2001-05-15,237.92
2001-05-16,283.88
2001-05-17,439.94
2001-05-18,269.68
2001-05-19,134.73
2001-05-20,97.18
2001-05-21,66.97
2001-05-22,118.82
2001-05-23,260.9
2001-05-24,270.64
2001-05-25,143.39
2001-05-26,202.01
2001-05-27,188.76
2001-05-28,157.03
2001-05-29,25.93
2001-05-30,48.57
2001-05-31,69.17
2001-06-01,108.92
2001-06-02,35.87
2001-06-03,98.71
2001-06-04,0.0
2001-06-05,103.85
2001-06-06,30.5
2001-06-07,189.37
2001-06-08,151.43
2001-06-09,92.45
2001-06-10,216.5
2001-06-11,188.99
2001-06-12,116.75
2001-06-13,294.07
2001-06-14,176.41
2001-06-15,71.63
2001-06-16,230.27
2001-06-17,86.8
2001-06-18,154.86
2001-06-19,59.42
2001-06-20,171.69
2001-06-21,334.59
2001-06-22,209.72
2001-06-23,177.21
2001-06-24,256.2
2001-06-25,0.0
2001-06-26,219.1
2001-06-27,277.58
2001-06-28,261.59
2001-06-29,58.43
2001-06-30,110.96
2001-07-01,85.61
2001-07-02,455.09
2001-07-03,236.09
2001-07-04,48.82
2001-07-05,185.07
2001-07-06,485.0
2001-07-07,307.25
2001-07-08,41.78
2001-07-09,286.51
2001-07-10,232.76
2001-07-11,363.45
2001-07-12,309.52
2001-07-13,220.57
2001-07-14,26.51
2001-07-15,90.39
2001-07-16,373.0
2001-07-17,333.41
2001-07-18,532.24
2001-07-19,155.55
2001-07-20,398.45
2001-07-21,241.91
2001-07-22,254.86
2001-07-23,277.36
2001-07-24,257.76
2001-07-25,224.75
2001-07-26,313.58
2001-07-27,137.07
2001-07-28,287.8
2001-07-29,186.59
2001-07-30,233.19
2001-07-31,333.98
2001-08-01,286.85
2001-08-02,385.73
2001-08-03,548.92
2001-08-04,320.16
2001-08-05,129.21
2001-08-06,166.85
2001-08-07,266.17
2001-08-08,288.12
2001-08-09,320.14
2001-08-10,226.45
2001-08-11,521.37
2001-08-12,157.24
2001-08-13,257.84
2001-08-14,188.57
2001-08-15,318.7
2001-08-16,357.69
2001-08-17,328.49
2001-08-18,106.14
2001-08-19,414.47
2001-08-20,334.51
2001-08-21,35.28
2001-08-22,192.21
2001-08-23,360.2
2001-08-24,321.76
2001-08-25,372.42
2001-08-26,126.52
2001-08-27,80.01
2001-08-28,451.8
2001-08-29,304.0
2001-08-30,480.49
2001-08-31,509.81
2001-09-01,315.05
2001-09-02,83.36
2001-09-03,229.56
2001-09-04,182.06
2001-09-05,187.76
2001-09-06,559.55
2001-09-07,275.18
2001-09-08,189.26
2001-09-09,326.04
2001-09-10,134.53
2001-09-11,352.33
2001-09-12,506.48
2001-09-13,837.57
2001-09-14,465.24
2001-09-15,456.21
2001-09-16,733.89
2001-09-17,551.86
2001-09-18,753.17
2001-09-19,696.53
2001-09-20,723.61
2001-09-21,424.42
2001-09-22,697.03
2001-09-23,543.24
2001-09-24,634.7
2001-09-25,541.83
2001-09-26,457.38
2001-09-27,413.52
2001-09-28,610.3
2001-09-29,640.45
2001-09-30,590.91
2001-10-01,445.72
2001-10-02,930.71
2001-10-03,552.25
2001-10-04,226.37
2001-10-05,760.16
2001-10-06,407.07
2001-10-07,695.69
2001-10-08,357.15
2001-10-09,427.41
2001-10-10,385.07
2001-10-11,239.88
2001-10-12,484.91
2001-10-13,340.03
2001-10-14,262.94
2001-10-15,222.34
2001-10-16,600.61
2001-10-17,314.67
2001-10-18,583.56
2001-10-19,362.2
2001-10-20,183.87
2001-10-21,260.46
2001-10-22,376.09
2001-10-23,367.22
2001-10-24,354.75
2001-10-25,325.28
2001-10-26,279.88
2001-10-27,438.31
2001-10-28,120.23
2001-10-29,241.71
2001-10-30,226.56
2001-10-31,360.64
2001-11-01,146.53
2001-11-02,599.18
2001-11-03,298.38
2001-11-04,463.65
2001-11-05,293.89
2001-11-06,771.45
2001-11-07,630.99
2001-11-08,450.65
2001-11-09,496.03
2001-11-10,254.8
2001-11-11,391.91
2001-11-12,214.79
2001-11-13,429.89
2001-11-14,241.75
2001-11-15,215.82
2001-11-16,396.37
2001-11-17,450.57
2001-11-18,197.96
2001-11-19,346.46
2001-11-20,344.44
2001-11-21,283.17
2001-11-22,225.86
2001-11-23,438.01
2001-11-24,228.34
2001-11-25,390.79
2001-11-26,384.67
2001-11-27,268.64
2001-11-28,468.26
2001-11-29,166.7
2001-11-30,172.54
2001-12-01,216.24
2001-12-02,172.72
2001-12-03,160.95
2001-12-04,827.08
2001-12-05,326.88
2001-12-06,287.9
2001-12-07,113.88
2001-12-08,106.31
2001-12-09,253.81
2001-12-10,206.48
2001-12-11,66.01
2001-12-12,265.22
2001-12-13,125.74
2001-12-14,217.04
2001-12-15,93.14
2001-12-16,237.55
2001-12-17,356.93
2001-12-18,248.23
2001-12-19,270.83
2001-12-20,499.21
2001-12-21,121.18
2001-12-22,73.49
2001-12-23,295.08
2001-12-24,85.73
2001-12-25,0.0
2001-12-26,0.0
2001-12-27,141.61
2001-12-28,310.42
2001-12-29,532.76
2001-12-30,547.98
2001-12-31,265.21
2002-01-01,189.5
2002-01-02,261.35
2002-01-03,379.43
2002-01-04,326.82
2002-01-05,197.01
2002-01-06,523.17
2002-01-07,383.24
2002-01-08,330.39
2002-01-09,158.67
2002-01-10,216.14
2002-01-11,278.15
2002-01-12,206.24
2002-01-13,109.93
2002-01-14,202.35
2002-01-15,204.83
2002-01-16,106.79
2002-01-17,246.95
2002-01-18,215.62
2002-01-19,149.33
2002-01-20,371.41
2002-01-21,198.04
2002-01-22,231.44
2002-01-23,183.17
2002-01-24,83.74
2002-01-25,192.07
2002-01-26,114.94
2002-01-27,416.86
2002-01-28,176.82
2002-01-29,46.66
2002-01-30,231.21
2002-01-31,395.82
2002-02-01,236.62
2002-02-02,151.34
2002-02-03,243.24
2002-02-04,384.32
2002-02-05,426.41
2002-02-06,236.95
2002-02-07,195.37
2002-02-08,278.44
2002-02-09,113.83
2002-02-10,240.31
2002-02-11,149.45
2002-02-12,188.48
2002-02-13,138.85
2002-02-14,145.22
2002-02-15,93.22
2002-02-16,181.88
2002-02-17,76.45
2002-02-18,56.53
2002-02-19,251.43
2002-02-20,111.97
2002-02-21,189.37
2002-02-22,282.17
2002-02-23,191.05
2002-02-24,172.04
2002-02-25,241.74
2002-02-26,105.94
2002-02-27,180.09
2002-02-28,195.15
2002-03-01,214.63
2002-03-02,159.38
2002-03-03,262.11
2002-03-04,218.19
2002-03-05,127.09
2002-03-06,314.0
2002-03-07,56.7
2002-03-08,444.53
2002-03-09,259.23
2002-03-10,144.06
2002-03-11,81.43
2002-03-12,229.33
2002-03-13,305.94
2002-03-14,144.87
2002-03-15,105.55
2002-03-16,159.3
2002-03-17,73.74
2002-03-18,51.68
2002-03-19,125.25
2002-03-20,82.96
2002-03-21,145.13
2002-03-22,154.47
2002-03-23,64.61
2002-03-24,141.71
2002-03-25,101.81
2002-03-26,102.19
2002-03-27,123.91
2002-03-28,138.82
2002-03-29,46.81
2002-03-30,290.31
2002-03-31,162.68
2002-04-01,78.76
2002-04-02,128.21
2002-04-03,95.53
2002-04-04,123.81
2002-04-05,159.14
2002-04-06,168.71
2002-04-07,68.61
2002-04-08,51.25
2002-04-09,76.84
2002-04-10,269.74
2002-04-11,74.83
2002-04-12,38.9
2002-04-13,66.31
2002-04-14,219.23
2002-04-15,47.21
2002-04-16,155.33
2002-04-17,216.35
2002-04-18,536.51
2002-04-19,213.94
2002-04-20,48.43
2002-04-21,255.4
2002-04-22,170.07
2002-04-23,97.43
2002-04-24,129.63
2002-04-25,93.02
2002-04-26,114.8
2002-04-27,71.35
2002-04-28,193.38
2002-04-29,49.77
2002-04-30,138.3
2002-05-01,132.95
2002-05-02,133.05
2002-05-03,130.91
2002-05-04,88.35
2002-05-05,309.1
2002-05-06,308.17
2002-05-07,265.72
2002-05-08,258.15
2002-05-09,193.5
2002-05-10,138.89
2002-05-11,101.65
2002-05-12,197.65
2002-05-13,244.69
2002-05-14,181.12
2002-05-15,246.49
2002-05-16,254.08
2002-05-17,125.54
2002-05-18,121.8
2002-05-19,190.46
2002-05-20,178.13
2002-05-21,242.57
2002-05-22,174.25
2002-05-23,0.0
2002-05-24,169.39
2002-05-25,258.19
2002-05-26,233.82
2002-05-27,193.2
2002-05-28,129.62
2002-05-29,176.88
2002-05-30,81.26
2002-05-31,148.13
2002-06-01,236.09
2002-06-02,189.34
2002-06-03,67.21
2002-06-04,146.12
2002-06-05,233.63
2002-06-06,435.88
2002-06-07,373.25
2002-06-08,161.16
2002-06-09,198.11
2002-06-10,141.2
2002-06-11,177.61
2002-06-12,223.6
2002-06-13,243.44
2002-06-14,224.93
2002-06-15,192.63
2002-06-16,191.46
2002-06-17,274.49
2002-06-18,226.63
2002-06-19,207.67
2002-06-20,274.28
2002-06-21,171.44
2002-06-22,127.26
2002-06-23,234.77
2002-06-24,307.2
2002-06-25,301.63
2002-06-26,300.7
2002-06-27,355.26
2002-06-28,352.77
2002-06-29,203.21
2002-06-30,248.08
2002-07-01,472.91
2002-07-02,149.02
2002-07-03,236.09
2002-07-04,181.5
2002-07-05,103.24
2002-07-06,182.26
2002-07-07,314.71
2002-07-08,166.77
2002-07-09,299.34
2002-07-10,166.41
2002-07-11,269.73
2002-07-12,194.28
2002-07-13,263.4
2002-07-14,274.88
2002-07-15,354.96
2002-07-16,474.95
2002-07-17,399.34
2002-07-18,211.33
2002-07-19,86.46
2002-07-20,81.22
2002-07-21,91.93
2002-07-22,184.64
2002-07-23,247.79
2002-07-24,196.69
2002-07-25,115.62
2002-07-26,191.43
2002-07-27,265.26
2002-07-28,41.96
2002-07-29,217.15
2002-07-30,406.36
2002-07-31,217.91
2002-08-01,103.83
2002-08-02,565.52
2002-08-03,198.66
2002-08-04,199.29
2002-08-05,278.5
2002-08-06,216.39
2002-08-07,282.49
2002-08-08,266.64
2002-08-09,244.59
2002-08-10,301.58
2002-08-11,284.01
2002-08-12,318.58
2002-08-13,173.64
2002-08-14,313.85
2002-08-15,258.68
2002-08-16,302.89
2002-08-17,213.72
2002-08-18,145.84
2002-08-19,159.63
2002-08-20,214.95
2002-08-21,431.97
2002-08-22,344.8
2002-08-23,462.0
2002-08-24,110.96
2002-08-25,263.01
2002-08-26,176.5
2002-08-27,182.57
2002-08-28,134.18
2002-08-29,134.56
2002-08-30,247.7
2002-08-31,105.38
2002-09-01,304.35
2002-09-02,265.13
2002-09-03,389.51
2002-09-04,495.04
2002-09-05,540.26
2002-09-06,190.54
2002-09-07,466.23
2002-09-08,477.81
2002-09-09,252.58
2002-09-10,494.79
2002-09-11,357.15
2002-09-12,479.27
2002-09-13,398.68
2002-09-14,247.44
2002-09-15,374.45
2002-09-16,178.37
2002-09-17,259.72
2002-09-18,264.45
2002-09-19,168.81
2002-09-20,483.56
2002-09-21,313.03
2002-09-22,130.59
2002-09-23,282.97
2002-09-24,358.11
2002-09-25,522.57
2002-09-26,241.38
2002-09-27,285.47
2002-09-28,186.39
2002-09-29,346.54
2002-09-30,267.04
2002-10-01,378.52
2002-10-02,227.15
2002-10-03,187.98
2002-10-04,280.7
2002-10-05,407.23
2002-10-06,170.58
2002-10-07,386.84
2002-10-08,426.56
2002-10-09,49.2
2002-10-10,127.57
2002-10-11,231.69
2002-10-12,168.12
2002-10-13,170.73
2002-10-14,286.28
2002-10-15,284.71
2002-10-16,332.11
2002-10-17,252.97
2002-10-18,393.64
2002-10-19,120.07
2002-10-20,118.05
2002-10-21,97.18
2002-10-22,182.91
2002-10-23,167.63
2002-10-24,497.68
2002-10-25,316.18
2002-10-26,135.82
2002-10-27,213.55
2002-10-28,112.15
2002-10-29,262.83
2002-10-30,312.63
2002-10-31,236.29
2002-11-01,231.3
2002-11-02,232.57
2002-11-03,125.63
2002-11-04,198.77
2002-11-05,231.56
2002-11-06,261.63
2002-11-07,593.86
2002-11-08,195.51
2002-11-09,157.18
2002-11-10,410.85
2002-11-11,179.62
2002-11-12,448.46
2002-11-13,408.31
2002-11-14,225.9
2002-11-15,297.17
2002-11-16,208.97
2002-11-17,209.34
2002-11-18,160.91
2002-11-19,232.64
2002-11-20,309.15
2002-11-21,249.8
2002-11-22,451.18
2002-11-23,124.64
2002-11-24,267.36
2002-11-25,308.9
2002-11-26,326.29
2002-11-27,131.36
2002-11-28,570.25
2002-11-29,147.09
2002-11-30,204.79
2002-12-01,226.82
2002-12-02,299.21
2002-12-03,153.09
2002-12-04,450.69
2002-12-05,380.82
2002-12-06,502.07
2002-12-07,197.35
2002-12-08,405.89
2002-12-09,319.86
2002-12-10,570.21
2002-12-11,282.19
2002-12-12,320.65
2002-12-13,367.66
2002-12-14,211.96
2002-12-15,319.1
2002-12-16,100.79
2002-12-17,268.88
2002-12-18,198.14
2002-12-19,264.87
2002-12-20,201.28
2002-12-21,196.88
2002-12-22,454.81
2002-12-23,148.64
2002-12-24,234.71
2002-12-25,0.0
2002-12-26,115.09
2002-12-27,121.66
2002-12-28,343.77
2002-12-29,530.8
2002-12-30,236.31
2002-12-31,374.31
2003-01-01,569.28
2003-01-02,209.72
2003-01-03,303.77
2003-01-04,271.75
2003-01-05,667.91
2003-01-06,244.6
2003-01-07,889.79
2003-01-08,571.75
2003-01-09,306.72
2003-01-10,233.23
2003-01-11,335.43
2003-01-12,279.3
2003-01-13,169.13
2003-01-14,299.0
2003-01-15,203.86
2003-01-16,289.67
2003-01-17,310.56
2003-01-18,347.06
2003-01-19,377.9
2003-01-20,256.34
2003-01-21,365.45
2003-01-22,202.04
2003-01-23,411.85
2003-01-24,220.16
2003-01-25,584.99
2003-01-26,606.16
2003-01-27,477.64
2003-01-28,472.19
2003-01-29,374.02
2003-01-30,394.65
2003-01-31,294.77
2003-02-01,357.36
2003-02-02,682.39
2003-02-03,576.43
2003-02-04,426.69
2003-02-05,164.03
2003-02-06,287.69
2003-02-07,1002.76
2003-02-08,263.26
2003-02-09,414.44
2003-02-10,390.56
2003-02-11,735.53
2003-02-12,736.31
2003-02-13,596.64
2003-02-14,535.82
2003-02-15,541.28
2003-02-16,546.94
2003-02-17,191.74
2003-02-18,396.86
2003-02-19,517.25
2003-02-20,365.38
2003-02-21,713.82
2003-02-22,637.29
2003-02-23,431.44
2003-02-24,446.83
2003-02-25,656.93
2003-02-26,1228.82
2003-02-27,458.38
2003-02-28,494.06
2003-03-01,641.92
2003-03-02,455.42
2003-03-03,446.49
2003-03-04,791.12
2003-03-05,632.45
2003-03-06,753.65
2003-03-07,701.82
2003-03-08,448.06
2003-03-09,451.93
2003-03-10,427.44
2003-03-11,683.83
2003-03-12,797.58
2003-03-13,445.73
2003-03-14,500.38
2003-03-15,552.3
2003-03-16,603.66
2003-03-17,366.22
2003-03-18,648.9
2003-03-19,436.88
2003-03-20,637.84
2003-03-21,606.75
2003-03-22,542.38
2003-03-23,634.34
2003-03-24,344.18
2003-03-25,471.58
2003-03-26,816.1
2003-03-27,369.5
2003-03-28,437.2
2003-03-29,625.26
2003-03-30,187.1
2003-03-31,520.54
2003-04-01,539.13
2003-04-02,402.6
2003-04-03,357.2
2003-04-04,419.81
2003-04-05,528.57
2003-04-06,496.36
2003-04-07,542.93
2003-04-08,711.67
2003-04-09,368.15
2003-04-10,1084.29
2003-04-11,480.62
2003-04-12,307.77
2003-04-13,446.18
2003-04-14,569.26
2003-04-15,471.43
2003-04-16,462.68
2003-04-17,225.46
2003-04-18,288.46
2003-04-19,303.2
2003-04-20,381.49
2003-04-21,159.42
2003-04-22,271.09
2003-04-23,325.74
2003-04-24,228.98
2003-04-25,440.69
2003-04-26,449.95
2003-04-27,521.7
2003-04-28,493.64
2003-04-29,417.1
2003-04-30,553.8
2003-05-01,834.86
2003-05-02,433.61
2003-05-03,390.76
2003-05-04,251.01
2003-05-05,386.52
2003-05-06,1105.69
2003-05-07,481.47
2003-05-08,327.03
2003-05-09,402.11
2003-05-10,307.03
2003-05-11,344.22
2003-05-12,175.12
2003-05-13,159.12
2003-05-14,365.85
2003-05-15,294.79
2003-05-16,674.97
2003-05-17,239.51
2003-05-18,286.32
2003-05-19,422.6
2003-05-20,522.37
2003-05-21,342.68
2003-05-22,323.87
2003-05-23,257.09
2003-05-24,141.33
2003-05-25,223.74
2003-05-26,67.15
2003-05-27,305.52
2003-05-28,307.39
2003-05-29,108.44
2003-05-30,61.08
2003-05-31,237.4
2003-06-01,173.7
2003-06-02,166.23
2003-06-03,259.32
2003-06-04,324.51
2003-06-05,243.21
2003-06-06,481.73
2003-06-07,217.25
2003-06-08,266.45
2003-06-09,474.64
2003-06-10,1645.01
2003-06-11,559.84
2003-06-12,371.77
2003-06-13,237.19
2003-06-14,155.44
2003-06-15,178.25
2003-06-16,267.3
2003-06-17,333.28
2003-06-18,359.36
2003-06-19,224.12
2003-06-20,126.09
2003-06-21,254.02
2003-06-22,176.89
2003-06-23,63.4
2003-06-24,121.98
2003-06-25,534.41
2003-06-26,206.18
2003-06-27,195.62
2003-06-28,406.96
2003-06-29,185.19
2003-06-30,209.19
2003-07-01,326.93
2003-07-02,370.1
2003-07-03,173.79
2003-07-04,256.59
2003-07-05,243.85
2003-07-06,114.42
2003-07-07,226.93
2003-07-08,189.77
2003-07-09,396.43
2003-07-10,217.92
2003-07-11,306.22
2003-07-12,293.02
2003-07-13,468.36
2003-07-14,144.84
2003-07-15,86.89
2003-07-16,145.15
2003-07-17,108.49
2003-07-18,146.72
2003-07-19,58.67
2003-07-20,236.35
2003-07-21,153.35
2003-07-22,409.01
2003-07-23,167.66
2003-07-24,218.04
2003-07-25,112.21
2003-07-26,543.85
2003-07-27,105.82
2003-07-28,119.86
2003-07-29,301.94
2003-07-30,336.94
2003-07-31,409.97
2003-08-01,490.4
2003-08-02,241.09
2003-08-03,114.68
2003-08-04,29.42
2003-08-05,186.07
2003-08-06,198.75
2003-08-07,43.54
2003-08-08,189.28
2003-08-09,124.93
2003-08-10,194.66
2003-08-11,160.46
2003-08-12,287.14
2003-08-13,115.95
2003-08-14,228.22
2003-08-15,177.7
2003-08-16,198.98
2003-08-17,132.79
2003-08-18,51.17
2003-08-19,322.5
2003-08-20,255.67
2003-08-21,310.56
2003-08-22,150.81
2003-08-23,173.24
2003-08-24,202.99
2003-08-25,214.05
2003-08-26,27.18
2003-08-27,339.43
2003-08-28,88.14
2003-08-29,202.69
2003-08-30,103.26
2003-08-31,139.59
2003-09-01,334.41
2003-09-02,84.27
2003-09-03,46.8
2003-09-04,61.75
2003-09-05,187.39
2003-09-06,364.7
2003-09-07,172.92
2003-09-08,280.99
2003-09-09,287.24
2003-09-10,214.52
2003-09-11,370.17
2003-09-12,172.7
2003-09-13,191.13
2003-09-14,154.18
2003-09-15,78.5
2003-09-16,148.61
2003-09-17,383.66
2003-09-18,321.45
2003-09-19,227.94
2003-09-20,256.98
2003-09-21,166.55
2003-09-22,312.79
2003-09-23,278.81
2003-09-24,321.17
2003-09-25,156.71
2003-09-26,81.07
2003-09-27,192.59
2003-09-28,138.37
2003-09-29,77.99
2003-09-30,223.27
2003-10-01,182.17
2003-10-02,246.45
2003-10-03,19.99
2003-10-04,205.38
2003-10-05,189.3
2003-10-06,163.11
2003-10-07,109.13
2003-10-08,242.0
2003-10-09,200.81
2003-10-10,191.15
2003-10-11,267.63
2003-10-12,160.89
2003-10-13,261.35
2003-10-14,197.92
2003-10-15,163.91
2003-10-16,160.08
2003-10-17,197.41
2003-10-18,241.02
2003-10-19,103.54
2003-10-20,143.65
2003-10-21,137.93
2003-10-22,226.59
2003-10-23,235.01
2003-10-24,142.02
2003-10-25,170.15
2003-10-26,217.73
2003-10-27,139.87
2003-10-28,135.03
2003-10-29,127.66
2003-10-30,233.32
2003-10-31,451.73
2003-11-01,252.41
2003-11-02,100.94
2003-11-03,52.61
2003-11-04,295.41
2003-11-05,179.46
2003-11-06,74.13
2003-11-07,249.64
2003-11-08,165.29
2003-11-09,128.79
2003-11-10,255.32
2003-11-11,288.07
2003-11-12,141.57
2003-11-13,66.49
2003-11-14,129.88
2003-11-15,246.21
2003-11-16,139.88
2003-11-17,365.77
2003-11-18,164.28
2003-11-19,376.3
2003-11-20,169.11
2003-11-21,261.62
2003-11-22,227.23
2003-11-23,74.42
2003-11-24,116.42
2003-11-25,101.94
2003-11-26,126.55
2003-11-27,255.7
2003-11-28,123.99
2003-11-29,271.1
2003-11-30,273.29
2003-12-01,411.86
2003-12-02,97.81
2003-12-03,280.09
2003-12-04,74.79
2003-12-05,220.06
2003-12-06,274.34
2003-12-07,263.92
2003-12-08,181.83
2003-12-09,202.68
2003-12-10,394.88
2003-12-11,151.79
2003-12-12,64.28
2003-12-13,98.72
2003-12-14,140.84
2003-12-15,154.94
2003-12-16,147.99
2003-12-17,434.16
2003-12-18,134.89
2003-12-19,271.77
2003-12-20,74.35
2003-12-21,111.84
2003-12-22,81.73
2003-12-23,132.34
2003-12-24,90.05
2003-12-25,0.0
2003-12-26,0.0
2003-12-27,277.14
2003-12-28,124.11
2003-12-29,271.31
2003-12-30,305.97
2003-12-31,251.06
2004-01-01,87.51
2004-01-02,54.02
2004-01-03,89.88
2004-01-04,182.99
2004-01-05,58.08
2004-01-06,84.42
2004-01-07,22.54
2004-01-08,205.08
2004-01-09,138.36
2004-01-10,221.58
2004-01-11,0.0
2004-01-12,142.86
2004-01-13,199.27
2004-01-14,112.57
2004-01-15,23.4
2004-01-16,71.75
2004-01-17,38.48
2004-01-18,102.35
2004-01-19,127.19
2004-01-20,257.2
2004-01-21,186.89
2004-01-22,24.48
2004-01-23,96.33
2004-01-24,128.17
2004-01-25,254.8
2004-01-26,84.5
2004-01-27,57.57
2004-01-28,129.16
2004-01-29,107.66
2004-01-30,21.71
2004-01-31,72.46
2004-02-01,132.39
2004-02-02,166.49
2004-02-03,136.77
2004-02-04,156.65
2004-02-05,169.13
2004-02-06,196.29
2004-02-07,126.47
2004-02-08,30.81
2004-02-09,8.34
2004-02-10,83.63
2004-02-11,97.98
2004-02-12,111.42
2004-02-13,52.18
2004-02-14,141.22
2004-02-15,95.39
2004-02-16,234.21
2004-02-17,55.13
2004-02-18,27.19
2004-02-19,176.71
2004-02-20,48.28
2004-02-21,78.05
2004-02-22,244.87
2004-02-23,60.89
2004-02-24,145.66
2004-02-25,52.6
2004-02-26,218.28
2004-02-27,46.12
2004-02-28,156.3
2004-02-29,153.66
2004-03-01,28.91
2004-03-02,136.54
2004-03-03,159.08
2004-03-04,88.94
2004-03-05,60.21
2004-03-06,109.91
2004-03-07,61.1
2004-03-08,103.99
2004-03-09,142.48
2004-03-10,177.4
2004-03-11,20.89
2004-03-12,232.7
2004-03-13,337.17
2004-03-14,270.64
2004-03-15,116.88
2004-03-16,136.3
2004-03-17,175.75
2004-03-18,398.14
2004-03-19,198.88
2004-03-20,185.85
2004-03-21,311.8
2004-03-22,147.11
2004-03-23,132.04
2004-03-24,99.02
2004-03-25,81.02
2004-03-26,72.21
2004-03-27,213.8
2004-03-28,121.49
2004-03-29,86.33
2004-03-30,73.21
2004-03-31,140.24
2004-04-01,279.07
2004-04-02,178.8
2004-04-03,69.44
2004-04-04,77.55
2004-04-05,67.51
2004-04-06,93.54
2004-04-07,48.67
2004-04-08,103.49
2004-04-09,234.76
2004-04-10,296.82
2004-04-11,73.99
2004-04-12,76.22
2004-04-13,30.57
2004-04-14,108.9
2004-04-15,176.01
2004-04-16,97.13
2004-04-17,62.47
2004-04-18,62.43
2004-04-19,93.72
2004-04-20,106.47
2004-04-21,103.73
2004-04-22,141.48
2004-04-23,21.53
2004-04-24,153.23
2004-04-25,96.59
2004-04-26,200.0
2004-04-27,168.42
2004-04-28,134.23
2004-04-29,86.01
2004-04-30,23.88
2004-05-01,87.02
2004-05-02,101.21
2004-05-03,40.99
2004-05-04,97.43
2004-05-05,82.94
2004-05-06,24.39
2004-05-07,53.35
2004-05-08,67.29
2004-05-09,89.91
2004-05-10,158.6
2004-05-11,133.1
2004-05-12,52.99
2004-05-13,46.14
2004-05-14,24.52
2004-05-15,32.78
2004-05-16,103.26
2004-05-17,54.36
2004-05-18,270.45
2004-05-19,140.14
2004-05-20,58.45
2004-05-21,25.53
2004-05-22,59.4
2004-05-23,195.72
2004-05-24,35.51
2004-05-25,60.12
2004-05-26,124.6
2004-05-27,83.48
2004-05-28,142.44
2004-05-29,143.78
2004-05-30,0.0
2004-05-31,86.77
2004-06-01,61.21
2004-06-02,255.75
2004-06-03,110.28
2004-06-04,99.2
2004-06-05,147.53
2004-06-06,101.97
2004-06-07,236.25
2004-06-08,130.45
2004-06-09,222.89
2004-06-10,63.17
2004-06-11,45.75
2004-06-12,0.0
2004-06-13,37.97
2004-06-14,88.52
2004-06-15,132.13
2004-06-16,187.4
2004-06-17,65.01
2004-06-18,71.57
2004-06-19,30.81
2004-06-20,142.1
2004-06-21,62.26
2004-06-22,83.84
2004-06-23,198.27
2004-06-24,77.38
2004-06-25,163.41
2004-06-26,184.6
2004-06-27,101.88
2004-06-28,270.32
2004-06-29,56.25
2004-06-30,167.54
2004-07-01,75.14
2004-07-02,30.11
2004-07-03,46.34
2004-07-04,41.63
2004-07-05,276.08
2004-07-06,167.46
2004-07-07,257.54
2004-07-08,27.22
2004-07-09,0.0
2004-07-10,103.71
2004-07-11,250.09
2004-07-12,204.16
2004-07-13,296.38
2004-07-14,113.19
2004-07-15,54.77
2004-07-16,60.37
2004-07-17,81.68
2004-07-18,118.62
2004-07-19,40.17
2004-07-20,113.13
2004-07-21,324.83
2004-07-22,187.1
2004-07-23,0.0
2004-07-24,221.74
2004-07-25,120.89
2004-07-26,109.95
2004-07-27,91.8
2004-07-28,70.81
2004-07-29,90.4
2004-07-30,187.06
2004-07-31,192.76
2004-08-01,76.2
2004-08-02,221.81
2004-08-03,101.81
2004-08-04,296.88
2004-08-05,211.1
2004-08-06,174.4
2004-08-07,105.11
2004-08-08,100.87
2004-08-09,106.9
2004-08-10,128.45
2004-08-11,46.66
2004-08-12,223.24
2004-08-13,81.92
2004-08-14,126.45
2004-08-15,214.99
2004-08-16,51.98
2004-08-17,100.24
2004-08-18,116.62
2004-08-19,153.26
2004-08-20,33.85
2004-08-21,228.64
2004-08-22,152.41
2004-08-23,62.84
2004-08-24,0.0
2004-08-25,52.79
2004-08-26,102.53
2004-08-27,118.94
2004-08-28,253.94
2004-08-29,77.48
2004-08-30,22.94
2004-08-31,132.85
2004-09-01,110.52
2004-09-02,74.43
2004-09-03,148.77
2004-09-04,294.43
2004-09-05,63.44
2004-09-06,89.48
2004-09-07,45.98
2004-09-08,143.25
2004-09-09,179.41
2004-09-10,229.19
2004-09-11,72.99
2004-09-12,0.0
2004-09-13,52.81
2004-09-14,104.72
2004-09-15,139.62
2004-09-16,134.02
2004-09-17,201.78
2004-09-18,72.93
2004-09-19,163.17
2004-09-20,108.52
2004-09-21,195.97
2004-09-22,121.17
2004-09-23,82.73
2004-09-24,155.33
2004-09-25,180.07
2004-09-26,128.87
2004-09-27,160.77
2004-09-28,75.72
2004-09-29,142.09
2004-09-30,103.97
2004-10-01,102.59
2004-10-02,212.48
2004-10-03,130.09
2004-10-04,83.63
2004-10-05,79.18
2004-10-06,240.45
2004-10-07,37.33
2004-10-08,306.29
2004-10-09,87.15
2004-10-10,142.17
2004-10-11,57.82
2004-10-12,156.86
2004-10-13,189.97
2004-10-14,161.08
2004-10-15,93.56
2004-10-16,109.48
2004-10-17,156.44
2004-10-18,46.59
2004-10-19,227.94
2004-10-20,135.92
2004-10-21,180.91
2004-10-22,138.24
2004-10-23,153.5
2004-10-24,31.8
2004-10-25,209.83
2004-10-26,514.83
2004-10-27,135.62
2004-10-28,85.83
2004-10-29,67.47
2004-10-30,306.09
2004-10-31,258.34
2004-11-01,111.62
2004-11-02,218.72
2004-11-03,263.18
2004-11-04,401.36
2004-11-05,139.08
2004-11-06,148.84
2004-11-07,182.43
2004-11-08,68.86
2004-11-09,238.16
2004-11-10,189.87
2004-11-11,303.86
2004-11-12,144.97
2004-11-13,175.09
2004-11-14,207.69
2004-11-15,109.08
2004-11-16,64.07
2004-11-17,35.61
2004-11-18,78.45
2004-11-19,46.13
2004-11-20,308.95
2004-11-21,125.23
2004-11-22,104.47
2004-11-23,273.82
2004-11-24,188.24
2004-11-25,95.26
2004-11-26,64.28
2004-11-27,184.6
2004-11-28,391.99
2004-11-29,81.56
2004-11-30,156.28
2004-12-01,262.72
2004-12-02,148.67
2004-12-03,273.25
2004-12-04,255.28
2004-12-05,123.31
2004-12-06,268.85
2004-12-07,190.47
2004-12-08,160.83
2004-12-09,173.37
2004-12-10,249.12
2004-12-11,119.63
2004-12-12,40.48
2004-12-13,152.26
2004-12-14,181.01
2004-12-15,78.06
2004-12-16,83.64
2004-12-17,89.02
2004-12-18,72.78
2004-12-19,66.39
2004-12-20,86.94
2004-12-21,53.88
2004-12-22,161.98
2004-12-23,25.3
2004-12-24,59.84
2004-12-25,0.0
2004-12-26,221.49
2004-12-27,176.58
2004-12-28,92.56
2004-12-29,240.04
2004-12-30,130.65
2004-12-31,119.3
2005-01-01,104.06
2005-01-02,182.39
2005-01-03,71.27
2005-01-04,111.77
2005-01-05,74.7
2005-01-06,195.82
2005-01-07,102.2
2005-01-08,100.54
2005-01-09,194.25
2005-01-10,51.06
2005-01-11,129.16
2005-01-12,89.63
2005-01-13,59.69
2005-01-14,120.15
2005-01-15,50.16
2005-01-16,99.01
2005-01-17,118.7
2005-01-18,137.83
2005-01-19,26.57
2005-01-20,90.02
2005-01-21,55.65
2005-01-22,99.04
2005-01-23,191.5
2005-01-24,123.13
2005-01-25,205.56
2005-01-26,161.04
2005-01-27,73.57
2005-01-28,83.69
2005-01-29,176.56
2005-01-30,62.68
2005-01-31,52.5
2005-02-01,25.42
2005-02-02,68.41
2005-02-03,60.47
2005-02-04,112.39
2005-02-05,143.35
2005-02-06,109.95
2005-02-07,30.3
2005-02-08,243.14
2005-02-09,138.89
2005-02-10,40.22
2005-02-11,66.58
2005-02-12,91.86
2005-02-13,127.75
2005-02-14,27.0
2005-02-15,27.5
2005-02-16,47.13
2005-02-17,218.63
2005-02-18,21.45
2005-02-19,0.0
2005-02-20,153.93
2005-02-21,81.42
2005-02-22,72.71
2005-02-23,210.42
2005-02-24,146.78
2005-02-25,39.33
2005-02-26,178.72
2005-02-27,157.04
2005-02-28,220.65
2005-03-01,95.57
2005-03-02,183.88
2005-03-03,39.44
2005-03-04,22.95
2005-03-05,110.5
2005-03-06,164.63
2005-03-07,218.72
2005-03-08,24.94
2005-03-09,93.86
2005-03-10,19.11
2005-03-11,215.96
2005-03-12,211.34
2005-03-13,61.08
2005-03-14,29.19
2005-03-15,177.21
2005-03-16,127.31
2005-03-17,329.66
2005-03-18,223.21
2005-03-19,126.53
2005-03-20,123.99
2005-03-21,105.52
2005-03-22,124.1
2005-03-23,80.65
2005-03-24,60.43
2005-03-25,60.22
2005-03-26,111.95
2005-03-27,129.08
2005-03-28,141.68
2005-03-29,109.83
2005-03-30,160.23
2005-03-31,101.34
2005-04-01,204.54
2005-04-02,81.0
2005-04-03,89.76
2005-04-04,81.09
2005-04-05,259.39
2005-04-06,310.16
2005-04-07,137.13
2005-04-08,313.25
2005-04-09,134.79
2005-04-10,159.71
2005-04-11,78.28
2005-04-12,178.43
2005-04-13,226.44
2005-04-14,228.44
2005-04-15,332.42
2005-04-16,314.98
2005-04-17,97.88
2005-04-18,158.01
2005-04-19,210.36
2005-04-20,91.6
2005-04-21,217.5
2005-04-22,145.79
2005-04-23,50.98
2005-04-24,137.96
2005-04-25,208.23
2005-04-26,243.37
2005-04-27,306.5
2005-04-28,100.18
2005-04-29,467.49
2005-04-30,232.37
2005-05-01,146.94
2005-05-02,303.5
2005-05-03,308.43
2005-05-04,46.94
2005-05-05,385.04
2005-05-06,288.69
2005-05-07,239.85
2005-05-08,129.08
2005-05-09,207.84
2005-05-10,229.11
2005-05-11,280.67
2005-05-12,248.13
2005-05-13,129.9
2005-05-14,138.55
2005-05-15,161.46
2005-05-16,224.39
2005-05-17,150.89
2005-05-18,123.07
2005-05-19,118.9
2005-05-20,180.79
2005-05-21,85.16
2005-05-22,133.74
2005-05-23,243.87
2005-05-24,141.72
2005-05-25,242.61
2005-05-26,212.88
2005-05-27,132.91
2005-05-28,126.07
2005-05-29,336.03
2005-05-30,134.32
2005-05-31,233.14
2005-06-01,202.1
2005-06-02,100.49
2005-06-03,301.79
2005-06-04,222.81
2005-06-05,111.49
2005-06-06,145.03
2005-06-07,330.38
2005-06-08,286.98
2005-06-09,177.59
2005-06-10,166.17
2005-06-11,99.75
2005-06-12,34.15
2005-06-13,307.81
2005-06-14,212.61
2005-06-15,115.2
2005-06-16,120.42
2005-06-17,105.39
2005-06-18,167.87
2005-06-19,140.58
2005-06-20,204.19
2005-06-21,162.69
2005-06-22,236.39
2005-06-23,221.81
2005-06-24,233.59
2005-06-25,283.23
2005-06-26,284.34
2005-06-27,115.65
2005-06-28,201.35
2005-06-29,134.22
2005-06-30,107.21
2005-07-01,205.74
2005-07-02,153.63
2005-07-03,185.78
2005-07-04,149.94
2005-07-05,156.99
2005-07-06,288.76
2005-07-07,253.63
2005-07-08,318.7
2005-07-09,0.0
2005-07-10,246.45
2005-07-11,113.48
2005-07-12,138.35
2005-07-13,77.37
2005-07-14,128.43
2005-07-15,75.45
2005-07-16,253.46
2005-07-17,169.19
2005-07-18,84.16
2005-07-19,161.67
2005-07-20,195.59
2005-07-21,216.5
2005-07-22,22.97
2005-07-23,81.27
2005-07-24,91.92
2005-07-25,233.5
2005-07-26,159.41
2005-07-27,72.89
2005-07-28,146.11
2005-07-29,104.87
2005-07-30,107.95
2005-07-31,61.21
2005-08-01,198.26
2005-08-02,97.41
2005-08-03,267.1
2005-08-04,103.99
2005-08-05,103.06
2005-08-06,77.73
2005-08-07,118.98
2005-08-08,132.4
2005-08-09,194.51
2005-08-10,48.83
2005-08-11,339.15
2005-08-12,81.46
2005-08-13,159.46
2005-08-14,127.03
2005-08-15,52.93
2005-08-16,0.0
2005-08-17,0.0
2005-08-18,103.97
2005-08-19,78.68
2005-08-20,52.41
2005-08-21,120.5
2005-08-22,0.0
2005-08-23,76.81
2005-08-24,0.0
2005-08-25,124.24
2005-08-26,42.55
2005-08-27,49.7
2005-08-28,274.34
2005-08-29,0.0
2005-08-30,44.96
2005-08-31,43.26
2005-09-01,125.32
2005-09-02,62.08
2005-09-03,78.99
2005-09-04,123.91
2005-09-05,139.1
2005-09-06,77.42
2005-09-07,133.0
2005-09-08,108.68
2005-09-09,47.07
2005-09-10,83.12
2005-09-11,115.89
2005-09-12,242.2
2005-09-13,163.5
2005-09-14,198.82
2005-09-15,194.5
2005-09-16,63.11
2005-09-17,230.18
2005-09-18,89.22
2005-09-19,189.17
2005-09-20,207.7
2005-09-21,228.73
2005-09-22,90.38
2005-09-23,22.76
2005-09-24,153.6
2005-09-25,174.36
2005-09-26,65.78
2005-09-27,221.53
2005-09-28,162.78
2005-09-29,0.0
2005-09-30,111.72
2005-10-01,134.32
2005-10-02,86.24
2005-10-03,83.25
2005-10-04,131.72
2005-10-05,123.21
2005-10-06,0.0
2005-10-07,143.88
2005-10-08,25.86
2005-10-09,183.47
2005-10-10,120.07
2005-10-11,152.11
2005-10-12,110.0
2005-10-13,85.31
2005-10-14,82.44
2005-10-15,102.3
2005-10-16,116.99
2005-10-17,52.71
2005-10-18,98.53
2005-10-19,67.54
2005-10-20,113.84
2005-10-21,40.49
2005-10-22,76.79
2005-10-23,95.1
2005-10-24,87.2
2005-10-25,128.74
2005-10-26,140.24
2005-10-27,0.0
2005-10-28,19.4
2005-10-29,147.61
2005-10-30,95.3
2005-10-31,69.8
2005-11-01,75.54
2005-11-02,159.02
2005-11-03,142.51
2005-11-04,215.26
2005-11-05,24.91
2005-11-06,0.0
2005-11-07,129.36
2005-11-08,76.49
2005-11-09,84.91
2005-11-10,189.61
2005-11-11,99.25
2005-11-12,81.36
2005-11-13,36.7
2005-11-14,79.24
2005-11-15,51.58
2005-11-16,88.11
2005-11-17,181.16
2005-11-18,79.04
2005-11-19,134.89
2005-11-20,64.96
2005-11-21,103.38
2005-11-22,154.37
2005-11-23,156.14
2005-11-24,365.98
2005-11-25,0.0
2005-11-26,110.96
2005-11-27,214.9
2005-11-28,83.69
2005-11-29,203.82
2005-11-30,159.81
2005-12-01,57.15
2005-12-02,115.62
2005-12-03,220.65
2005-12-04,200.06
2005-12-05,103.62
2005-12-06,400.56
2005-12-07,24.94
2005-12-08,43.31
2005-12-09,106.82
2005-12-10,54.72
2005-12-11,127.59
2005-12-12,109.8
2005-12-13,81.76
2005-12-14,29.98
2005-12-15,86.85
2005-12-16,0.0
2005-12-17,67.34
2005-12-18,207.78
2005-12-19,86.25
2005-12-20,58.59
2005-12-21,54.03
2005-12-22,104.72
2005-12-23,26.47
2005-12-24,46.52
2005-12-25,0.0
2005-12-26,127.11
2005-12-27,40.67
2005-12-28,68.83
2005-12-29,213.33
2005-12-30,232.79
2005-12-31,149.96
2006-01-01,167.96
2006-01-02,287.12
2006-01-03,396.68
2006-01-04,135.12
2006-01-05,136.14
2006-01-06,65.48
2006-01-07,235.37
2006-01-08,28.47
2006-01-09,98.53
2006-01-10,102.45
2006-01-11,70.03
2006-01-12,109.95
2006-01-13,107.68
2006-01-14,110.31
2006-01-15,90.2
2006-01-16,133.3
2006-01-17,127.07
2006-01-18,116.47
2006-01-19,180.62
2006-01-20,21.15
2006-01-21,75.33
2006-01-22,140.5
2006-01-23,226.11
2006-01-24,234.14
2006-01-25,189.11
2006-01-26,124.27
2006-01-27,100.06
2006-01-28,109.58
2006-01-29,113.39
2006-01-30,107.4
2006-01-31,167.68
2006-02-01,138.37
2006-02-02,102.34
2006-02-03,38.68
2006-02-04,146.16
2006-02-05,76.09
2006-02-06,75.74
2006-02-07,64.54
2006-02-08,70.57
2006-02-09,125.48
2006-02-10,150.0
2006-02-11,91.94
2006-02-12,104.56
2006-02-13,68.98
2006-02-14,154.48
2006-02-15,61.13
2006-02-16,121.18
2006-02-17,127.73
2006-02-18,47.44
2006-02-19,79.28
2006-02-20,200.7
2006-02-21,48.54
2006-02-22,90.92
2006-02-23,94.83
2006-02-24,124.59
2006-02-25,160.16
2006-02-26,26.25
2006-02-27,94.13
2006-02-28,96.98
2006-03-01,123.44
2006-03-02,127.87
2006-03-03,76.84
2006-03-04,103.02
2006-03-05,88.91
2006-03-06,55.71
2006-03-07,250.46
2006-03-08,206.87
2006-03-09,109.37
2006-03-10,63.79
2006-03-11,25.19
2006-03-12,110.25
2006-03-13,54.39
2006-03-14,110.74
2006-03-15,0.0
2006-03-16,140.09
2006-03-17,227.62
2006-03-18,51.97
2006-03-19,113.0
2006-03-20,0.0
2006-03-21,118.75
2006-03-22,122.31
2006-03-23,405.65
2006-03-24,146.23
2006-03-25,170.75
2006-03-26,175.02
2006-03-27,60.11
2006-03-28,168.32
2006-03-29,127.94
2006-03-30,165.22
2006-03-31,121.96
2006-04-01,103.21
2006-04-02,0.0
2006-04-03,81.05
2006-04-04,246.16
2006-04-05,98.85
2006-04-06,24.52
2006-04-07,86.08
2006-04-08,0.0
2006-04-09,60.86
2006-04-10,171.74
2006-04-11,240.1
2006-04-12,121.78
2006-04-13,107.86
2006-04-14,150.03
2006-04-15,29.75
2006-04-16,0.0
2006-04-17,37.56
2006-04-18,88.88
2006-04-19,195.28
2006-04-20,234.65
2006-04-21,115.65
2006-04-22,0.0
2006-04-23,144.84
2006-04-24,57.19
2006-04-25,139.53
2006-04-26,73.46
2006-04-27,179.36
2006-04-28,257.16
2006-04-29,137.2
2006-04-30,156.44
2006-05-01,383.18
2006-05-02,319.97
2006-05-03,239.85
2006-05-04,195.76
2006-05-05,227.25
2006-05-06,0.0
2006-05-07,96.41
2006-05-08,303.24
2006-05-09,372.4
2006-05-10,213.83
2006-05-11,93.96
2006-05-12,66.42
2006-05-13,107.14
2006-05-14,95.0
2006-05-15,140.25
2006-05-16,371.24
2006-05-17,283.66
2006-05-18,278.19
2006-05-19,376.65
2006-05-20,116.97
2006-05-21,226.8
2006-05-22,260.95
2006-05-23,167.47
2006-05-24,122.05
2006-05-25,367.93
2006-05-26,351.45
2006-05-27,210.33
2006-05-28,153.47
2006-05-29,181.53
2006-05-30,284.01
2006-05-31,295.69
2006-06-01,357.69
2006-06-02,198.2
2006-06-03,286.33
2006-06-04,149.77
2006-06-05,170.34
2006-06-06,345.08
2006-06-07,578.79
2006-06-08,360.66
2006-06-09,258.78
2006-06-10,186.25
2006-06-11,152.43
2006-06-12,418.22
2006-06-13,374.47
2006-06-14,195.38
2006-06-15,49.46
2006-06-16,222.52
2006-06-17,62.97
2006-06-18,215.85
2006-06-19,149.68
2006-06-20,181.31
2006-06-21,270.45
2006-06-22,309.46
2006-06-23,283.44
2006-06-24,76.36
2006-06-25,140.0
2006-06-26,335.7
2006-06-27,270.06
2006-06-28,284.49
2006-06-29,286.57
2006-06-30,207.43
2006-07-01,29.55
2006-07-02,186.36
2006-07-03,206.54
2006-07-04,338.26
2006-07-05,233.74
2006-07-06,174.35
2006-07-07,225.05
2006-07-08,87.53
2006-07-09,221.21
2006-07-10,305.18
2006-07-11,238.03
2006-07-12,210.77
2006-07-13,219.14
2006-07-14,346.8
2006-07-15,139.18
2006-07-16,252.45
2006-07-17,350.65
2006-07-18,270.44
2006-07-19,204.77
2006-07-20,264.98
2006-07-21,262.68
2006-07-22,275.96
2006-07-23,63.41
2006-07-24,144.54
2006-07-25,317.95
2006-07-26,188.62
2006-07-27,142.57
2006-07-28,70.82
2006-07-29,49.95
2006-07-30,30.12
2006-07-31,55.58
2006-08-01,149.77
2006-08-02,198.23
2006-08-03,111.47
2006-08-04,175.06
2006-08-05,56.68
2006-08-06,154.91
2006-08-07,158.93
2006-08-08,166.37
2006-08-09,360.78
2006-08-10,293.07
2006-08-11,210.81
2006-08-12,268.8
2006-08-13,233.81
2006-08-14,237.44
2006-08-15,181.28
2006-08-16,167.36
2006-08-17,171.49
2006-08-18,105.25
2006-08-19,69.57
2006-08-20,52.83
2006-08-21,236.13
2006-08-22,84.16
2006-08-23,289.98
2006-08-24,269.59
2006-08-25,38.83
2006-08-26,185.88
2006-08-27,169.87
2006-08-28,174.2
2006-08-29,27.18
2006-08-30,169.02
2006-08-31,131.01
2006-09-01,85.19
2006-09-02,100.53
2006-09-03,153.12
2006-09-04,64.92
2006-09-05,42.01
2006-09-06,472.76
2006-09-07,242.8
2006-09-08,264.61
2006-09-09,134.26
2006-09-10,192.44
2006-09-11,509.18
2006-09-12,272.84
2006-09-13,142.87
2006-09-14,149.18
2006-09-15,181.41
2006-09-16,106.68
2006-09-17,88.57
2006-09-18,246.14
2006-09-19,287.92
2006-09-20,221.65
2006-09-21,142.04
2006-09-22,171.72
2006-09-23,19.46
2006-09-24,200.32
2006-09-25,304.59
2006-09-26,128.81
2006-09-27,230.54
2006-09-28,129.83
2006-09-29,155.98
2006-09-30,183.44
2006-10-01,252.04
2006-10-02,190.69
2006-10-03,73.63
2006-10-04,110.0
2006-10-05,454.92
2006-10-06,211.47
2006-10-07,49.48
2006-10-08,187.04
2006-10-09,265.19
2006-10-10,158.92
2006-10-11,251.27
2006-10-12,293.5
2006-10-13,147.93
2006-10-14,129.66
2006-10-15,123.64
2006-10-16,103.45
2006-10-17,131.62
2006-10-18,80.34
2006-10-19,51.68
2006-10-20,45.72
2006-10-21,50.35
2006-10-22,277.79
2006-10-23,200.85
2006-10-24,323.53
2006-10-25,77.23
2006-10-26,19.35
2006-10-27,162.72
2006-10-28,49.69
2006-10-29,163.71
2006-10-30,242.75
2006-10-31,416.57
2006-11-01,177.84
2006-11-02,146.62
2006-11-03,94.54
2006-11-04,49.3
2006-11-05,127.87
2006-11-06,186.78
2006-11-07,257.77
2006-11-08,229.17
2006-11-09,308.24
2006-11-10,147.09
2006-11-11,87.21
2006-11-12,62.49
2006-11-13,41.2
2006-11-14,172.43
2006-11-15,132.74
2006-11-16,236.03
2006-11-17,221.63
2006-11-18,53.04
2006-11-19,210.96
2006-11-20,214.77
2006-11-21,273.84
2006-11-22,187.55
2006-11-23,272.74
2006-11-24,158.09
2006-11-25,20.53
2006-11-26,86.04
2006-11-27,170.58
2006-11-28,215.65
2006-11-29,159.23
2006-11-30,173.23
2006-12-01,91.03
2006-12-02,109.04
2006-12-03,127.32
2006-12-04,73.72
2006-12-05,232.02
2006-12-06,285.69
2006-12-07,366.14
2006-12-08,171.97
2006-12-09,89.13
2006-12-10,216.5
2006-12-11,554.0
2006-12-12,461.49
2006-12-13,340.75
2006-12-14,304.17
2006-12-15,209.75
2006-12-16,163.41
2006-12-17,227.86
2006-12-18,54.0
2006-12-19,298.38
2006-12-20,270.34
2006-12-21,121.94
2006-12-22,53.65
2006-12-23,0.0
2006-12-24,38.0
2006-12-25,0.0
2006-12-26,66.18
2006-12-27,154.36
2006-12-28,160.68
2006-12-29,269.8
2006-12-30,128.81
2006-12-31,164.94
2007-01-01,66.31
2007-01-02,300.76
2007-01-03,391.47
2007-01-04,292.95
2007-01-05,121.84
2007-01-06,28.64
2007-01-07,98.26
2007-01-08,79.74
2007-01-09,110.52
2007-01-10,303.77
2007-01-11,129.74
2007-01-12,215.97
2007-01-13,24.37
2007-01-14,36.96
2007-01-15,290.09
2007-01-16,130.52
2007-01-17,191.31
2007-01-18,63.31
2007-01-19,66.08
2007-01-20,105.27
2007-01-21,217.47
2007-01-22,262.19
2007-01-23,279.56
2007-01-24,257.84
2007-01-25,144.67
2007-01-26,119.81
2007-01-27,57.55
2007-01-28,228.18
2007-01-29,147.59
2007-01-30,382.24
2007-01-31,233.41
2007-02-01,146.42
2007-02-02,163.39
2007-02-03,124.39
2007-02-04,68.19
2007-02-05,146.6
2007-02-06,166.56
2007-02-07,120.26
2007-02-08,157.21
2007-02-09,386.82
2007-02-10,46.83
2007-02-11,174.21
2007-02-12,231.63
2007-02-13,140.19
2007-02-14,346.89
2007-02-15,416.57
2007-02-16,153.74
2007-02-17,72.71
2007-02-18,141.3
2007-02-19,95.01
2007-02-20,157.24
2007-02-21,107.66
2007-02-22,209.67
2007-02-23,177.4
2007-02-24,109.27
2007-02-25,240.69
2007-02-26,114.72
2007-02-27,137.97
2007-02-28,442.71
2007-03-01,436.0
2007-03-02,182.12
2007-03-03,75.8
2007-03-04,76.29
2007-03-05,377.02
2007-03-06,313.94
2007-03-07,55.03
2007-03-08,168.58
2007-03-09,370.28
2007-03-10,78.23
2007-03-11,186.96
2007-03-12,118.36
2007-03-13,298.41
2007-03-14,131.98
2007-03-15,174.2
2007-03-16,115.02
2007-03-17,171.36
2007-03-18,137.66
2007-03-19,135.58
2007-03-20,247.55
2007-03-21,339.34
2007-03-22,354.2
2007-03-23,223.9
2007-03-24,218.0
2007-03-25,248.53
2007-03-26,200.11
2007-03-27,251.41
2007-03-28,268.33
2007-03-29,262.62
2007-03-30,236.0
2007-03-31,215.63
2007-04-01,172.31
2007-04-02,283.05
2007-04-03,356.43
2007-04-04,330.85
2007-04-05,161.04
2007-04-06,154.58
2007-04-07,51.56
2007-04-08,205.44
2007-04-09,92.86
2007-04-10,144.18
2007-04-11,209.21
2007-04-12,137.06
2007-04-13,165.5
2007-04-14,134.21
2007-04-15,157.82
2007-04-16,198.72
2007-04-17,166.98
2007-04-18,202.9
2007-04-19,120.4
2007-04-20,153.0
2007-04-21,70.43
2007-04-22,174.89
2007-04-23,46.8
2007-04-24,232.06
2007-04-25,87.57
2007-04-26,219.65
2007-04-27,252.05
2007-04-28,51.49
2007-04-29,227.45
2007-04-30,155.26
2007-05-01,201.78
2007-05-02,102.69
2007-05-03,195.95
2007-05-04,122.34
2007-05-05,85.8
2007-05-06,93.07
2007-05-07,294.64
2007-05-08,411.2
2007-05-09,246.83
2007-05-10,309.06
2007-05-11,258.28
2007-05-12,47.3
2007-05-13,263.89
2007-05-14,215.77
2007-05-15,43.83
2007-05-16,239.21
2007-05-17,346.49
2007-05-18,144.35
2007-05-19,132.95
2007-05-20,137.2
2007-05-21,125.15
2007-05-22,224.98
2007-05-23,171.12
2007-05-24,211.29
2007-05-25,23.0
2007-05-26,85.41
2007-05-27,269.07
2007-05-28,224.99
2007-05-29,146.39
2007-05-30,182.76
2007-05-31,123.56
2007-06-01,76.66
2007-06-02,50.72
2007-06-03,33.07
2007-06-04,315.71
2007-06-05,248.52
2007-06-06,172.35
2007-06-07,139.5
2007-06-08,146.54
2007-06-09,78.89
2007-06-10,123.42
2007-06-11,208.86
2007-06-12,216.16
2007-06-13,134.87
2007-06-14,101.7
2007-06-15,143.67
2007-06-16,54.85
2007-06-17,185.24
2007-06-18,274.29
2007-06-19,46.25
2007-06-20,111.11
2007-06-21,225.32
2007-06-22,100.2
2007-06-23,150.42
2007-06-24,122.07
2007-06-25,101.59
2007-06-26,93.38
2007-06-27,222.96
2007-06-28,214.99
2007-06-29,119.92
2007-06-30,77.7
2007-07-01,89.6
2007-07-02,81.84
2007-07-03,121.36
2007-07-04,195.75
2007-07-05,247.25
2007-07-06,157.05
2007-07-07,158.8
2007-07-08,118.14
2007-07-09,23.99
2007-07-10,219.59
2007-07-11,180.36
2007-07-12,83.53
2007-07-13,259.15
2007-07-14,206.58
2007-07-15,32.69
2007-07-16,55.66
2007-07-17,73.42
2007-07-18,288.47
2007-07-19,64.47
2007-07-20,125.52
2007-07-21,0.0
2007-07-22,73.58
2007-07-23,110.56
2007-07-24,126.94
2007-07-25,90.7
2007-07-26,188.23
2007-07-27,224.24
2007-07-28,232.41
2007-07-29,146.55
2007-07-30,199.62
2007-07-31,132.0
2007-08-01,235.34
2007-08-02,188.46
2007-08-03,99.26
2007-08-04,23.43
2007-08-05,260.51
2007-08-06,234.3
2007-08-07,319.63
2007-08-08,234.49
2007-08-09,293.35
2007-08-10,159.64
2007-08-11,184.71
2007-08-12,131.91
2007-08-13,201.28
2007-08-14,331.8
2007-08-15,61.28
2007-08-16,316.28
2007-08-17,258.14
2007-08-18,295.46
2007-08-19,359.66
2007-08-20,211.38
2007-08-21,165.97
2007-08-22,227.22
2007-08-23,72.97
2007-08-24,139.43
2007-08-25,51.0
2007-08-26,218.93
2007-08-27,58.73
2007-08-28,286.57
2007-08-29,201.22
2007-08-30,133.69
2007-08-31,368.82
2007-09-01,269.39
2007-09-02,159.16
2007-09-03,181.77
2007-09-04,338.97
2007-09-05,377.97
2007-09-06,357.98
2007-09-07,445.96
2007-09-08,230.72
2007-09-09,191.49
2007-09-10,239.06
2007-09-11,275.51
2007-09-12,338.27
2007-09-13,355.42
2007-09-14,333.23
2007-09-15,190.66
2007-09-16,648.98
2007-09-17,309.23
2007-09-18,681.03
2007-09-19,662.85
2007-09-20,607.23
2007-09-21,369.74
2007-09-22,140.49
2007-09-23,248.24
2007-09-24,231.17
2007-09-25,285.7
2007-09-26,265.89
2007-09-27,467.34
2007-09-28,577.79
2007-09-29,308.74
2007-09-30,91.86
2007-10-01,273.07
2007-10-02,494.35
2007-10-03,291.87
2007-10-04,466.95
2007-10-05,636.45
2007-10-06,344.94
2007-10-07,386.77
2007-10-08,252.87
2007-10-09,412.19
2007-10-10,603.2
2007-10-11,332.32
2007-10-12,266.63
2007-10-13,189.89
2007-10-14,230.78
2007-10-15,164.63
2007-10-16,130.45
2007-10-17,480.02
2007-10-18,451.42
2007-10-19,139.1
2007-10-20,248.9
2007-10-21,193.75
2007-10-22,184.94
2007-10-23,348.53
2007-10-24,249.83
2007-10-25,179.26
2007-10-26,90.52
2007-10-27,46.31
2007-10-28,168.39
2007-10-29,321.95
2007-10-30,310.7
2007-10-31,419.76
2007-11-01,488.56
2007-11-02,447.16
2007-11-03,253.22
2007-11-04,368.58
2007-11-05,436.48
2007-11-06,652.42
2007-11-07,456.5
2007-11-08,450.52
2007-11-09,458.08
2007-11-10,185.29
2007-11-11,256.47
2007-11-12,499.24
2007-11-13,465.29
2007-11-14,432.45
2007-11-15,594.48
2007-11-16,241.6
2007-11-17,202.04
2007-11-18,403.12
2007-11-19,344.46
2007-11-20,237.16
2007-11-21,396.35
2007-11-22,318.92
2007-11-23,296.7
2007-11-24,150.68
2007-11-25,387.6
2007-11-26,583.63
2007-11-27,589.78
2007-11-28,550.88
2007-11-29,730.78
2007-11-30,670.12
2007-12-01,376.92
2007-12-02,291.74
2007-12-03,390.75
2007-12-04,451.47
2007-12-05,726.19
2007-12-06,415.89
2007-12-07,341.63
2007-12-08,304.72
2007-12-09,296.08
2007-12-10,187.42
2007-12-11,331.46
2007-12-12,440.96
2007-12-13,455.32
2007-12-14,698.94
2007-12-15,213.93
2007-12-16,418.37
2007-12-17,418.87
2007-12-18,696.71
2007-12-19,400.76
2007-12-20,593.31
2007-12-21,222.24
2007-12-22,147.0
2007-12-23,125.43
2007-12-24,265.77
2007-12-25,0.0
2007-12-26,349.85
2007-12-27,252.6
2007-12-28,337.57
2007-12-29,371.27
2007-12-30,400.15
2007-12-31,367.51
2008-01-01,614.43
2008-01-02,465.57
2008-01-03,414.8
2008-01-04,217.08
2008-01-05,284.1
2008-01-06,333.69
2008-01-07,608.76
2008-01-08,289.31
2008-01-09,709.46
2008-01-10,420.78
2008-01-11,405.82
2008-01-12,244.16
2008-01-13,307.59
2008-01-14,453.29
2008-01-15,315.17
2008-01-16,329.39
2008-01-17,266.64
2008-01-18,394.15
2008-01-19,153.63
2008-01-20,398.72
2008-01-21,303.5
2008-01-22,488.74
2008-01-23,595.56
2008-01-24,295.06
2008-01-25,362.85
2008-01-26,200.67
2008-01-27,421.81
2008-01-28,574.3
2008-01-29,817.07
2008-01-30,473.23
2008-01-31,531.63
2008-02-01,381.8
2008-02-02,361.4
2008-02-03,137.29
2008-02-04,198.32
2008-02-05,405.46
2008-02-06,281.55
2008-02-07,637.48
2008-02-08,672.74
2008-02-09,230.88
2008-02-10,289.4
2008-02-11,364.53
2008-02-12,440.27
2008-02-13,372.36
2008-02-14,507.85
2008-02-15,373.49
2008-02-16,152.22
2008-02-17,374.21
2008-02-18,639.79
2008-02-19,300.94
2008-02-20,573.2
2008-02-21,234.02
2008-02-22,227.12
2008-02-23,305.98
2008-02-24,165.34
2008-02-25,320.78
2008-02-26,266.85
2008-02-27,707.4
2008-02-28,387.09
2008-02-29,560.2
2008-03-01,386.71
2008-03-02,203.35
2008-03-03,661.52
2008-03-04,483.02
2008-03-05,543.42
2008-03-06,652.52
2008-03-07,393.69
2008-03-08,563.12
2008-03-09,569.64
2008-03-10,283.53
2008-03-11,720.7
2008-03-12,1070.17
2008-03-13,1100.74
2008-03-14,493.57
2008-03-15,242.99
2008-03-16,496.31
2008-03-17,400.4
2008-03-18,767.25
2008-03-19,624.2
2008-03-20,547.51
2008-03-21,179.74
2008-03-22,347.37
2008-03-23,353.68
2008-03-24,234.43
2008-03-25,447.82
2008-03-26,371.61
2008-03-27,451.8
2008-03-28,383.18
2008-03-29,198.56
2008-03-30,221.97
2008-03-31,275.87
2008-04-01,383.16
2008-04-02,471.87
2008-04-03,234.99
2008-04-04,280.8
2008-04-05,263.89
2008-04-06,120.52
2008-04-07,293.51
2008-04-08,299.48
2008-04-09,243.39
2008-04-10,225.73
2008-04-11,396.07
2008-04-12,152.19
2008-04-13,369.42
2008-04-14,584.87
2008-04-15,477.73
2008-04-16,488.73
2008-04-17,201.52
2008-04-18,492.21
2008-04-19,222.74
2008-04-20,327.98
2008-04-21,308.2
2008-04-22,252.7
2008-04-23,418.34
2008-04-24,203.6
2008-04-25,279.54
2008-04-26,240.45
2008-04-27,165.58
2008-04-28,356.8
2008-04-29,489.66
2008-04-30,293.94
2008-05-01,477.97
2008-05-02,269.94
2008-05-03,354.93
2008-05-04,316.01
2008-05-05,470.65
2008-05-06,259.29
2008-05-07,383.24
2008-05-08,335.37
2008-05-09,215.62
2008-05-10,118.2
2008-05-11,193.42
2008-05-12,232.6
2008-05-13,546.26
2008-05-14,505.31
2008-05-15,308.74
2008-05-16,185.69
2008-05-17,277.74
2008-05-18,330.46
2008-05-19,293.29
2008-05-20,258.21
2008-05-21,671.8
2008-05-22,448.69
2008-05-23,176.37
2008-05-24,119.68
2008-05-25,171.23
2008-05-26,252.99
2008-05-27,216.17
2008-05-28,254.82
2008-05-29,399.2
2008-05-30,306.35
2008-05-31,374.48
2008-06-01,426.15
2008-06-02,366.33
2008-06-03,372.57
2008-06-04,374.03
2008-06-05,176.75
2008-06-06,223.2
2008-06-07,166.75
2008-06-08,313.34
2008-06-09,248.06
2008-06-10,357.34
2008-06-11,198.86
2008-06-12,316.91
2008-06-13,248.74
2008-06-14,386.14
2008-06-15,352.84
2008-06-16,310.66
2008-06-17,791.07
2008-06-18,803.92
2008-06-19,149.89
2008-06-20,181.72
2008-06-21,234.8
2008-06-22,291.26
2008-06-23,285.77
2008-06-24,304.18
2008-06-25,417.94
2008-06-26,305.71
2008-06-27,197.24
2008-06-28,108.19
2008-06-29,238.56
2008-06-30,388.47
2008-07-01,448.85
2008-07-02,231.05
2008-07-03,327.79
2008-07-04,321.17
2008-07-05,231.35
2008-07-06,190.79
2008-07-07,618.4
2008-07-08,207.57
2008-07-09,127.07
2008-07-10,217.17
2008-07-11,336.25
2008-07-12,400.41
2008-07-13,490.14
2008-07-14,340.16
2008-07-15,378.17
2008-07-16,293.45
2008-07-17,180.31
2008-07-18,292.89
2008-07-19,182.12
2008-07-20,495.56
2008-07-21,319.21
2008-07-22,309.95
2008-07-23,160.16
2008-07-24,280.98
2008-07-25,245.57
2008-07-26,253.52
2008-07-27,175.52
2008-07-28,334.13
2008-07-29,380.97
2008-07-30,299.71
2008-07-31,343.39
2008-08-01,329.37
2008-08-02,226.04
2008-08-03,348.79
2008-08-04,246.62
2008-08-05,567.05
2008-08-06,383.04
2008-08-07,279.0
2008-08-08,273.82
2008-08-09,240.99
2008-08-10,215.14
2008-08-11,313.15
2008-08-12,225.21
2008-08-13,222.01
2008-08-14,182.08
2008-08-15,180.69
2008-08-16,290.87
2008-08-17,305.48
2008-08-18,260.1
2008-08-19,204.31
2008-08-20,369.74
2008-08-21,509.05
2008-08-22,309.89
2008-08-23,589.45
2008-08-24,188.54
2008-08-25,346.83
2008-08-26,365.37
2008-08-27,408.37
2008-08-28,217.82
2008-08-29,334.55
2008-08-30,225.61
2008-08-31,338.18
2008-09-01,339.33
2008-09-02,430.27
2008-09-03,588.23
2008-09-04,280.16
2008-09-05,184.9
2008-09-06,221.58
2008-09-07,494.26
2008-09-08,400.69
2008-09-09,343.2
2008-09-10,210.58
2008-09-11,295.73
2008-09-12,275.9
2008-09-13,308.93
2008-09-14,140.76
2008-09-15,424.67
2008-09-16,445.65
2008-09-17,564.0
2008-09-18,461.14
2008-09-19,877.61
2008-09-20,644.63
2008-09-21,699.31
2008-09-22,745.8
2008-09-23,691.88
2008-09-24,533.18
2008-09-25,466.83
2008-09-26,476.52
2008-09-27,558.46
2008-09-28,711.01
2008-09-29,386.31
2008-09-30,719.41
2008-10-01,638.8
2008-10-02,561.64
2008-10-03,715.97
2008-10-04,382.97
2008-10-05,472.91
2008-10-06,390.8
2008-10-07,624.63
2008-10-08,715.89
2008-10-09,696.59
2008-10-10,662.96
2008-10-11,568.02
2008-10-12,585.85
2008-10-13,819.14
2008-10-14,741.9
2008-10-15,630.23
2008-10-16,390.62
2008-10-17,433.97
2008-10-18,321.8
2008-10-19,529.38
2008-10-20,391.91
2008-10-21,471.65
2008-10-22,499.49
2008-10-23,443.0
2008-10-24,345.51
2008-10-25,263.02
2008-10-26,407.09
2008-10-27,540.55
2008-10-28,529.74
2008-10-29,433.31
2008-10-30,391.95
2008-10-31,388.77
2008-11-01,412.32
2008-11-02,317.69
2008-11-03,367.92
2008-11-04,446.83
2008-11-05,527.79
2008-11-06,365.56
2008-11-07,435.76
2008-11-08,331.23
2008-11-09,228.98
2008-11-10,287.69
2008-11-11,454.58
2008-11-12,383.92
2008-11-13,353.87
2008-11-14,500.65
2008-11-15,289.18
2008-11-16,505.11
2008-11-17,424.28
2008-11-18,431.9
2008-11-19,425.03
2008-11-20,445.13
2008-11-21,422.85
2008-11-22,266.78
2008-11-23,313.0
2008-11-24,814.15
2008-11-25,907.97
2008-11-26,399.2
2008-11-27,335.19
2008-11-28,436.91
2008-11-29,161.26
2008-11-30,232.13
2008-12-01,575.53
2008-12-02,305.68
2008-12-03,523.71
2008-12-04,378.75
2008-12-05,473.25
2008-12-06,353.49
2008-12-07,236.62
2008-12-08,477.35
2008-12-09,438.73
2008-12-10,353.36
2008-12-11,358.11
2008-12-12,374.06
2008-12-13,237.67
2008-12-14,303.43
2008-12-15,449.68
2008-12-16,455.79
2008-12-17,466.68
2008-12-18,345.73
2008-12-19,277.89
2008-12-20,384.18
2008-12-21,148.68
2008-12-22,199.45
2008-12-23,252.28
2008-12-24,449.7
2008-12-25,0.0
2008-12-26,109.15
2008-12-27,275.77
2008-12-28,335.92
2008-12-29,228.69
2008-12-30,211.65
2008-12-31,387.56
2009-01-01,611.4
2009-01-02,456.91
2009-01-03,191.94
2009-01-04,346.65
2009-01-05,521.44
2009-01-06,436.19
2009-01-07,470.52
2009-01-08,277.67
2009-01-09,215.24
2009-01-10,215.86
2009-01-11,244.73
2009-01-12,249.74
2009-01-13,358.22
2009-01-14,397.36
2009-01-15,368.42
2009-01-16,376.03
2009-01-17,157.01
2009-01-18,137.65
2009-01-19,454.9
2009-01-20,470.58
2009-01-21,588.84
2009-01-22,428.89
2009-01-23,189.59
2009-01-24,226.86
2009-01-25,463.1
2009-01-26,469.5
2009-01-27,366.71
2009-01-28,479.7
2009-01-29,410.17
2009-01-30,253.34
2009-01-31,76.97
2009-02-01,310.71
2009-02-02,307.91
2009-02-03,305.83
2009-02-04,473.12
2009-02-05,409.68
2009-02-06,327.59
2009-02-07,140.12
2009-02-08,364.12
2009-02-09,403.58
2009-02-10,532.23
2009-02-11,329.7
2009-02-12,491.34
2009-02-13,569.6
2009-02-14,257.35
2009-02-15,188.1
2009-02-16,486.93
2009-02-17,408.41
2009-02-18,326.16
2009-02-19,387.03
2009-02-20,314.32
2009-02-21,172.33
2009-02-22,247.52
2009-02-23,481.73
2009-02-24,437.2
2009-02-25,405.94
2009-02-26,368.3
2009-02-27,514.31
2009-02-28,171.04
2009-03-01,247.81
2009-03-02,374.68
2009-03-03,284.82
2009-03-04,216.01
2009-03-05,457.99
2009-03-06,622.5
2009-03-07,191.77
2009-03-08,372.24
2009-03-09,320.03
2009-03-10,458.53
2009-03-11,315.81
2009-03-12,241.41
2009-03-13,216.65
2009-03-14,256.82
2009-03-15,308.75
2009-03-16,154.98
2009-03-17,350.94
2009-03-18,318.95
2009-03-19,494.86
2009-03-20,538.91
2009-03-21,415.82
2009-03-22,274.51
2009-03-23,279.59
2009-03-24,464.65
2009-03-25,357.43
2009-03-26,520.84
2009-03-27,198.82
2009-03-28,265.86
2009-03-29,283.29
2009-03-30,357.71
2009-03-31,382.21
2009-04-01,332.38
2009-04-02,228.24
2009-04-03,181.95
2009-04-04,126.99
2009-04-05,387.63
2009-04-06,324.96
2009-04-07,168.19
2009-04-08,305.65
2009-04-09,269.68
2009-04-10,155.49
2009-04-11,138.89
2009-04-12,186.13
2009-04-13,136.32
2009-04-14,307.67
2009-04-15,256.58
2009-04-16,179.28
2009-04-17,215.87
2009-04-18,281.97
2009-04-19,290.75
2009-04-20,373.62
2009-04-21,287.12
2009-04-22,249.08
2009-04-23,593.39
2009-04-24,413.84
2009-04-25,229.75
2009-04-26,267.32
2009-04-27,181.98
2009-04-28,245.59
2009-04-29,306.09
2009-04-30,152.33
2009-05-01,216.89
2009-05-02,244.53
2009-05-03,167.59
2009-05-04,294.33
2009-05-05,370.63
2009-05-06,390.3
2009-05-07,498.58
2009-05-08,525.55
2009-05-09,226.52
2009-05-10,262.68
2009-05-11,208.23
2009-05-12,276.36
2009-05-13,279.3
2009-05-14,495.76
2009-05-15,192.18
2009-05-16,127.01
2009-05-17,291.54
2009-05-18,489.42
2009-05-19,216.73
2009-05-20,409.28
2009-05-21,458.85
2009-05-22,422.82
2009-05-23,392.26
2009-05-24,425.99
2009-05-25,228.25
2009-05-26,486.95
2009-05-27,95.44
2009-05-28,157.81
2009-05-29,104.87
2009-05-30,40.5
2009-05-31,154.53
2009-06-01,318.62
2009-06-02,272.77
2009-06-03,364.96
2009-06-04,111.94
2009-06-05,347.04
2009-06-06,101.93
2009-06-07,351.9
2009-06-08,525.12
2009-06-09,789.07
2009-06-10,326.79
2009-06-11,273.11
2009-06-12,293.24
2009-06-13,390.99
2009-06-14,397.19
2009-06-15,263.72
2009-06-16,355.46
2009-06-17,389.02
2009-06-18,373.96
2009-06-19,222.75
2009-06-20,174.13
2009-06-21,89.99
2009-06-22,238.04
2009-06-23,275.47
2009-06-24,320.66
2009-06-25,479.9
2009-06-26,184.13
2009-06-27,208.35
2009-06-28,491.94
2009-06-29,292.17
2009-06-30,755.84
2009-07-01,534.63
2009-07-02,336.89
2009-07-03,261.77
2009-07-04,197.38
2009-07-05,379.09
2009-07-06,221.49
2009-07-07,454.43
2009-07-08,372.13
2009-07-09,228.27
2009-07-10,84.97
2009-07-11,121.65
2009-07-12,451.75
2009-07-13,262.04
2009-07-14,482.13
2009-07-15,300.59
2009-07-16,202.14
2009-07-17,290.49
2009-07-18,101.35
2009-07-19,213.2
2009-07-20,332.3
2009-07-21,580.95
2009-07-22,334.0
2009-07-23,313.86
2009-07-24,279.82
2009-07-25,171.84
2009-07-26,365.37
2009-07-27,248.04
2009-07-28,377.01
2009-07-29,247.63
2009-07-30,179.66
2009-07-31,471.22
2009-08-01,118.38
2009-08-02,155.02
2009-08-03,413.02
2009-08-04,366.68
2009-08-05,449.6
2009-08-06,343.12
2009-08-07,385.99
2009-08-08,295.98
2009-08-09,224.66
2009-08-10,210.58
2009-08-11,246.54
2009-08-12,208.36
2009-08-13,481.6
2009-08-14,215.59
2009-08-15,19.14
2009-08-16,414.42
2009-08-17,169.65
2009-08-18,268.51
2009-08-19,206.09
2009-08-20,344.58
2009-08-21,226.31
2009-08-22,194.29
2009-08-23,159.37
2009-08-24,245.3
2009-08-25,361.17
2009-08-26,346.57
2009-08-27,43.34
2009-08-28,286.94
2009-08-29,166.06
2009-08-30,238.04
2009-08-31,310.88
2009-09-01,363.82
2009-09-02,254.22
2009-09-03,203.11
2009-09-04,234.14
2009-09-05,116.41
2009-09-06,171.97
2009-09-07,215.7
2009-09-08,182.95
2009-09-09,267.81
2009-09-10,415.16
2009-09-11,304.31
2009-09-12,111.29
2009-09-13,177.96
2009-09-14,290.7
2009-09-15,350.27
2009-09-16,460.6
2009-09-17,177.44
2009-09-18,261.84
2009-09-19,148.01
2009-09-20,296.07
2009-09-21,368.63
2009-09-22,383.19
2009-09-23,328.39
2009-09-24,294.7
2009-09-25,475.06
2009-09-26,377.77
2009-09-27,86.1
2009-09-28,169.76
2009-09-29,458.59
2009-09-30,182.91
2009-10-01,318.35
2009-10-02,112.54
2009-10-03,134.73
2009-10-04,414.86
2009-10-05,302.26
2009-10-06,488.37
2009-10-07,225.88
2009-10-08,350.39
2009-10-09,292.79
2009-10-10,123.18
2009-10-11,307.65
2009-10-12,254.14
2009-10-13,382.19
2009-10-14,273.23
2009-10-15,288.62
2009-10-16,323.42
2009-10-17,203.59
2009-10-18,173.96
2009-10-19,297.96
2009-10-20,382.69
2009-10-21,190.58
2009-10-22,252.68
2009-10-23,504.36
2009-10-24,266.62
2009-10-25,122.41
2009-10-26,191.1
2009-10-27,184.09
2009-10-28,359.62
2009-10-29,253.7
2009-10-30,219.7
2009-10-31,283.97
2009-11-01,159.1
2009-11-02,254.27
2009-11-03,382.69
2009-11-04,388.91
2009-11-05,374.44
2009-11-06,250.3
2009-11-07,147.38
2009-11-08,203.7
2009-11-09,252.73
2009-11-10,281.14
2009-11-11,194.71
2009-11-12,333.78
2009-11-13,215.75
2009-11-14,184.82
2009-11-15,273.64
2009-11-16,114.58
2009-11-17,287.69
2009-11-18,257.29
2009-11-19,211.77
2009-11-20,238.31
2009-11-21,230.09
2009-11-22,174.97
2009-11-23,368.26
2009-11-24,413.45
2009-11-25,276.33
2009-11-26,388.56
2009-11-27,390.58
2009-11-28,193.99
2009-11-29,237.38
2009-11-30,251.81
2009-12-01,345.02
2009-12-02,376.4
2009-12-03,221.29
2009-12-04,154.0
2009-12-05,186.4
2009-12-06,546.4
2009-12-07,509.65
2009-12-08,653.49
2009-12-09,623.92
2009-12-10,528.55
2009-12-11,322.1
2009-12-12,233.88
2009-12-13,307.78
2009-12-14,320.46
2009-12-15,361.1
2009-12-16,267.25
2009-12-17,361.16
2009-12-18,212.32
2009-12-19,234.98
2009-12-20,156.87
2009-12-21,208.61
2009-12-22,333.78
2009-12-23,241.97
2009-12-24,180.86
2009-12-25,0.0
2009-12-26,35.29
2009-12-27,502.79
2009-12-28,399.14
2009-12-29,183.32
2009-12-30,423.28
2009-12-31,214.65
2010-01-01,253.22
2010-01-02,293.29
2010-01-03,512.72
2010-01-04,695.55
2010-01-05,522.69
2010-01-06,329.54
2010-01-07,424.46
2010-01-08,510.13
2010-01-09,265.06
2010-01-10,278.15
2010-01-11,306.9
2010-01-12,238.38
2010-01-13,318.95
2010-01-14,339.43
2010-01-15,318.34
2010-01-16,268.85
2010-01-17,344.88
2010-01-18,530.0
2010-01-19,455.65
2010-01-20,467.39
2010-01-21,438.85
2010-01-22,500.68
2010-01-23,242.71
2010-01-24,470.12
2010-01-25,356.98
2010-01-26,848.6
2010-01-27,750.83
2010-01-28,479.71
2010-01-29,245.56
2010-01-30,182.73
2010-01-31,371.61
2010-02-01,417.26
2010-02-02,512.37
2010-02-03,335.37
2010-02-04,376.88
2010-02-05,334.39
2010-02-06,194.23
2010-02-07,532.44
2010-02-08,511.58
2010-02-09,536.11
2010-02-10,465.98
2010-02-11,382.8
2010-02-12,265.61
2010-02-13,162.57
2010-02-14,504.7
2010-02-15,162.12
2010-02-16,358.19
2010-02-17,610.49
2010-02-18,579.67
2010-02-19,176.81
2010-02-20,236.74
2010-02-21,437.67
2010-02-22,264.1
2010-02-23,412.37
2010-02-24,610.1
2010-02-25,626.56
2010-02-26,367.95
2010-02-27,486.8
2010-02-28,562.72
2010-03-01,545.15
2010-03-02,721.32
2010-03-03,451.16
2010-03-04,338.9
2010-03-05,336.58
2010-03-06,312.34
2010-03-07,328.65
2010-03-08,477.21
2010-03-09,409.35
2010-03-10,299.31
2010-03-11,303.02
2010-03-12,296.15
2010-03-13,249.49
2010-03-14,262.07
2010-03-15,518.35
2010-03-16,643.79
2010-03-17,324.67
2010-03-18,349.61
2010-03-19,304.42
2010-03-20,207.88
2010-03-21,298.54
2010-03-22,237.47
2010-03-23,489.14
2010-03-24,274.98
2010-03-25,676.2
2010-03-26,426.27
2010-03-27,203.99
2010-03-28,393.44
2010-03-29,375.78
2010-03-30,303.55
2010-03-31,329.13
2010-04-01,299.88
2010-04-02,286.25
2010-04-03,192.54
2010-04-04,158.31
2010-04-05,162.96
2010-04-06,394.56
2010-04-07,620.88
2010-04-08,390.85
2010-04-09,361.67
2010-04-10,130.37
2010-04-11,254.92
2010-04-12,269.68
2010-04-13,530.26
2010-04-14,288.32
2010-04-15,278.4
2010-04-16,374.31
2010-04-17,225.38
2010-04-18,532.64
2010-04-19,310.91
2010-04-20,873.12
2010-04-21,623.84
2010-04-22,396.16
2010-04-23,436.38
2010-04-24,357.05
2010-04-25,439.75
2010-04-26,277.83
2010-04-27,354.33
2010-04-28,616.82
2010-04-29,371.62
2010-04-30,636.73
2010-05-01,335.98
2010-05-02,911.11
2010-05-03,424.28
2010-05-04,388.76
2010-05-05,567.41
2010-05-06,381.36
2010-05-07,511.36
2010-05-08,1149.13
2010-05-09,1172.9
2010-05-10,1236.11
2010-05-11,1171.35
2010-05-12,838.0
2010-05-13,574.24
2010-05-14,368.36
2010-05-15,359.97
2010-05-16,674.65
2010-05-17,260.21
2010-05-18,407.19
2010-05-19,579.46
2010-05-20,514.23
2010-05-21,442.1
2010-05-22,366.19
2010-05-23,468.92
2010-05-24,340.73
2010-05-25,561.93
2010-05-26,454.17
2010-05-27,520.13
2010-05-28,237.79
2010-05-29,263.73
2010-05-30,208.38
2010-05-31,309.45
2010-06-01,535.58
2010-06-02,355.33
2010-06-03,400.94
2010-06-04,506.87
2010-06-05,302.46
2010-06-06,292.85
2010-06-07,292.61
2010-06-08,453.98
2010-06-09,318.58
2010-06-10,406.29
2010-06-11,317.51
2010-06-12,176.6
2010-06-13,525.83
2010-06-14,486.39
2010-06-15,780.7
2010-06-16,396.92
2010-06-17,554.15
2010-06-18,318.04
2010-06-19,231.73
2010-06-20,269.74
2010-06-21,416.68
2010-06-22,337.68
2010-06-23,545.71
2010-06-24,489.58
2010-06-25,408.54
2010-06-26,253.68
2010-06-27,322.35
2010-06-28,686.86
2010-06-29,664.11
2010-06-30,316.77
2010-07-01,445.07
2010-07-02,479.77
2010-07-03,285.28
2010-07-04,217.36
2010-07-05,475.16
2010-07-06,513.17
2010-07-07,431.64
2010-07-08,341.32
2010-07-09,316.27
2010-07-10,444.47
2010-07-11,495.86
2010-07-12,489.73
2010-07-13,572.05
2010-07-14,393.3
2010-07-15,367.0
2010-07-16,371.89
2010-07-17,347.55
2010-07-18,228.08
2010-07-19,222.31
2010-07-20,437.88
2010-07-21,515.54
2010-07-22,640.27
2010-07-23,501.15
2010-07-24,363.68
2010-07-25,476.91
2010-07-26,424.59
2010-07-27,721.22
2010-07-28,443.7
2010-07-29,1026.22
2010-07-30,552.89
2010-07-31,326.16
2010-08-01,402.14
2010-08-02,506.49
2010-08-03,631.29
2010-08-04,575.73
2010-08-05,561.6
2010-08-06,625.35
2010-08-07,291.69
2010-08-08,272.67
2010-08-09,629.51
2010-08-10,528.63
2010-08-11,958.86
2010-08-12,602.87
2010-08-13,294.98
2010-08-14,217.25
2010-08-15,343.46
2010-08-16,397.71
2010-08-17,390.2
2010-08-18,502.33
2010-08-19,438.75
2010-08-20,374.53
2010-08-21,431.32
2010-08-22,265.14
2010-08-23,469.8
2010-08-24,425.56
2010-08-25,608.31
2010-08-26,366.68
2010-08-27,682.73
2010-08-28,526.42
2010-08-29,405.09
2010-08-30,481.88
2010-08-31,338.2
2010-09-01,252.69
2010-09-02,248.64
2010-09-03,587.38
2010-09-04,188.9
2010-09-05,248.57
2010-09-06,305.87
2010-09-07,499.9
2010-09-08,426.73
2010-09-09,421.24
2010-09-10,669.07
2010-09-11,243.37
2010-09-12,348.66
2010-09-13,677.94
2010-09-14,460.79
2010-09-15,369.45
2010-09-16,548.97
2010-09-17,339.32
2010-09-18,195.41
2010-09-19,188.75
2010-09-20,273.94
2010-09-21,623.29
2010-09-22,511.74
2010-09-23,257.43
2010-09-24,375.72
2010-09-25,187.88
2010-09-26,284.74
2010-09-27,271.33
2010-09-28,497.42
2010-09-29,569.54
2010-09-30,439.45
2010-10-01,338.49
2010-10-02,195.44
2010-10-03,467.7
2010-10-04,332.36
2010-10-05,278.49
2010-10-06,472.8
2010-10-07,391.41
2010-10-08,584.89
2010-10-09,167.92
2010-10-10,431.13
2010-10-11,548.46
2010-10-12,341.63
2010-10-13,278.46
2010-10-14,398.19
2010-10-15,271.94
2010-10-16,262.82
2010-10-17,466.89
2010-10-18,619.24
2010-10-19,710.25
2010-10-20,619.6
2010-10-21,797.58
2010-10-22,603.36
2010-10-23,159.2
2010-10-24,322.51
2010-10-25,417.63
2010-10-26,647.07
2010-10-27,752.88
2010-10-28,387.24
2010-10-29,469.42
2010-10-30,443.48
2010-10-31,234.09
2010-11-01,326.2
2010-11-02,321.26
2010-11-03,410.84
2010-11-04,374.92
2010-11-05,376.24
2010-11-06,200.5
2010-11-07,141.71
2010-11-08,272.03
2010-11-09,680.82
2010-11-10,438.39
2010-11-11,511.52
2010-11-12,415.89
2010-11-13,190.06
2010-11-14,393.36
2010-11-15,278.86
2010-11-16,663.51
2010-11-17,568.33
2010-11-18,464.95
2010-11-19,244.73
2010-11-20,231.27
2010-11-21,408.88
2010-11-22,309.38
2010-11-23,562.59
2010-11-24,473.38
2010-11-25,469.52
2010-11-26,195.64
2010-11-27,182.46
2010-11-28,363.64
2010-11-29,675.63
2010-11-30,976.54
2010-12-01,465.95
2010-12-02,399.49
2010-12-03,406.69
2010-12-04,261.57
2010-12-05,253.6
2010-12-06,547.61
2010-12-07,557.86
2010-12-08,300.48
2010-12-09,381.31
2010-12-10,404.43
2010-12-11,298.87
2010-12-12,244.56
2010-12-13,476.86
2010-12-14,432.74
2010-12-15,449.33
2010-12-16,469.06
2010-12-17,490.28
2010-12-18,352.57
2010-12-19,396.51
2010-12-20,460.07
2010-12-21,235.51
2010-12-22,210.03
2010-12-23,182.32
2010-12-24,208.98
2010-12-25,0.0
2010-12-26,359.59
2010-12-27,181.86
2010-12-28,250.89
2010-12-29,525.86
2010-12-30,177.79
2010-12-31,499.32
2011-01-01,357.94
2011-01-02,309.67
2011-01-03,506.72
2011-01-04,414.15
2011-01-05,593.97
2011-01-06,257.84
2011-01-07,406.84
2011-01-08,274.77
2011-01-09,209.43
2011-01-10,327.21
2011-01-11,438.28
2011-01-12,340.87
2011-01-13,252.07
2011-01-14,282.77
2011-01-15,195.66
2011-01-16,160.79
2011-01-17,222.35
2011-01-18,303.45
2011-01-19,166.38
2011-01-20,171.94
2011-01-21,203.89
2011-01-22,154.5
2011-01-23,523.25
2011-01-24,506.75
2011-01-25,627.64
2011-01-26,617.93
2011-01-27,382.62
2011-01-28,297.24
2011-01-29,250.12
2011-01-30,371.11
2011-01-31,168.66
2011-02-01,524.03
2011-02-02,309.65
2011-02-03,266.58
2011-02-04,237.23
2011-02-05,141.71
2011-02-06,221.07
2011-02-07,185.87
2011-02-08,230.32
2011-02-09,269.11
2011-02-10,151.51
2011-02-11,364.95
2011-02-12,269.95
2011-02-13,113.39
2011-02-14,191.07
2011-02-15,352.69
2011-02-16,486.4
2011-02-17,276.14
2011-02-18,133.63
2011-02-19,202.46
2011-02-20,223.33
2011-02-21,252.32
2011-02-22,380.78
2011-02-23,281.95
2011-02-24,293.77
2011-02-25,222.54
2011-02-26,184.72
2011-02-27,215.4
2011-02-28,186.92
2011-03-01,378.7
2011-03-02,480.04
2011-03-03,353.74
2011-03-04,341.29
2011-03-05,249.41
2011-03-06,390.4
2011-03-07,502.31
2011-03-08,442.88
2011-03-09,265.31
2011-03-10,415.68
2011-03-11,327.26
2011-03-12,234.92
2011-03-13,157.44
2011-03-14,420.01
2011-03-15,315.18
2011-03-16,225.23
2011-03-17,259.32
2011-03-18,150.74
2011-03-19,333.33
2011-03-20,243.82
2011-03-21,464.4
2011-03-22,407.77
2011-03-23,463.78
2011-03-24,685.62
2011-03-25,259.21
2011-03-26,281.9
2011-03-27,330.42
2011-03-28,265.95
2011-03-29,481.35
2011-03-30,458.51
2011-03-31,354.61
2011-04-01,267.29
2011-04-02,229.29
2011-04-03,233.56
2011-04-04,469.26
2011-04-05,503.26
2011-04-06,351.2
2011-04-07,292.76
2011-04-08,435.06
2011-04-09,123.88
2011-04-10,121.03
2011-04-11,175.26
2011-04-12,313.01
2011-04-13,284.88
2011-04-14,270.91
2011-04-15,210.0
2011-04-16,140.02
2011-04-17,251.9
2011-04-18,343.72
2011-04-19,345.29
2011-04-20,383.29
2011-04-21,304.66
2011-04-22,217.05
2011-04-23,180.1
2011-04-24,204.97
2011-04-25,224.33
2011-04-26,405.23
2011-04-27,306.26
2011-04-28,224.79
2011-04-29,222.23
2011-04-30,193.96
2011-05-01,356.83
2011-05-02,331.08
2011-05-03,233.94
2011-05-04,396.13
2011-05-05,285.88
2011-05-06,293.86
2011-05-07,177.99
2011-05-08,142.51
2011-05-09,168.55
2011-05-10,302.19
2011-05-11,264.54
2011-05-12,536.93
2011-05-13,152.48
2011-05-14,108.95
2011-05-15,447.67
2011-05-16,424.8
2011-05-17,421.25
2011-05-18,284.14
2011-05-19,543.65
2011-05-20,396.6
2011-05-21,356.61
2011-05-22,136.92
2011-05-23,350.14
2011-05-24,292.29
2011-05-25,267.45
2011-05-26,196.55
2011-05-27,194.38
2011-05-28,77.68
2011-05-29,198.45
2011-05-30,404.02
2011-05-31,300.81
2011-06-01,265.45
2011-06-02,289.92
2011-06-03,297.37
2011-06-04,138.75
2011-06-05,589.7
2011-06-06,313.07
2011-06-07,642.62
2011-06-08,440.79
2011-06-09,197.74
2011-06-10,353.93
2011-06-11,321.83
2011-06-12,323.3
2011-06-13,266.72
2011-06-14,420.58
2011-06-15,279.88
2011-06-16,234.14
2011-06-17,207.21
2011-06-18,126.59
2011-06-19,295.86
2011-06-20,424.36
2011-06-21,293.05
2011-06-22,296.05
2011-06-23,416.64
2011-06-24,277.55
2011-06-25,217.68
2011-06-26,162.72
2011-06-27,380.46
2011-06-28,284.29
2011-06-29,346.47
2011-06-30,255.89
2011-07-01,224.16
2011-07-02,189.42
2011-07-03,420.47
2011-07-04,148.57
2011-07-05,276.71
2011-07-06,312.29
2011-07-07,209.16
2011-07-08,303.67
2011-07-09,127.69
2011-07-10,291.29
2011-07-11,559.69
2011-07-12,352.9
2011-07-13,251.55
2011-07-14,375.57
2011-07-15,248.48
2011-07-16,173.92
2011-07-17,1111.52
2011-07-18,553.05
2011-07-19,363.52
2011-07-20,338.8
2011-07-21,210.9
2011-07-22,147.13
2011-07-23,236.17
2011-07-24,432.4
2011-07-25,347.03
2011-07-26,547.52
2011-07-27,386.31
2011-07-28,484.18
2011-07-29,231.37
2011-07-30,475.73
2011-07-31,666.69
2011-08-01,442.59
2011-08-02,556.57
2011-08-03,443.7
2011-08-04,528.25
2011-08-05,349.95
2011-08-06,286.24
2011-08-07,815.83
2011-08-08,560.84
2011-08-09,368.38
2011-08-10,606.99
2011-08-11,239.05
2011-08-12,164.69
2011-08-13,180.85
2011-08-14,498.97
2011-08-15,430.98
2011-08-16,269.91
2011-08-17,357.28
2011-08-18,309.24
2011-08-19,262.06
2011-08-20,263.5
2011-08-21,297.58
2011-08-22,365.64
2011-08-23,373.69
2011-08-24,266.68
2011-08-25,339.29
2011-08-26,345.41
2011-08-27,229.89
2011-08-28,160.23
2011-08-29,359.14
2011-08-30,392.87
2011-08-31,249.11
2011-09-01,299.67
2011-09-02,449.21
2011-09-03,279.79
2011-09-04,514.05
2011-09-05,487.02
2011-09-06,520.23
2011-09-07,363.09
2011-09-08,500.29
2011-09-09,470.79
2011-09-10,158.53
2011-09-11,281.72
2011-09-12,402.3
2011-09-13,467.68
2011-09-14,321.48
2011-09-15,306.17
2011-09-16,362.56
2011-09-17,177.68
2011-09-18,483.34
2011-09-19,591.27
2011-09-20,317.19
2011-09-21,370.86
2011-09-22,435.03
2011-09-23,446.58
2011-09-24,277.09
2011-09-25,629.45
2011-09-26,567.6
2011-09-27,641.53
2011-09-28,375.68
2011-09-29,477.36
2011-09-30,344.8
2011-10-01,159.97
2011-10-02,583.0
2011-10-03,763.52
2011-10-04,676.73
2011-10-05,559.86
2011-10-06,329.21
2011-10-07,399.64
2011-10-08,227.35
2011-10-09,229.0
2011-10-10,756.85
2011-10-11,513.66
2011-10-12,408.96
2011-10-13,385.05
2011-10-14,441.56
2011-10-15,194.06
2011-10-16,603.28
2011-10-17,568.72
2011-10-18,389.1
2011-10-19,567.25
2011-10-20,343.04
2011-10-21,225.38
2011-10-22,318.45
2011-10-23,439.74
2011-10-24,358.32
2011-10-25,408.81
2011-10-26,340.04
2011-10-27,384.04
2011-10-28,282.5
2011-10-29,227.16
2011-10-30,549.19
2011-10-31,281.99
2011-11-01,514.08
2011-11-02,775.84
2011-11-03,469.91
2011-11-04,535.61
2011-11-05,315.21
2011-11-06,288.85
2011-11-07,282.74
2011-11-08,517.68
2011-11-09,542.7
2011-11-10,567.89
2011-11-11,475.71
2011-11-12,278.08
2011-11-13,431.19
2011-11-14,525.68
2011-11-15,660.82
2011-11-16,649.45
2011-11-17,790.94
2011-11-18,332.44
2011-11-19,286.39
2011-11-20,480.29
2011-11-21,566.35
2011-11-22,635.01
2011-11-23,500.0
2011-11-24,500.26
2011-11-25,314.84
2011-11-26,249.51
2011-11-27,818.28
2011-11-28,463.19
2011-11-29,762.13
2011-11-30,645.42
2011-12-01,520.01
2011-12-02,511.85
2011-12-03,218.16
2011-12-04,656.09
2011-12-05,533.97
2011-12-06,495.76
2011-12-07,345.89
2011-12-08,423.05
2011-12-09,405.54
2011-12-10,180.81
2011-12-11,231.48
2011-12-12,336.18
2011-12-13,514.38
2011-12-14,620.7
2011-12-15,390.64
2011-12-16,352.02
2011-12-17,212.91
2011-12-18,570.48
2011-12-19,474.72
2011-12-20,416.22
2011-12-21,416.04
2011-12-22,592.5
2011-12-23,329.88
2011-12-24,437.1
2011-12-25,0.0
2011-12-26,59.88
2011-12-27,381.97
2011-12-28,509.53
2011-12-29,383.68
2011-12-30,258.11
2011-12-31,610.64
2012-01-01,625.26
2012-01-02,454.22
2012-01-03,738.24
2012-01-04,511.95
2012-01-05,344.13
2012-01-06,179.97
2012-01-07,222.52
2012-01-08,424.45
2012-01-09,462.26
2012-01-10,491.58
2012-01-11,285.38
2012-01-12,352.12
2012-01-13,352.4
2012-01-14,209.81
2012-01-15,373.34
2012-01-16,479.72
2012-01-17,388.45
2012-01-18,225.97
2012-01-19,463.48
2012-01-20,308.86
2012-01-21,160.88
2012-01-22,229.48
2012-01-23,319.81
2012-01-24,365.01
2012-01-25,555.36
2012-01-26,600.71
2012-01-27,223.03
2012-01-28,176.73
2012-01-29,351.18
2012-01-30,449.64
2012-01-31,377.37
2012-02-01,368.36
2012-02-02,268.34
2012-02-03,210.76
2012-02-04,239.87
2012-02-05,166.16
2012-02-06,434.57
2012-02-07,416.65
2012-02-08,287.89
2012-02-09,291.01
2012-02-10,448.86
2012-02-11,298.5
2012-02-12,339.59
2012-02-13,260.75
2012-02-14,543.33
2012-02-15,481.27
2012-02-16,445.14
2012-02-17,240.48
2012-02-18,144.48
2012-02-19,429.85
2012-02-20,312.46
2012-02-21,523.08
2012-02-22,588.76
2012-02-23,480.04
2012-02-24,263.09
2012-02-25,366.17
2012-02-26,254.7
2012-02-27,276.55
2012-02-28,340.08
2012-02-29,274.66
2012-03-01,194.87
2012-03-02,212.73
2012-03-03,207.46
2012-03-04,490.08
2012-03-05,376.11
2012-03-06,383.21
2012-03-07,212.09
2012-03-08,207.61
2012-03-09,266.27
2012-03-10,223.58
2012-03-11,242.48
2012-03-12,342.11
2012-03-13,352.02
2012-03-14,323.27
2012-03-15,283.92
2012-03-16,234.54
2012-03-17,160.3
2012-03-18,336.33
2012-03-19,274.85
2012-03-20,343.98
2012-03-21,283.77
2012-03-22,487.42
2012-03-23,367.92
2012-03-24,249.79
2012-03-25,273.38
2012-03-26,305.28
2012-03-27,338.2
2012-03-28,152.46
2012-03-29,238.83
2012-03-30,279.28
2012-03-31,157.12
2012-04-01,332.89
2012-04-02,425.28
2012-04-03,247.0
2012-04-04,171.52
2012-04-05,151.54
2012-04-06,137.47
2012-04-07,98.92
2012-04-08,346.05
2012-04-09,260.33
2012-04-10,331.11
2012-04-11,302.96
2012-04-12,264.47
2012-04-13,140.17
2012-04-14,115.58
2012-04-15,235.37
2012-04-16,383.83
2012-04-17,415.24
2012-04-18,346.47
2012-04-19,355.97
2012-04-20,209.4
2012-04-21,129.51
2012-04-22,459.32
2012-04-23,548.37
2012-04-24,628.51
2012-04-25,153.32
2012-04-26,382.76
2012-04-27,278.05
2012-04-28,144.63
2012-04-29,271.07
2012-04-30,227.25
2012-05-01,201.9
2012-05-02,179.85
2012-05-03,329.29
2012-05-04,253.33
2012-05-05,265.97
2012-05-06,325.18
2012-05-07,519.13
2012-05-08,499.09
2012-05-09,399.67
2012-05-10,428.89
2012-05-11,252.48
2012-05-12,239.4
2012-05-13,443.03
2012-05-14,500.26
2012-05-15,559.42
2012-05-16,482.6
2012-05-17,622.24
2012-05-18,303.98
2012-05-19,187.9
2012-05-20,551.43
2012-05-21,444.45
2012-05-22,447.73
2012-05-23,403.59
2012-05-24,498.49
2012-05-25,179.07
2012-05-26,210.36
2012-05-27,317.19
2012-05-28,375.73
2012-05-29,468.05
2012-05-30,493.92
2012-05-31,555.89
2012-06-01,588.11
2012-06-02,221.05
2012-06-03,301.32
2012-06-04,411.46
2012-06-05,510.35
2012-06-06,455.42
2012-06-07,539.56
2012-06-08,244.14
2012-06-09,289.96
2012-06-10,557.88
2012-06-11,690.28
2012-06-12,501.3
2012-06-13,617.1
2012-06-14,318.9
2012-06-15,736.66
2012-06-16,416.6
2012-06-17,690.0
2012-06-18,602.14
2012-06-19,401.55
2012-06-20,372.93
2012-06-21,413.8
2012-06-22,334.55
2012-06-23,221.56
2012-06-24,406.89
2012-06-25,563.49
2012-06-26,503.79
2012-06-27,584.19
2012-06-28,488.59
2012-06-29,193.87
2012-06-30,151.67
2012-07-01,490.88
2012-07-02,407.88
2012-07-03,414.96
2012-07-04,296.76
2012-07-05,571.52
2012-07-06,577.53
2012-07-07,345.1
2012-07-08,343.33
2012-07-09,400.4
2012-07-10,401.14
2012-07-11,331.75
2012-07-12,395.02
2012-07-13,293.08
2012-07-14,329.18
2012-07-15,376.51
2012-07-16,527.1
2012-07-17,427.39
2012-07-18,267.05
2012-07-19,423.33
2012-07-20,358.98
2012-07-21,131.52
2012-07-22,249.99
2012-07-23,619.89
2012-07-24,378.48
2012-07-25,300.94
2012-07-26,318.63
2012-07-27,302.37
2012-07-28,126.86
2012-07-29,225.87
2012-07-30,233.29
2012-07-31,210.09
2012-08-01,345.25
2012-08-02,444.82
2012-08-03,405.75
2012-08-04,205.75
2012-08-05,153.78
2012-08-06,309.31
2012-08-07,191.07
2012-08-08,270.24
2012-08-09,348.94
2012-08-10,165.13
2012-08-11,140.45
2012-08-12,225.46
2012-08-13,281.93
2012-08-14,356.44
2012-08-15,279.88
2012-08-16,215.01
2012-08-17,295.67
2012-08-18,119.82
2012-08-19,169.88
2012-08-20,270.02
2012-08-21,383.44
2012-08-22,469.31
2012-08-23,309.35
2012-08-24,424.96
2012-08-25,129.82
2012-08-26,251.4
2012-08-27,128.55
2012-08-28,356.99
2012-08-29,246.2
2012-08-30,310.42
2012-08-31,359.54
2012-09-01,182.6
2012-09-02,207.97
2012-09-03,369.19
2012-09-04,379.96
2012-09-05,334.51
2012-09-06,392.57
2012-09-07,395.19
2012-09-08,243.9
2012-09-09,498.04
2012-09-10,359.88
2012-09-11,368.6
2012-09-12,246.27
2012-09-13,309.58
2012-09-14,271.42
2012-09-15,287.36
2012-09-16,347.81
2012-09-17,469.14
2012-09-18,333.44
2012-09-19,295.0
2012-09-20,382.35
2012-09-21,507.55
2012-09-22,291.26
2012-09-23,384.02
2012-09-24,334.84
2012-09-25,310.06
2012-09-26,281.58
2012-09-27,294.69
2012-09-28,319.28
2012-09-29,244.26
2012-09-30,463.15
2012-10-01,477.88
2012-10-02,460.63
2012-10-03,463.99
2012-10-04,458.78
2012-10-05,762.32
2012-10-06,342.33
2012-10-07,516.74
2012-10-08,568.28
2012-10-09,463.43
2012-10-10,311.42
2012-10-11,204.99
2012-10-12,371.82
2012-10-13,192.06
2012-10-14,270.98
2012-10-15,220.53
2012-10-16,321.26
2012-10-17,260.62
2012-10-18,283.94
2012-10-19,403.1
2012-10-20,157.24
2012-10-21,490.18
2012-10-22,313.13
2012-10-23,458.2
2012-10-24,621.81
2012-10-25,199.99
2012-10-26,534.35
2012-10-27,195.14
2012-10-28,424.59
2012-10-29,521.43
2012-10-30,334.6
2012-10-31,318.11
2012-11-01,303.27
2012-11-02,330.56
2012-11-03,386.3
2012-11-04,496.39
2012-11-05,571.84
2012-11-06,496.5
2012-11-07,638.31
2012-11-08,755.04
2012-11-09,317.41
2012-11-10,193.72
2012-11-11,247.51
2012-11-12,380.8
2012-11-13,394.36
2012-11-14,405.13
2012-11-15,398.53
2012-11-16,182.42
2012-11-17,139.36
2012-11-18,353.46
2012-11-19,353.83
2012-11-20,752.65
2012-11-21,353.7
2012-11-22,257.41
2012-11-23,413.76
2012-11-24,397.84
2012-11-25,259.23
2012-11-26,401.01
2012-11-27,402.7
2012-11-28,416.24
2012-11-29,315.44
2012-11-30,339.43
2012-12-01,153.37
2012-12-02,272.78
2012-12-03,455.16
2012-12-04,530.69
2012-12-05,493.63
2012-12-06,449.86
2012-12-07,402.4
2012-12-08,356.0
2012-12-09,381.67
2012-12-10,758.83
2012-12-11,454.85
2012-12-12,265.92
2012-12-13,314.97
2012-12-14,337.6
2012-12-15,206.45
2012-12-16,395.39
2012-12-17,386.15
2012-12-18,568.91
2012-12-19,315.91
2012-12-20,212.53
2012-12-21,280.88
2012-12-22,303.88
2012-12-23,433.84
2012-12-24,106.38
2012-12-25,0.0
2012-12-26,267.25
2012-12-27,329.4
2012-12-28,297.2
2012-12-29,168.62
2012-12-30,605.42
2012-12-31,362.68
2013-01-01,698.87
2013-01-02,1005.86
2013-01-03,527.02
2013-01-04,419.04
2013-01-05,412.07
2013-01-06,312.31
2013-01-07,385.71
2013-01-08,307.61
2013-01-09,212.09
2013-01-10,388.93
2013-01-11,238.8
2013-01-12,343.71
2013-01-13,348.89
2013-01-14,197.51
2013-01-15,392.69
2013-01-16,440.48
2013-01-17,657.83
2013-01-18,232.56
2013-01-19,206.34
2013-01-20,339.1
2013-01-21,328.32
2013-01-22,397.14
2013-01-23,488.77
2013-01-24,690.66
2013-01-25,371.34
2013-01-26,468.88
2013-01-27,483.39
2013-01-28,453.06
2013-01-29,518.73
2013-01-30,250.77
2013-01-31,321.94
2013-02-01,227.47
2013-02-02,152.12
2013-02-03,108.34
2013-02-04,517.39
2013-02-05,409.44
2013-02-06,154.13
2013-02-07,116.41
2013-02-08,101.23
2013-02-09,105.52
2013-02-10,378.68
2013-02-11,332.94
2013-02-12,291.85
2013-02-13,268.0
2013-02-14,129.23
2013-02-15,192.03
2013-02-16,225.82
2013-02-17,137.3
2013-02-18,229.46
2013-02-19,224.28
2013-02-20,372.72
2013-02-21,359.95
2013-02-22,254.94
2013-02-23,172.17
2013-02-24,471.87
2013-02-25,488.79
2013-02-26,702.02
2013-02-27,399.79
2013-02-28,332.59
2013-03-01,288.66
2013-03-02,458.13
2013-03-03,366.09
2013-03-04,187.91
2013-03-05,276.74
2013-03-06,346.47
2013-03-07,344.61
2013-03-08,339.84
2013-03-09,158.61
2013-03-10,284.01
2013-03-11,236.51
2013-03-12,195.0
2013-03-13,251.27
2013-03-14,264.67
2013-03-15,234.1
2013-03-16,123.04
2013-03-17,211.18
2013-03-18,352.05
2013-03-19,490.5
2013-03-20,439.68
2013-03-21,442.34
2013-03-22,243.65
2013-03-23,281.59
2013-03-24,221.33
2013-03-25,329.46
2013-03-26,250.92
2013-03-27,246.78
2013-03-28,347.56
2013-03-29,44.72
2013-03-30,114.7
2013-03-31,245.84
2013-04-01,157.9
2013-04-02,440.01
2013-04-03,399.83
2013-04-04,187.33
2013-04-05,80.24
2013-04-06,130.97
2013-04-07,236.9
2013-04-08,298.73
2013-04-09,253.3
2013-04-10,241.23
2013-04-11,108.4
2013-04-12,109.45
2013-04-13,162.26
2013-04-14,202.36
2013-04-15,215.87
2013-04-16,473.59
2013-04-17,462.8
2013-04-18,241.05
2013-04-19,187.95
2013-04-20,116.78
2013-04-21,350.91
2013-04-22,371.09
2013-04-23,318.08
2013-04-24,294.52
2013-04-25,337.22
2013-04-26,199.52
2013-04-27,111.23
2013-04-28,300.85
2013-04-29,348.98
2013-04-30,330.12
2013-05-01,312.6
2013-05-02,145.17
2013-05-03,115.81
2013-05-04,158.16
2013-05-05,232.64
2013-05-06,180.09
2013-05-07,393.87
2013-05-08,278.89
2013-05-09,122.05
2013-05-10,26.69
2013-05-11,157.59
2013-05-12,332.24
2013-05-13,289.02
2013-05-14,309.41
2013-05-15,207.7
2013-05-16,217.76
2013-05-17,262.89
2013-05-18,122.4
2013-05-19,201.8
2013-05-20,166.71
2013-05-21,115.52
2013-05-22,300.89
2013-05-23,247.36
2013-05-24,227.1
2013-05-25,160.7
2013-05-26,223.83
2013-05-27,322.22
2013-05-28,280.64
2013-05-29,156.17
2013-05-30,194.33
2013-05-31,172.38
2013-06-01,101.44
2013-06-02,231.99
2013-06-03,325.2
2013-06-04,143.8
2013-06-05,313.78
2013-06-06,248.2
2013-06-07,205.21
2013-06-08,196.11
2013-06-09,161.97
2013-06-10,195.62
2013-06-11,191.94
2013-06-12,242.75
2013-06-13,220.08
2013-06-14,240.01
2013-06-15,258.97
2013-06-16,266.32
2013-06-17,249.11
2013-06-18,258.94
2013-06-19,255.53
2013-06-20,311.31
2013-06-21,321.68
2013-06-22,212.7
2013-06-23,184.79
2013-06-24,235.04
2013-06-25,197.56
2013-06-26,360.46
2013-06-27,330.68
2013-06-28,167.39
2013-06-29,257.28
2013-06-30,199.52
2013-07-01,347.04
2013-07-02,258.49
2013-07-03,257.39
2013-07-04,140.7
2013-07-05,306.48
2013-07-06,349.67
2013-07-07,336.7
2013-07-08,174.81
2013-07-09,297.1
2013-07-10,132.09
2013-07-11,252.47
2013-07-12,151.6
2013-07-13,192.34
2013-07-14,138.29
2013-07-15,75.11
2013-07-16,83.35
2013-07-17,168.1
2013-07-18,110.33
2013-07-19,55.28
2013-07-20,130.08
2013-07-21,272.41
2013-07-22,174.46
2013-07-23,269.79
2013-07-24,274.01
2013-07-25,182.41
2013-07-26,206.0
2013-07-27,146.67
2013-07-28,200.51
2013-07-29,161.29
2013-07-30,170.34
2013-07-31,239.25
2013-08-01,108.96
2013-08-02,313.97
2013-08-03,156.38
2013-08-04,404.75
2013-08-05,419.0
2013-08-06,282.2
2013-08-07,265.17
2013-08-08,343.14
2013-08-09,166.82
2013-08-10,174.38
2013-08-11,295.63
2013-08-12,184.82
2013-08-13,278.33
2013-08-14,146.01
2013-08-15,169.81
2013-08-16,86.27
2013-08-17,45.86
2013-08-18,147.57
2013-08-19,104.57
2013-08-20,330.12
2013-08-21,369.25
2013-08-22,186.56
2013-08-23,215.05
2013-08-24,45.17
2013-08-25,128.31
2013-08-26,153.84
2013-08-27,205.13
2013-08-28,429.42
2013-08-29,346.7
2013-08-30,228.44
2013-08-31,171.7
2013-09-01,261.13
2013-09-02,78.93
2013-09-03,201.24
2013-09-04,236.91
2013-09-05,186.72
2013-09-06,230.48
2013-09-07,275.76
2013-09-08,255.89
2013-09-09,300.75
2013-09-10,220.02
2013-09-11,174.01
2013-09-12,250.73
2013-09-13,161.06
2013-09-14,269.64
2013-09-15,139.29
2013-09-16,341.14
2013-09-17,208.66
2013-09-18,159.42
2013-09-19,177.49
2013-09-20,303.71
2013-09-21,132.03
2013-09-22,439.26
2013-09-23,254.8
2013-09-24,396.62
2013-09-25,285.54
2013-09-26,195.52
2013-09-27,288.29
2013-09-28,137.01
2013-09-29,506.84
2013-09-30,298.44
2013-10-01,340.15
2013-10-02,305.55
2013-10-03,251.46
2013-10-04,268.6
2013-10-05,117.98
2013-10-06,288.4
2013-10-07,327.95
2013-10-08,312.87
2013-10-09,350.08
2013-10-10,322.97
2013-10-11,318.9
2013-10-12,131.13
2013-10-13,350.31
2013-10-14,323.63
2013-10-15,242.18
2013-10-16,298.3
2013-10-17,385.61
2013-10-18,314.65
2013-10-19,178.18
2013-10-20,194.18
2013-10-21,217.3
2013-10-22,447.81
2013-10-23,137.23
2013-10-24,288.02
2013-10-25,174.71
2013-10-26,115.95
2013-10-27,336.52
2013-10-28,155.0
2013-10-29,227.42
2013-10-30,91.24
2013-10-31,176.6
2013-11-01,188.9
2013-11-02,42.8
2013-11-03,210.48
2013-11-04,195.31
2013-11-05,196.11
2013-11-06,191.84
2013-11-07,196.15
2013-11-08,117.87
2013-11-09,101.85
2013-11-10,159.76
2013-11-11,96.36
2013-11-12,220.85
2013-11-13,167.67
2013-11-14,258.61
2013-11-15,59.33
2013-11-16,135.65
2013-11-17,256.13
2013-11-18,162.91
2013-11-19,287.56
2013-11-20,243.24
2013-11-21,233.56
2013-11-22,72.08
2013-11-23,89.58
2013-11-24,329.07
2013-11-25,160.06
2013-11-26,291.51
2013-11-27,544.8
2013-11-28,182.89
2013-11-29,204.81
2013-11-30,43.61
2013-12-01,182.28
2013-12-02,206.56
2013-12-03,157.86
2013-12-04,309.18
2013-12-05,222.9
2013-12-06,384.23
2013-12-07,343.32
2013-12-08,280.64
2013-12-09,341.75
2013-12-10,184.41
2013-12-11,222.11
2013-12-12,188.76
2013-12-13,86.2
2013-12-14,216.28
2013-12-15,349.25
2013-12-16,238.8
2013-12-17,313.29
2013-12-18,245.03
2013-12-19,234.41
2013-12-20,259.3
2013-12-21,31.01
2013-12-22,169.28
2013-12-23,189.04
2013-12-24,146.13
2013-12-25,103.52
2013-12-26,198.98
2013-12-27,278.58
2013-12-28,183.3
2013-12-29,449.41
2013-12-30,225.85
2013-12-31,208.16
2014-01-01,415.16
2014-01-02,116.1
2014-01-03,105.33
2014-01-04,101.14
2014-01-05,178.88
2014-01-06,364.98
2014-01-07,97.81
2014-01-08,144.45
2014-01-09,130.55
2014-01-10,115.25
2014-01-11,157.28
2014-01-12,174.37
2014-01-13,351.56
2014-01-14,403.74
2014-01-15,275.04
2014-01-16,149.67
2014-01-17,111.51
2014-01-18,122.89
2014-01-19,269.45
2014-01-20,181.88
2014-01-21,172.41
2014-01-22,159.36
2014-01-23,221.31
2014-01-24,249.74
2014-01-25,240.15
2014-01-26,356.86
2014-01-27,262.66
2014-01-28,299.8
2014-01-29,181.94
2014-01-30,175.99
2014-01-31,122.3
2014-02-01,91.44
2014-02-02,145.39
2014-02-03,209.55
2014-02-04,205.65
2014-02-05,306.53
2014-02-06,231.3
2014-02-07,244.58
2014-02-08,320.79
2014-02-09,313.62
2014-02-10,159.81
2014-02-11,420.72
2014-02-12,172.25
2014-02-13,349.49
2014-02-14,215.93
2014-02-15,223.87
2014-02-16,180.19
2014-02-17,257.87
2014-02-18,123.11
2014-02-19,201.03
2014-02-20,140.19
2014-02-21,204.71
2014-02-22,206.6
2014-02-23,262.83
2014-02-24,172.27
2014-02-25,163.18
2014-02-26,228.34
2014-02-27,192.75
2014-02-28,298.6
2014-03-01,153.61
2014-03-02,301.38
2014-03-03,133.12
2014-03-04,222.45
2014-03-05,334.77
2014-03-06,389.16
2014-03-07,373.93
2014-03-08,239.89
2014-03-09,155.3
2014-03-10,226.39
2014-03-11,218.99
2014-03-12,267.43
2014-03-13,325.25
2014-03-14,159.33
2014-03-15,126.36
2014-03-16,130.48
2014-03-17,152.05
2014-03-18,365.16
2014-03-19,385.68
2014-03-20,261.79
2014-03-21,184.94
2014-03-22,106.96
2014-03-23,220.92
2014-03-24,174.59
2014-03-25,253.33
2014-03-26,133.32
2014-03-27,156.92
2014-03-28,152.41
2014-03-29,149.9
2014-03-30,309.29
2014-03-31,230.82
2014-04-01,208.65
2014-04-02,157.24
2014-04-03,241.29
2014-04-04,259.48
2014-04-05,13.34
2014-04-06,146.45
2014-04-07,245.99
2014-04-08,225.79
2014-04-09,112.76
2014-04-10,95.66
2014-04-11,96.44
2014-04-12,143.01
2014-04-13,187.13
2014-04-14,237.02
2014-04-15,120.14
2014-04-16,91.55
2014-04-17,74.77
2014-04-18,96.74
2014-04-19,111.2
2014-04-20,114.88
2014-04-21,81.7
2014-04-22,83.67
2014-04-23,200.51
2014-04-24,174.23
2014-04-25,117.55
2014-04-26,119.65
2014-04-27,253.81
2014-04-28,121.92
2014-04-29,89.47
2014-04-30,170.95
2014-05-01,134.89
2014-05-02,74.08
2014-05-03,69.19
2014-05-04,317.11
2014-05-05,231.08
2014-05-06,154.12
2014-05-07,162.54
2014-05-08,237.22
2014-05-09,189.82
2014-05-10,211.31
2014-05-11,280.57
2014-05-12,393.17
2014-05-13,321.03
2014-05-14,178.81
2014-05-15,118.26
2014-05-16,129.36
2014-05-17,135.83
2014-05-18,174.85
2014-05-19,129.38
2014-05-20,222.61
2014-05-21,230.46
2014-05-22,184.46
2014-05-23,201.21
2014-05-24,56.6
2014-05-25,103.66
2014-05-26,54.85
2014-05-27,99.75
2014-05-28,153.85
2014-05-29,195.45
2014-05-30,123.81
2014-05-31,220.44
2014-06-01,245.27
2014-06-02,158.69
2014-06-03,323.22
2014-06-04,118.82
2014-06-05,117.19
2014-06-06,139.68
2014-06-07,137.53
2014-06-08,297.87
2014-06-09,158.6
2014-06-10,151.75
2014-06-11,115.36
2014-06-12,112.94
2014-06-13,127.69
2014-06-14,131.49
2014-06-15,181.39
2014-06-16,200.98
2014-06-17,157.28
2014-06-18,163.9
2014-06-19,266.8
2014-06-20,143.07
2014-06-21,105.51
2014-06-22,297.01
2014-06-23,70.69
2014-06-24,50.98
2014-06-25,120.04
2014-06-26,115.56
2014-06-27,140.2
2014-06-28,104.08
2014-06-29,125.76
2014-06-30,176.17
2014-07-01,154.56
2014-07-02,212.13
2014-07-03,113.84
2014-07-04,153.98
2014-07-05,38.63
2014-07-06,97.51
2014-07-07,259.95
2014-07-08,102.93
2014-07-09,138.73
2014-07-10,239.78
2014-07-11,95.13
2014-07-12,116.55
2014-07-13,168.58
2014-07-14,242.41
2014-07-15,211.07
2014-07-16,183.04
2014-07-17,63.34
2014-07-18,49.32
2014-07-19,25.73
2014-07-20,214.62
2014-07-21,192.19
2014-07-22,93.36
2014-07-23,122.28
2014-07-24,82.22
2014-07-25,118.7
2014-07-26,91.42
2014-07-27,114.62
2014-07-28,149.02
2014-07-29,60.1
2014-07-30,190.13
2014-07-31,114.25
2014-08-01,109.48
2014-08-02,214.5
2014-08-03,442.79
2014-08-04,194.29
2014-08-05,274.48
2014-08-06,249.57
2014-08-07,124.58
2014-08-08,109.82
2014-08-09,113.54
2014-08-10,128.41
2014-08-11,84.91
2014-08-12,97.95
2014-08-13,306.52
2014-08-14,488.97
2014-08-15,83.48
2014-08-16,180.5
2014-08-17,343.11
2014-08-18,230.36
2014-08-19,112.96
2014-08-20,260.62
2014-08-21,190.96
2014-08-22,232.08
2014-08-23,246.33
2014-08-24,349.49
2014-08-25,260.96
2014-08-26,385.03
2014-08-27,407.91
2014-08-28,274.86
2014-08-29,203.27
2014-08-30,45.28
2014-08-31,178.05
2014-09-01,106.8
2014-09-02,229.47
2014-09-03,239.18
2014-09-04,195.84
2014-09-05,198.48
2014-09-06,115.78
2014-09-07,278.63
2014-09-08,582.35
2014-09-09,463.77
2014-09-10,529.37
2014-09-11,467.11
2014-09-12,570.88
2014-09-13,328.94
2014-09-14,642.46
2014-09-15,469.83
2014-09-16,568.15
2014-09-17,478.18
2014-09-18,420.17
2014-09-19,573.55
2014-09-20,446.04
2014-09-21,367.0
2014-09-22,223.27
2014-09-23,213.12
2014-09-24,110.13
2014-09-25,164.27
2014-09-26,193.32
2014-09-27,141.08
2014-09-28,364.93
2014-09-29,303.5
2014-09-30,127.03
2014-10-01,108.76
2014-10-02,123.65
2014-10-03,111.43
2014-10-04,49.75
2014-10-05,352.8
2014-10-06,186.23
2014-10-07,144.14
2014-10-08,80.15
2014-10-09,159.59
2014-10-10,138.52
2014-10-11,88.06
2014-10-12,176.49
2014-10-13,171.7
2014-10-14,122.6
2014-10-15,218.33
2014-10-16,137.77
2014-10-17,190.12
2014-10-18,138.07
2014-10-19,191.54
2014-10-20,145.92
2014-10-21,191.0
2014-10-22,189.81
2014-10-23,128.86
2014-10-24,212.14
2014-10-25,231.31
2014-10-26,191.56
2014-10-27,175.29
2014-10-28,235.85
2014-10-29,123.0
2014-10-30,115.8
2014-10-31,129.68
2014-11-01,85.75
2014-11-02,65.25
2014-11-03,241.21
2014-11-04,196.27
2014-11-05,88.17
2014-11-06,130.29
2014-11-07,136.69
2014-11-08,88.8
2014-11-09,297.74
2014-11-10,92.09
2014-11-11,156.25
2014-11-12,160.87
2014-11-13,158.18
2014-11-14,116.86
2014-11-15,62.51
2014-11-16,95.81
2014-11-17,239.52
2014-11-18,157.31
2014-11-19,181.76
2014-11-20,86.91
2014-11-21,87.53
2014-11-22,50.03
2014-11-23,329.32
2014-11-24,119.33
2014-11-25,149.14
2014-11-26,277.47
2014-11-27,196.92
2014-11-28,108.68
2014-11-29,75.4
2014-11-30,63.63
2014-12-01,209.49
2014-12-02,314.97
2014-12-03,226.21
2014-12-04,330.88
2014-12-05,304.04
2014-12-06,100.05
2014-12-07,218.52
2014-12-08,157.99
2014-12-09,150.36
2014-12-10,165.14
2014-12-11,132.92
2014-12-12,110.26
2014-12-13,93.14
2014-12-14,261.54
2014-12-15,195.84
2014-12-16,126.63
2014-12-17,227.04
2014-12-18,179.16
2014-12-19,118.81
2014-12-20,162.48
2014-12-21,166.68
2014-12-22,124.6
2014-12-23,173.38
2014-12-24,78.18
2014-12-25,0.0
2014-12-26,91.71
2014-12-27,146.63
2014-12-28,410.16
2014-12-29,173.21
2014-12-30,309.41
2014-12-31,146.7
2015-01-01,433.39
2015-01-02,208.14
2015-01-03,153.71
2015-01-04,402.39
2015-01-05,344.94
2015-01-06,239.94
2015-01-07,320.8
2015-01-08,178.32
2015-01-09,184.89
2015-01-10,165.63
2015-01-11,135.4
2015-01-12,134.3
2015-01-13,235.23
2015-01-14,156.21
2015-01-15,284.78
2015-01-16,149.45
2015-01-17,112.03
2015-01-18,145.63
2015-01-19,188.92
2015-01-20,150.04
2015-01-21,148.57
2015-01-22,116.26
2015-01-23,167.51
2015-01-24,208.93
2015-01-25,355.79
2015-01-26,360.68
2015-01-27,599.01
2015-01-28,241.29
2015-01-29,182.87
2015-01-30,281.59
2015-01-31,171.31
2015-02-01,271.07
2015-02-02,220.66
2015-02-03,138.97
2015-02-04,161.1
2015-02-05,144.69
2015-02-06,89.16
2015-02-07,103.09
2015-02-08,248.04
2015-02-09,219.83
2015-02-10,405.24
2015-02-11,159.57
2015-02-12,187.37
2015-02-13,228.15
2015-02-14,260.96
2015-02-15,196.97
2015-02-16,138.72
2015-02-17,152.16
2015-02-18,312.77
2015-02-19,239.05
2015-02-20,269.73
2015-02-21,127.06
2015-02-22,127.61
2015-02-23,93.78
2015-02-24,210.55
2015-02-25,310.85
2015-02-26,153.35
2015-02-27,180.26
2015-02-28,151.77
2015-03-01,112.89
2015-03-02,65.87
2015-03-03,178.7
2015-03-04,173.28
2015-03-05,172.23
2015-03-06,219.09
2015-03-07,73.95
2015-03-08,176.44
2015-03-09,389.74
2015-03-10,394.95
2015-03-11,218.71
2015-03-12,172.98
2015-03-13,144.76
2015-03-14,147.88
2015-03-15,300.06
2015-03-16,203.16
2015-03-17,283.88
2015-03-18,218.54
2015-03-19,186.31
2015-03-20,201.31
2015-03-21,226.56
2015-03-22,195.41
2015-03-23,330.81
2015-03-24,212.15
2015-03-25,219.86
2015-03-26,154.91
2015-03-27,225.45
2015-03-28,65.22
2015-03-29,181.29
2015-03-30,297.8
2015-03-31,338.67
2015-04-01,243.68
2015-04-02,207.95
2015-04-03,115.76
2015-04-04,55.25
2015-04-05,237.5
2015-04-06,201.35
2015-04-07,532.41
2015-04-08,416.89
2015-04-09,341.17
2015-04-10,184.38
2015-04-11,248.83
2015-04-12,150.75
2015-04-13,234.21
2015-04-14,381.56
2015-04-15,340.26
2015-04-16,327.24
2015-04-17,160.97
2015-04-18,236.05
2015-04-19,321.08
2015-04-20,272.01
2015-04-21,275.26
2015-04-22,252.09
2015-04-23,252.01
2015-04-24,352.16
2015-04-25,154.64
2015-04-26,243.36
2015-04-27,317.91
2015-04-28,199.09
2015-04-29,237.25
2015-04-30,265.7
2015-05-01,222.42
2015-05-02,338.45
2015-05-03,440.68
2015-05-04,446.04
2015-05-05,362.59
2015-05-06,506.75
2015-05-07,386.25
2015-05-08,364.33
2015-05-09,417.42
2015-05-10,263.04
2015-05-11,296.79
2015-05-12,336.37
2015-05-13,235.84
2015-05-14,215.12
2015-05-15,223.34
2015-05-16,207.54
2015-05-17,394.89
2015-05-18,204.64
2015-05-19,251.62
2015-05-20,168.34
2015-05-21,121.0
2015-05-22,132.84
2015-05-23,106.35
2015-05-24,100.77
2015-05-25,174.11
2015-05-26,198.57
2015-05-27,173.79
2015-05-28,127.74
2015-05-29,148.07
2015-05-30,106.89
2015-05-31,192.72
2015-06-01,254.92
2015-06-02,134.56
2015-06-03,179.8
2015-06-04,166.32
2015-06-05,131.75
2015-06-06,125.68
2015-06-07,140.53
2015-06-08,304.9
2015-06-09,283.19
2015-06-10,338.9
2015-06-11,130.17
2015-06-12,141.24
2015-06-13,329.4
2015-06-14,293.7
2015-06-15,126.6
2015-06-16,217.45
2015-06-17,226.19
2015-06-18,175.02
2015-06-19,246.69
2015-06-20,163.93
2015-06-21,309.28
2015-06-22,133.48
2015-06-23,196.26
2015-06-24,119.47
2015-06-25,139.51
2015-06-26,272.54
2015-06-27,83.58
2015-06-28,284.6
2015-06-29,428.87
2015-06-30,293.74
2015-07-01,544.27
2015-07-02,238.39
2015-07-03,164.51
2015-07-04,305.26
2015-07-05,404.12
2015-07-06,574.87
2015-07-07,390.69
2015-07-08,186.7
2015-07-09,296.23
2015-07-10,215.82
2015-07-11,97.92
2015-07-12,142.86
2015-07-13,180.66
2015-07-14,154.89
2015-07-15,171.29
2015-07-16,171.7
2015-07-17,85.51
2015-07-18,57.81
2015-07-19,147.29
2015-07-20,95.3
2015-07-21,99.64
2015-07-22,87.61
2015-07-23,207.12
2015-07-24,107.38
2015-07-25,170.01
2015-07-26,107.88
2015-07-27,165.89
2015-07-28,153.12
2015-07-29,185.38
2015-07-30,81.8
2015-07-31,163.28
2015-08-01,68.76
2015-08-02,55.28
2015-08-03,196.22
2015-08-04,181.79
2015-08-05,146.03
2015-08-06,128.35
2015-08-07,226.26
2015-08-08,54.74
2015-08-09,159.66
2015-08-10,144.65
2015-08-11,101.77
2015-08-12,117.82
2015-08-13,99.0
2015-08-14,130.66
2015-08-15,126.61
2015-08-16,137.1
2015-08-17,132.84
2015-08-18,105.25
2015-08-19,198.87
2015-08-20,143.54
2015-08-21,95.49
2015-08-22,118.07
2015-08-23,115.59
2015-08-24,233.08
2015-08-25,230.88
2015-08-26,240.97
2015-08-27,128.32
2015-08-28,201.43
2015-08-29,154.72
2015-08-30,188.12
2015-08-31,174.23
2015-09-01,213.61
2015-09-02,166.29
2015-09-03,159.97
2015-09-04,194.01
2015-09-05,165.91
2015-09-06,343.72
2015-09-07,282.29
2015-09-08,228.27
2015-09-09,285.41
2015-09-10,251.95
2015-09-11,416.3
2015-09-12,105.87
2015-09-13,486.86
2015-09-14,280.11
2015-09-15,240.71
2015-09-16,260.97
2015-09-17,211.95
2015-09-18,265.55
2015-09-19,183.32
2015-09-20,291.02
2015-09-21,293.35
2015-09-22,317.96
2015-09-23,206.61
2015-09-24,148.42
2015-09-25,245.8
2015-09-26,174.18
2015-09-27,116.67
2015-09-28,262.1
2015-09-29,227.3
2015-09-30,198.19
2015-10-01,138.8
2015-10-02,131.2
2015-10-03,160.22
2015-10-04,124.53
2015-10-05,223.36
2015-10-06,200.97
2015-10-07,212.2
2015-10-08,137.2
2015-10-09,178.25
2015-10-10,52.6
2015-10-11,313.23
2015-10-12,149.77
2015-10-13,142.63
2015-10-14,228.36
2015-10-15,112.8
2015-10-16,181.99
2015-10-17,172.81
2015-10-18,211.49
2015-10-19,115.66
2015-10-20,138.56
2015-10-21,181.55
2015-10-22,129.15
2015-10-23,174.91
2015-10-24,65.81
2015-10-25,98.05
2015-10-26,151.02
2015-10-27,292.28
2015-10-28,146.86
2015-10-29,81.31
2015-10-30,142.65
2015-10-31,40.1
2015-11-01,159.31
2015-11-02,356.84
2015-11-03,98.88
2015-11-04,221.99
2015-11-05,205.83
2015-11-06,135.96
2015-11-07,132.48
2015-11-08,101.56
2015-11-09,138.64
2015-11-10,146.28
2015-11-11,207.56
2015-11-12,267.65
2015-11-13,287.9
2015-11-14,176.28
2015-11-15,145.55
2015-11-16,244.06
2015-11-17,206.02
2015-11-18,98.88
2015-11-19,147.54
2015-11-20,120.68
2015-11-21,167.85
2015-11-22,109.2
2015-11-23,508.62
2015-11-24,236.82
2015-11-25,209.13
2015-11-26,281.54
2015-11-27,225.8
2015-11-28,136.69
2015-11-29,153.43
2015-11-30,142.69
2015-12-01,186.93
2015-12-02,252.4
2015-12-03,124.05
2015-12-04,96.69
2015-12-05,97.42
2015-12-06,156.05
2015-12-07,171.62
2015-12-08,177.71
2015-12-09,94.86
2015-12-10,63.78
2015-12-11,85.94
2015-12-12,350.02
2015-12-13,70.21
2015-12-14,113.49
2015-12-15,170.85
2015-12-16,160.59
2015-12-17,123.24
2015-12-18,136.83
2015-12-19,97.7
2015-12-20,126.15
2015-12-21,174.59
2015-12-22,80.17
2015-12-23,137.91
2015-12-24,68.06
2015-12-25,0.0
2015-12-26,560.7
2015-12-27,295.78
2015-12-28,118.88
2015-12-29,175.1
2015-12-30,68.03
2015-12-31,187.85
2016-01-01,313.7
2016-01-02,131.22
2016-01-03,267.25
2016-01-04,245.83
2016-01-05,118.1
2016-01-06,78.25
2016-01-07,213.5
2016-01-08,270.04
2016-01-09,207.51
2016-01-10,106.75
2016-01-11,123.28
2016-01-12,252.7
2016-01-13,175.85
2016-01-14,182.16
2016-01-15,237.72
2016-01-16,118.91
2016-01-17,107.3
2016-01-18,289.35
2016-01-19,123.48
2016-01-20,379.8
2016-01-21,237.26
2016-01-22,163.47
2016-01-23,215.9
2016-01-24,181.74
2016-01-25,139.9
2016-01-26,210.8
2016-01-27,165.83
2016-01-28,226.21
2016-01-29,108.86
2016-01-30,221.9
2016-01-31,190.3
2016-02-01,121.43
2016-02-02,121.0
2016-02-03,267.48
2016-02-04,193.2
2016-02-05,192.38
2016-02-06,169.46
2016-02-07,246.46
2016-02-08,326.22
2016-02-09,225.92
2016-02-10,168.7
2016-02-11,354.49
2016-02-12,179.55
2016-02-13,240.12
2016-02-14,157.65
2016-02-15,219.9
2016-02-16,161.3
2016-02-17,256.61
2016-02-18,210.54
2016-02-19,236.06
2016-02-20,239.69
2016-02-21,264.76
2016-02-22,337.57
2016-02-23,444.82
2016-02-24,300.25
2016-02-25,530.08
2016-02-26,458.91
2016-02-27,482.8
2016-02-28,273.15
2016-02-29,190.34
2016-03-01,506.11
2016-03-02,286.74
2016-03-03,270.03
2016-03-04,223.3
2016-03-05,626.83
2016-03-06,272.06
2016-03-07,395.5
2016-03-08,350.73
2016-03-09,463.59
2016-03-10,262.53
2016-03-11,276.76
2016-03-12,518.62
2016-03-13,509.77
2016-03-14,407.55
2016-03-15,362.76
2016-03-16,1225.36
2016-03-17,1022.64
2016-03-18,266.09
2016-03-19,248.32
2016-03-20,337.3
2016-03-21,378.21
2016-03-22,362.75
2016-03-23,183.01
2016-03-24,266.18
2016-03-25,183.65
2016-03-26,189.91
2016-03-27,176.62
2016-03-28,175.34
2016-03-29,332.83
2016-03-30,366.86
2016-03-31,252.06
2016-04-01,354.26
2016-04-02,154.85
2016-04-03,251.47
2016-04-04,334.86
2016-04-05,388.33
2016-04-06,259.33
2016-04-07,292.87
2016-04-08,286.06
2016-04-09,69.58
2016-04-10,339.69
2016-04-11,156.54
2016-04-12,497.42
2016-04-13,592.47
2016-04-14,372.78
2016-04-15,460.72
2016-04-16,338.53
2016-04-17,529.71
2016-04-18,184.28
2016-04-19,307.71
2016-04-20,392.52
2016-04-21,271.17
2016-04-22,248.49
2016-04-23,225.38
2016-04-24,162.55
2016-04-25,223.23
2016-04-26,239.14
2016-04-27,398.33
2016-04-28,257.18
2016-04-29,181.46
2016-04-30,96.66
2016-05-01,129.51
2016-05-02,240.28
2016-05-03,262.6
2016-05-04,473.28
2016-05-05,382.48
2016-05-06,308.53
2016-05-07,127.04
2016-05-08,456.23
2016-05-09,317.0
2016-05-10,306.64
2016-05-11,390.89
2016-05-12,436.2
2016-05-13,439.97
2016-05-14,282.78
2016-05-15,279.74
2016-05-16,876.5
2016-05-17,279.65
2016-05-18,389.45
2016-05-19,167.3
2016-05-20,390.61
2016-05-21,330.11
2016-05-22,211.18
2016-05-23,582.85
2016-05-24,434.8
2016-05-25,412.17
2016-05-26,173.74
2016-05-27,219.31
2016-05-28,158.33
2016-05-29,312.53
2016-05-30,272.1
2016-05-31,307.78
2016-06-01,279.92
2016-06-02,696.18
2016-06-03,283.24
2016-06-04,166.1
2016-06-05,564.89
2016-06-06,524.35
2016-06-07,535.01
2016-06-08,256.96
2016-06-09,318.22
2016-06-10,385.16
2016-06-11,332.44
2016-06-12,748.25
2016-06-13,519.01
2016-06-14,592.43
2016-06-15,737.92
2016-06-16,554.23
2016-06-17,760.06
2016-06-18,631.78
2016-06-19,681.62
2016-06-20,788.13
2016-06-21,723.73
2016-06-22,761.77
2016-06-23,478.32
2016-06-24,2350.45
2016-06-25,2660.72
2016-06-26,1500.87
2016-06-27,2610.06
2016-06-28,2005.45
2016-06-29,1408.76
2016-06-30,1183.65
2016-07-01,1517.45
2016-07-02,1347.3
2016-07-03,1481.98
2016-07-04,1006.39
2016-07-05,1364.03
2016-07-06,1196.78
2016-07-07,668.68
2016-07-08,775.68
2016-07-09,682.06
2016-07-10,944.98
2016-07-11,754.43
2016-07-12,1046.07
2016-07-13,997.08
2016-07-14,1126.68
2016-07-15,636.92
2016-07-16,719.8
2016-07-17,636.5
2016-07-18,610.72
2016-07-19,714.4
2016-07-20,647.67
2016-07-21,885.97
2016-07-22,586.57
2016-07-23,653.64
2016-07-24,551.94
2016-07-25,746.12
2016-07-26,787.94
2016-07-27,638.59
2016-07-28,1238.78
2016-07-29,688.69
2016-07-30,433.83
2016-07-31,765.04
2016-08-01,730.82
2016-08-02,616.36
2016-08-03,764.33
2016-08-04,725.12
2016-08-05,731.03
2016-08-06,399.71
2016-08-07,568.3
2016-08-08,384.7
2016-08-09,572.29
2016-08-10,526.38
2016-08-11,451.56
2016-08-12,472.57
2016-08-13,455.06
2016-08-14,524.94
2016-08-15,599.13
2016-08-16,419.51
2016-08-17,354.82
2016-08-18,437.08
2016-08-19,592.14
2016-08-20,261.35
2016-08-21,667.02
2016-08-22,418.59
2016-08-23,726.29
2016-08-24,512.87
2016-08-25,251.28
2016-08-26,475.06
2016-08-27,612.76
2016-08-28,274.08
2016-08-29,265.13
2016-08-30,702.16
2016-08-31,486.59
2016-09-01,470.23
2016-09-02,710.92
2016-09-03,421.45
2016-09-04,433.5
2016-09-05,732.42
2016-09-06,575.29
2016-09-07,355.97
2016-09-08,235.28
2016-09-09,315.51
2016-09-10,276.15
2016-09-11,454.92
2016-09-12,390.31
2016-09-13,623.16
2016-09-14,480.46
2016-09-15,576.94
2016-09-16,280.77
2016-09-17,332.89
2016-09-18,379.43
2016-09-19,420.83
2016-09-20,555.0
2016-09-21,487.06
2016-09-22,417.51
2016-09-23,289.85
2016-09-24,145.51
2016-09-25,312.24
2016-09-26,228.09
2016-09-27,494.52
2016-09-28,478.83
2016-09-29,378.63
2016-09-30,393.93
2016-10-01,381.64
2016-10-02,260.62
2016-10-03,574.9
2016-10-04,709.69
2016-10-05,950.35
2016-10-06,435.84
2016-10-07,398.5
2016-10-08,442.76
2016-10-09,431.57
2016-10-10,504.65
2016-10-11,630.7
2016-10-12,464.35
2016-10-13,327.13
2016-10-14,370.49
2016-10-15,382.7
2016-10-16,417.76
2016-10-17,389.23
2016-10-18,383.26
2016-10-19,608.82
2016-10-20,365.56
2016-10-21,232.05
2016-10-22,150.65
2016-10-23,429.65
2016-10-24,392.13
2016-10-25,533.17
2016-10-26,692.74
2016-10-27,717.34
2016-10-28,457.67
2016-10-29,388.42
2016-10-30,465.85
2016-10-31,285.77
2016-11-01,658.19
2016-11-02,517.38
2016-11-03,409.78
2016-11-04,1441.63
2016-11-05,563.3
2016-11-06,444.22
2016-11-07,605.56
2016-11-08,510.54
2016-11-09,749.62
2016-11-10,1011.06
2016-11-11,556.37
2016-11-12,484.17
2016-11-13,526.17
2016-11-14,533.93
2016-11-15,879.87
2016-11-16,637.88
2016-11-17,611.6
2016-11-18,391.91
2016-11-19,539.47
2016-11-20,678.75
2016-11-21,991.44
2016-11-22,869.21
2016-11-23,1200.17
2016-11-24,1407.2
2016-11-25,632.88
2016-11-26,452.56
2016-11-27,524.04
2016-11-28,689.37
2016-11-29,760.23
2016-11-30,742.32
2016-12-01,395.66
2016-12-02,366.68
2016-12-03,268.59
2016-12-04,254.53
2016-12-05,632.56
2016-12-06,608.04
2016-12-07,453.3
2016-12-08,287.69
2016-12-09,379.12
2016-12-10,185.86
2016-12-11,467.35
2016-12-12,535.8
2016-12-13,372.82
2016-12-14,543.37
2016-12-15,692.48
2016-12-16,504.24
2016-12-17,299.48
2016-12-18,265.67
2016-12-19,156.01
2016-12-20,158.68
2016-12-21,249.66
2016-12-22,277.94
2016-12-23,208.68
2016-12-24,527.54
2016-12-25,143.73
2016-12-26,444.29
2016-12-27,497.75
2016-12-28,516.96
2016-12-29,479.63
2016-12-30,584.86
2016-12-31,458.99
2017-01-01,626.82
2017-01-02,864.92
2017-01-03,546.21
2017-01-04,689.41
2017-01-05,647.21
2017-01-06,664.38
2017-01-07,500.99
2017-01-08,416.09
2017-01-09,434.71
2017-01-10,574.48
2017-01-11,550.49
2017-01-12,464.86
2017-01-13,472.86
2017-01-14,447.75
2017-01-15,497.76
2017-01-16,669.4
2017-01-17,786.23
2017-01-18,565.27
2017-01-19,377.29
2017-01-20,540.56
2017-01-21,233.63
2017-01-22,412.22
2017-01-23,399.44
2017-01-24,284.23
2017-01-25,473.08
2017-01-26,301.63
2017-01-27,229.52
2017-01-28,352.78
2017-01-29,274.71
2017-01-30,329.56
2017-01-31,357.73
2017-02-01,453.06
2017-02-02,286.6
2017-02-03,568.11
2017-02-04,272.9
2017-02-05,501.55
2017-02-06,654.0
2017-02-07,447.32
2017-02-08,433.78
2017-02-09,330.64
2017-02-10,432.07
2017-02-11,264.89
2017-02-12,281.23
2017-02-13,395.64
2017-02-14,531.1
2017-02-15,650.34
2017-02-16,370.82
2017-02-17,415.57
2017-02-18,665.98
2017-02-19,219.93
2017-02-20,287.81
2017-02-21,423.29
2017-02-22,504.22
2017-02-23,447.82
2017-02-24,426.41
2017-02-25,291.08
2017-02-26,285.73
2017-02-27,440.94
2017-02-28,716.3
2017-03-01,569.0
2017-03-02,606.21
2017-03-03,252.23
2017-03-04,378.25
2017-03-05,413.53
2017-03-06,400.35
2017-03-07,415.36
2017-03-08,580.53
2017-03-09,907.88
2017-03-10,344.56
2017-03-11,317.85
2017-03-12,223.42
2017-03-13,594.17
2017-03-14,998.04
2017-03-15,395.63
2017-03-16,407.07
2017-03-17,342.49
2017-03-18,275.56
2017-03-19,331.84
2017-03-20,318.42
2017-03-21,314.76
2017-03-22,625.65
2017-03-23,538.84
2017-03-24,312.12
2017-03-25,236.34
2017-03-26,187.67
2017-03-27,397.88
2017-03-28,328.79
2017-03-29,419.27
2017-03-30,186.96
2017-03-31,449.49
2017-04-01,135.48
2017-04-02,828.45
2017-04-03,529.68
2017-04-04,320.79
2017-04-05,328.58
2017-04-06,319.89
2017-04-07,273.9
2017-04-08,192.72
2017-04-09,357.8
2017-04-10,495.61
2017-04-11,261.77
2017-04-12,289.4
2017-04-13,274.96
2017-04-14,173.19
2017-04-15,173.17
2017-04-16,323.43
2017-04-17,471.34
2017-04-18,375.45
2017-04-19,532.36
2017-04-20,274.41
2017-04-21,375.39
2017-04-22,219.7
2017-04-23,276.33
2017-04-24,380.83
2017-04-25,349.62
2017-04-26,380.72
2017-04-27,263.45
2017-04-28,399.02
2017-04-29,278.54
2017-04-30,160.56
2017-05-01,224.69
2017-05-02,153.47
2017-05-03,212.81
2017-05-04,216.45
2017-05-05,402.07
2017-05-06,113.29
2017-05-07,337.62
2017-05-08,436.58
2017-05-09,218.08
2017-05-10,306.42
2017-05-11,514.72
2017-05-12,361.57
2017-05-13,535.13
2017-05-14,349.61
2017-05-15,370.92
2017-05-16,600.16
2017-05-17,2042.45
2017-05-18,558.39
2017-05-19,607.38
2017-05-20,277.23
2017-05-21,206.37
2017-05-22,470.5
2017-05-23,420.1
2017-05-24,244.89
2017-05-25,241.86
2017-05-26,198.5
2017-05-27,138.21
2017-05-28,189.08
2017-05-29,295.71
2017-05-30,398.17
2017-05-31,439.99
2017-06-01,567.81
2017-06-02,442.23
2017-06-03,538.56
2017-06-04,359.95
2017-06-05,457.43
2017-06-06,360.06
2017-06-07,727.22
2017-06-08,654.89
2017-06-09,758.05
2017-06-10,1110.29
2017-06-11,609.55
2017-06-12,821.2
2017-06-13,649.51
2017-06-14,746.75
2017-06-15,553.0
2017-06-16,551.55
2017-06-17,448.5
2017-06-18,367.02
2017-06-19,544.58
2017-06-20,677.93
2017-06-21,569.8
2017-06-22,569.63
2017-06-23,865.96
2017-06-24,496.11
2017-06-25,306.68
2017-06-26,419.39
2017-06-27,462.26
2017-06-28,673.8
2017-06-29,334.18
2017-06-30,800.28
2017-07-01,733.61
2017-07-02,288.11
2017-07-03,501.41
2017-07-04,439.32
2017-07-05,340.25
2017-07-06,359.53
2017-07-07,473.18
2017-07-08,518.24
2017-07-09,357.3
2017-07-10,360.65
2017-07-11,329.99
2017-07-12,645.37
2017-07-13,272.37
2017-07-14,427.12
2017-07-15,308.61
2017-07-16,219.47
2017-07-17,280.66
2017-07-18,596.69
2017-07-19,372.28
2017-07-20,137.0
2017-07-21,363.85
2017-07-22,225.62
2017-07-23,260.94
2017-07-24,283.15
2017-07-25,600.84
2017-07-26,659.92
2017-07-27,432.97
2017-07-28,407.01
2017-07-29,668.19
2017-07-30,277.13
2017-07-31,519.03
2017-08-01,565.17
2017-08-02,444.27
2017-08-03,311.12
2017-08-04,679.48
2017-08-05,336.23
2017-08-06,224.72
2017-08-07,276.01
2017-08-08,429.44
2017-08-09,370.35
2017-08-10,311.87
2017-08-11,356.56
2017-08-12,226.57
2017-08-13,204.92
2017-08-14,441.4
2017-08-15,513.01
2017-08-16,538.18
2017-08-17,460.02
2017-08-18,221.94
2017-08-19,259.22
2017-08-20,238.69
2017-08-21,112.98
2017-08-22,206.6
2017-08-23,281.68
2017-08-24,462.4
2017-08-25,393.43
2017-08-26,429.08
2017-08-27,170.35
2017-08-28,284.78
2017-08-29,451.78
2017-08-30,237.53
2017-08-31,224.24
2017-09-01,386.08
2017-09-02,235.59
2017-09-03,189.44
2017-09-04,293.21
2017-09-05,635.77
2017-09-06,580.68
2017-09-07,555.67
2017-09-08,775.55
2017-09-09,321.68
2017-09-10,278.5
2017-09-11,282.63
2017-09-12,344.97
2017-09-13,548.3
2017-09-14,595.19
2017-09-15,407.0
2017-09-16,312.21
2017-09-17,342.43
2017-09-18,214.41
2017-09-19,403.04
2017-09-20,546.86
2017-09-21,179.97
2017-09-22,356.71
2017-09-23,338.48
2017-09-24,363.1
2017-09-25,274.16
2017-09-26,381.57
2017-09-27,726.58
2017-09-28,350.86
2017-09-29,281.65
2017-09-30,309.26
2017-10-01,281.89
2017-10-02,479.54
2017-10-03,433.19
2017-10-04,433.13
2017-10-05,683.51
2017-10-06,302.99
2017-10-07,268.37
2017-10-08,379.3
2017-10-09,253.04
2017-10-10,560.69
2017-10-11,486.57
2017-10-12,454.68
2017-10-13,536.49
2017-10-14,328.32
2017-10-15,265.54
2017-10-16,339.6
2017-10-17,487.85
2017-10-18,363.88
2017-10-19,429.12
2017-10-20,316.87
2017-10-21,449.01
2017-10-22,183.79
2017-10-23,534.43
2017-10-24,469.88
2017-10-25,406.51
2017-10-26,322.04
2017-10-27,211.81
2017-10-28,481.19
2017-10-29,185.81
2017-10-30,308.52
2017-10-31,429.71
2017-11-01,259.84
2017-11-02,531.47
2017-11-03,729.61
2017-11-04,635.04
2017-11-05,291.26
2017-11-06,16.37
2017-11-07,534.6
2017-11-08,305.15
2017-11-09,358.87
2017-11-10,372.69
2017-11-11,496.15
2017-11-12,185.76
2017-11-13,596.37
2017-11-14,751.12
2017-11-15,415.46
2017-11-16,416.29
2017-11-17,297.56
2017-11-18,479.39
2017-11-19,361.72
2017-11-20,496.5
2017-11-21,823.34
2017-11-22,846.25
2017-11-23,773.23
2017-11-24,554.79
2017-11-25,346.44
2017-11-26,378.56
2017-11-27,254.62
2017-11-28,477.12
2017-11-29,694.44
2017-11-30,278.86
2017-12-01,256.19
2017-12-02,209.5
2017-12-03,279.0
2017-12-04,581.49
2017-12-05,278.58
2017-12-06,430.02
2017-12-07,307.77
2017-12-08,459.5
2017-12-09,771.06
2017-12-10,365.74
2017-12-11,485.87
2017-12-12,403.86
2017-12-13,399.11
2017-12-14,483.62
2017-12-15,715.71
2017-12-16,204.31
2017-12-17,151.59
2017-12-18,257.27
2017-12-19,438.56
2017-12-20,492.49
2017-12-21,305.08
2017-12-22,331.16
2017-12-23,282.48
2017-12-24,392.06
2017-12-25,1.84
2017-12-26,230.53
2017-12-27,420.48
2017-12-28,331.92
2017-12-29,271.21
2017-12-30,511.95
2017-12-31,435.04
2018-01-01,626.43
2018-01-02,395.18
2018-01-03,524.09
2018-01-04,250.91
2018-01-05,515.99
2018-01-06,381.1
2018-01-07,42.39
2018-01-08,380.61
2018-01-09,417.46
2018-01-10,469.76
2018-01-11,383.06
2018-01-12,483.02
2018-01-13,293.8
2018-01-14,208.61
2018-01-15,133.0
2018-01-16,211.43
2018-01-17,515.98
2018-01-18,436.01
2018-01-19,238.15
2018-01-20,183.93
2018-01-21,224.6
2018-01-22,283.06
2018-01-23,550.51
2018-01-24,263.83
2018-01-25,217.94
2018-01-26,354.58
2018-01-27,168.9
2018-01-28,283.71
2018-01-29,478.58
2018-01-30,277.63
2018-01-31,412.95
2018-02-01,202.48
2018-02-02,286.08
2018-02-03,271.53
2018-02-04,241.78
2018-02-05,493.29
2018-02-06,194.47
2018-02-07,195.94
2018-02-08,301.43
2018-02-09,222.4
2018-02-10,296.2
2018-02-11,216.09
2018-02-12,87.12
2018-02-13,288.63
2018-02-14,243.55
2018-02-15,204.69
2018-02-16,157.33
2018-02-17,283.23
2018-02-18,261.83
2018-02-19,283.67
2018-02-20,184.04
2018-02-21,183.37
2018-02-22,332.58
2018-02-23,341.19
2018-02-24,241.21
2018-02-25,296.63
2018-02-26,217.61
2018-02-27,144.24
2018-02-28,251.47
2018-03-01,449.45
2018-03-02,479.68
2018-03-03,399.31
2018-03-04,166.75
2018-03-05,262.68
2018-03-06,618.48
2018-03-07,353.45
2018-03-08,286.44
2018-03-09,438.28
2018-03-10,246.27
2018-03-11,79.14
2018-03-12,270.06
2018-03-13,568.39
2018-03-14,734.79
2018-03-15,410.49
2018-03-16,366.43
2018-03-17,362.68
2018-03-18,198.75
2018-03-19,228.66
2018-03-20,330.56
2018-03-21,358.35
2018-03-22,315.85
2018-03-23,303.48
2018-03-24,337.99
2018-03-25,158.55
2018-03-26,257.51
2018-03-27,392.79
2018-03-28,217.26
2018-03-29,298.67
2018-03-30,159.85
2018-03-31,176.84
2018-04-01,183.13
2018-04-02,167.03
2018-04-03,161.94
2018-04-04,192.97
2018-04-05,225.16
2018-04-06,432.27
2018-04-07,187.45
2018-04-08,154.88
2018-04-09,173.53
2018-04-10,284.53
2018-04-11,319.48
2018-04-12,127.49
2018-04-13,464.73
2018-04-14,258.54
2018-04-15,184.94
2018-04-16,305.74
2018-04-17,285.21
2018-04-18,286.16
2018-04-19,339.49
2018-04-20,253.07
2018-04-21,194.57
2018-04-22,174.44
2018-04-23,189.91
2018-04-24,171.86
2018-04-25,232.21
2018-04-26,80.75
2018-04-27,230.78
2018-04-28,423.37
2018-04-29,81.24
2018-04-30,124.27
2018-05-01,123.34
2018-05-02,283.28
2018-05-03,314.88
2018-05-04,199.38
2018-05-05,285.29
2018-05-06,258.78
2018-05-07,219.42
2018-05-08,297.94
2018-05-09,414.67
2018-05-10,324.53
2018-05-11,283.79
2018-05-12,194.43
2018-05-13,200.96
2018-05-14,273.95
2018-05-15,627.57
2018-05-16,199.67
2018-05-17,144.2
2018-05-18,270.26
2018-05-19,232.75
2018-05-20,173.28
2018-05-21,293.21
2018-05-22,329.62
2018-05-23,265.4
2018-05-24,389.7
2018-05-25,494.92
2018-05-26,418.75
2018-05-27,154.6
2018-05-28,448.57
2018-05-29,307.71
2018-05-30,549.97
2018-05-31,380.55
2018-06-01,264.1
2018-06-02,277.25
2018-06-03,281.1
2018-06-04,253.55
2018-06-05,401.09
2018-06-06,524.8
2018-06-07,402.41
2018-06-08,373.27
2018-06-09,357.12
2018-06-10,83.42
2018-06-11,399.51
2018-06-12,329.06
2018-06-13,388.3
2018-06-14,335.53
2018-06-15,446.58
2018-06-16,262.05
2018-06-17,167.8
2018-06-18,279.08
2018-06-19,357.65
2018-06-20,296.57
2018-06-21,419.92
2018-06-22,400.42
2018-06-23,234.61
2018-06-24,387.15
2018-06-25,306.26
2018-06-26,343.9
2018-06-27,365.2
2018-06-28,269.8
2018-06-29,515.4
2018-06-30,304.04
2018-07-01,175.4
2018-07-02,279.93
2018-07-03,411.48
2018-07-04,426.51
2018-07-05,411.87
2018-07-06,362.78
2018-07-07,272.69
2018-07-08,303.79
2018-07-09,260.32
2018-07-10,197.19
2018-07-11,231.84
2018-07-12,317.52
2018-07-13,319.17
2018-07-14,375.24
2018-07-15,131.08
2018-07-16,184.39
2018-07-17,444.09
2018-07-18,233.78
2018-07-19,284.24
2018-07-20,199.91
2018-07-21,223.31
2018-07-22,221.81
2018-07-23,257.06
2018-07-24,478.56
2018-07-25,530.13
2018-07-26,97.4
2018-07-27,354.22
2018-07-28,420.5
2018-07-29,162.97
2018-07-30,378.1
2018-07-31,408.2
2018-08-01,421.95
2018-08-02,565.6
2018-08-03,562.4
2018-08-04,413.05
2018-08-05,291.19
2018-08-06,551.25
2018-08-07,335.21
2018-08-08,207.95
2018-08-09,214.01
2018-08-10,211.43
2018-08-11,322.85
2018-08-12,402.41
2018-08-13,130.01
2018-08-14,211.64
2018-08-15,184.28
2018-08-16,301.99
2018-08-17,317.44
2018-08-18,164.05
2018-08-19,167.11
2018-08-20,286.54
2018-08-21,113.29
2018-08-22,208.25
2018-08-23,305.15
2018-08-24,266.47
2018-08-25,284.06
2018-08-26,212.85
2018-08-27,247.82
2018-08-28,326.98
2018-08-29,307.6
2018-08-30,258.73
2018-08-31,110.88
2018-09-01,62.89
2018-09-02,179.06
2018-09-03,249.38
2018-09-04,169.95
2018-09-05,84.71
2018-09-06,88.56
2018-09-07,94.01
2018-09-08,146.28
2018-09-09,127.5
2018-09-10,76.77
2018-09-11,78.67
2018-09-12,35.56
2018-09-13,75.46
2018-09-14,54.14
2018-09-15,93.0
2018-09-16,167.52
2018-09-17,106.99
2018-09-18,163.68
2018-09-19,118.23
2018-09-20,101.69
2018-09-21,160.29
2018-09-22,86.58
2018-09-23,168.31
2018-09-24,159.13
2018-09-25,117.83
2018-09-26,66.18
2018-09-27,75.73
2018-09-28,95.1
2018-09-29,87.6
2018-09-30,155.54
2018-10-01,218.75
2018-10-02,172.99
2018-10-03,161.22
2018-10-04,172.13
2018-10-05,111.95
2018-10-06,112.15
2018-10-07,216.28
2018-10-08,114.72
2018-10-09,80.03
2018-10-10,102.63
2018-10-11,95.72
2018-10-12,130.22
2018-10-13,99.12
2018-10-14,217.33
2018-10-15,122.25
2018-10-16,164.54
2018-10-17,127.52
2018-10-18,201.36
2018-10-19,133.82
2018-10-20,92.8
2018-10-21,160.54
2018-10-22,166.17
2018-10-23,78.04
2018-10-24,148.33
2018-10-25,196.24
2018-10-26,131.03
2018-10-27,112.53
2018-10-28,240.0
2018-10-29,115.59
2018-10-30,86.53
2018-10-31,125.57
2018-11-01,136.47
2018-11-02,116.44
2018-11-03,146.61
2018-11-04,276.42
2018-11-05,148.61
2018-11-06,209.72
2018-11-07,95.14
2018-11-08,147.83
2018-11-09,77.9
2018-11-10,81.65
2018-11-11,84.43
2018-11-12,119.92
2018-11-13,122.9
2018-11-14,110.31
2018-11-15,86.13
2018-11-16,87.24
2018-11-17,52.42
2018-11-18,153.8
2018-11-19,40.16
2018-11-20,39.01
2018-11-21,96.18
2018-11-22,38.15
2018-11-23,51.78
2018-11-24,95.66
2018-11-25,232.66
2018-11-26,136.55
2018-11-27,169.52
2018-11-28,140.28
2018-11-29,300.77
2018-11-30,200.35
2018-12-01,133.39
2018-12-02,318.54
2018-12-03,275.23
2018-12-04,134.11
2018-12-05,104.06
2018-12-06,114.96
2018-12-07,135.7
2018-12-08,109.51
2018-12-09,164.14
2018-12-10,130.3
2018-12-11,122.82
2018-12-12,90.56
2018-12-13,175.32
2018-12-14,173.09
2018-12-15,142.14
2018-12-16,279.95
2018-12-17,145.96
2018-12-18,149.84
2018-12-19,167.58
2018-12-20,126.49
2018-12-21,172.98
2018-12-22,294.68
2018-12-23,371.71
2018-12-24,221.51
2018-12-25,244.97
2018-12-26,332.51
2018-12-27,224.95
2018-12-28,210.47
2018-12-29,190.43
2018-12-30,441.23
2018-12-31,208.65
2019-01-01,277.31
2019-01-02,261.75
2019-01-03,260.5
2019-01-04,202.67
2019-01-05,197.28
2019-01-06,279.08
2019-01-07,222.88
2019-01-08,353.46
2019-01-09,184.28
2019-01-10,245.54
2019-01-11,264.37
2019-01-12,277.24
2019-01-13,252.68
2019-01-14,354.67
2019-01-15,264.2
2019-01-16,214.45
2019-01-17,220.77
2019-01-18,231.23
2019-01-19,189.63
2019-01-20,274.22
2019-01-21,154.82
2019-01-22,177.09
2019-01-23,125.01
2019-01-24,196.05
2019-01-25,157.73
2019-01-26,146.74
2019-01-27,340.52
2019-01-28,169.08
2019-01-29,113.52
2019-01-30,178.26
2019-01-31,215.31
2019-02-01,160.6
2019-02-02,143.59
2019-02-03,245.63
2019-02-04,229.79
2019-02-05,136.49
2019-02-06,291.63
2019-02-07,151.49
2019-02-08,110.93
2019-02-09,81.2
2019-02-10,155.47
2019-02-11,140.29
2019-02-12,34.43
2019-02-13,150.51
2019-02-14,46.78
2019-02-15,116.61
2019-02-16,94.77
2019-02-17,164.71
2019-02-18,179.19
2019-02-19,159.55
2019-02-20,101.65
2019-02-21,152.4
2019-02-22,147.67
2019-02-23,113.06
2019-02-24,145.84
2019-02-25,119.4
2019-02-26,176.23
2019-02-27,200.09
2019-02-28,177.2
2019-03-01,174.41
2019-03-02,164.8
2019-03-03,151.65
2019-03-04,79.87
2019-03-05,263.21
2019-03-06,121.63
2019-03-07,175.94
2019-03-08,148.08
2019-03-09,148.98
2019-03-10,239.99
2019-03-11,241.99
2019-03-12,119.85
2019-03-13,159.04
2019-03-14,95.05
2019-03-15,156.06
2019-03-16,105.05
2019-03-17,190.03
2019-03-18,95.39
2019-03-19,159.0
2019-03-20,135.17
2019-03-21,144.13
2019-03-22,121.62
2019-03-23,97.73
2019-03-24,148.08
2019-03-25,83.11
2019-03-26,84.52
2019-03-27,135.32
2019-03-28,58.61
2019-03-29,136.85
2019-03-30,125.06
2019-03-31,170.52
2019-04-01,184.37
2019-04-02,140.74
2019-04-03,157.32
2019-04-04,95.5
2019-04-05,64.47
2019-04-06,278.25
2019-04-07,163.95
2019-04-08,95.01
2019-04-09,90.27
2019-04-10,122.34
2019-04-11,86.65
2019-04-12,86.6
2019-04-13,76.99
2019-04-14,241.81
2019-04-15,98.02
2019-04-16,87.13
2019-04-17,104.84
2019-04-18,109.16
2019-04-19,66.93
2019-04-20,78.55
2019-04-21,154.48
2019-04-22,151.72
2019-04-23,79.32
2019-04-24,85.69
2019-04-25,109.87
2019-04-26,144.69
2019-04-27,122.71
2019-04-28,231.37
2019-04-29,130.02
2019-04-30,124.89
2019-05-01,155.0
2019-05-02,45.29
2019-05-03,118.88
2019-05-04,99.43
2019-05-05,161.6
2019-05-06,148.93
2019-05-07,172.56
2019-05-08,197.02
2019-05-09,131.52
2019-05-10,145.93
2019-05-11,101.47
2019-05-12,211.69
2019-05-13,150.3
2019-05-14,202.21
2019-05-15,183.54
2019-05-16,178.72
2019-05-17,132.61
2019-05-18,150.46
2019-05-19,194.08
2019-05-20,176.14
2019-05-21,116.83
2019-05-22,154.53
2019-05-23,91.32
2019-05-24,176.48
2019-05-25,227.29
2019-05-26,214.63
2019-05-27,204.05
2019-05-28,138.94
2019-05-29,109.48
2019-05-30,55.91
2019-05-31,118.86
2019-06-01,170.68
2019-06-02,284.58
2019-06-03,78.05
2019-06-04,102.9
2019-06-05,289.39
2019-06-06,200.83
2019-06-07,256.11
2019-06-08,259.05
2019-06-09,269.57
2019-06-10,315.14
2019-06-11,195.34
2019-06-12,221.49
2019-06-13,193.06
2019-06-14,211.35
2019-06-15,220.74
2019-06-16,305.33
2019-06-17,184.84
2019-06-18,193.68
2019-06-19,138.06
2019-06-20,111.35
2019-06-21,158.56
2019-06-22,157.46
2019-06-23,287.51
2019-06-24,182.58
2019-06-25,130.91
2019-06-26,182.46
2019-06-27,128.14
2019-06-28,200.08
2019-06-29,101.85
2019-06-30,164.44
2019-07-01,228.1
2019-07-02,104.8
2019-07-03,116.97
2019-07-04,129.1
2019-07-05,88.75
2019-07-06,157.4
2019-07-07,208.89
2019-07-08,135.08
2019-07-09,86.96
2019-07-10,78.19
2019-07-11,177.98
2019-07-12,175.16
2019-07-13,190.39
2019-07-14,159.34
2019-07-15,171.43
2019-07-16,160.2
2019-07-17,132.08
2019-07-18,103.98
2019-07-19,105.11
2019-07-20,51.97
2019-07-21,184.2
2019-07-22,131.78
2019-07-23,137.07
2019-07-24,88.37
2019-07-25,116.47
2019-07-26,156.12
2019-07-27,279.21
2019-07-28,300.71
2019-07-29,111.8
2019-07-30,187.94
2019-07-31,106.55
2019-08-01,180.22
2019-08-02,163.5
2019-08-03,213.36
2019-08-04,215.25
2019-08-05,124.52
2019-08-06,145.96
2019-08-07,149.37
2019-08-08,106.55
2019-08-09,132.2
2019-08-10,95.22
2019-08-11,209.13
2019-08-12,138.41
2019-08-13,124.84
2019-08-14,233.95
2019-08-15,321.75
2019-08-16,317.09
2019-08-17,375.01
2019-08-18,271.32
2019-08-19,225.91
2019-08-20,229.26
2019-08-21,324.62
2019-08-22,268.32
2019-08-23,373.96
2019-08-24,537.82
2019-08-25,452.09
2019-08-26,332.02
2019-08-27,260.2
2019-08-28,178.13
2019-08-29,123.5
2019-08-30,227.01
2019-08-31,218.07
2019-09-01,298.08
2019-09-02,258.69
2019-09-03,193.59
2019-09-04,148.63
2019-09-05,175.82
2019-09-06,234.88
2019-09-07,278.8
2019-09-08,170.83
2019-09-09,148.12
2019-09-10,109.86
2019-09-11,123.91
2019-09-12,177.34
2019-09-13,200.48
2019-09-14,184.0
2019-09-15,216.48
2019-09-16,100.85
2019-09-17,130.63
2019-09-18,119.32
2019-09-19,207.9
2019-09-20,260.94
2019-09-21,141.74
2019-09-22,245.59
2019-09-23,225.96
2019-09-24,164.71
2019-09-25,263.75
2019-09-26,121.88
2019-09-27,178.99
2019-09-28,176.07
2019-09-29,254.77
2019-09-30,161.4
2019-10-01,85.41
2019-10-02,170.14
2019-10-03,119.79
2019-10-04,283.2
2019-10-05,293.11
2019-10-06,296.57
2019-10-07,189.81
2019-10-08,241.79
2019-10-09,39.52
2019-10-10,216.9
2019-10-11,142.6
2019-10-12,102.74
2019-10-13,302.32
2019-10-14,171.84
2019-10-15,108.44
2019-10-16,146.67
2019-10-17,135.87
2019-10-18,84.76
2019-10-19,165.83
2019-10-20,191.34
2019-10-21,102.35
2019-10-22,63.36
2019-10-23,100.02
2019-10-24,89.36
2019-10-25,96.15
2019-10-26,96.06
2019-10-27,249.55
2019-10-28,95.5
2019-10-29,181.7
2019-10-30,222.21
2019-10-31,210.43
2019-11-01,76.13
2019-11-02,209.96
2019-11-03,186.16
2019-11-04,145.89
2019-11-05,206.21
2019-11-06,83.59
2019-11-07,112.46
2019-11-08,173.74
2019-11-09,142.72
2019-11-10,178.44
2019-11-11,176.64
2019-11-12,181.35
2019-11-13,113.76
2019-11-14,107.49
2019-11-15,96.5
2019-11-16,159.61
2019-11-17,234.15
2019-11-18,37.21
2019-11-19,43.49
2019-11-20,64.06
2019-11-21,86.88
2019-11-22,85.75
2019-11-23,142.51
2019-11-24,180.15
2019-11-25,114.66
2019-11-26,74.96
2019-11-27,105.94
2019-11-28,179.83
2019-11-29,109.96
2019-11-30,70.6
2019-12-01,110.22
2019-12-02,101.44
2019-12-03,149.36
2019-12-04,131.72
2019-12-05,143.75
2019-12-06,231.13
2019-12-07,294.18
2019-12-08,375.71
2019-12-09,168.58
2019-12-10,178.11
2019-12-11,129.85
2019-12-12,165.69
2019-12-13,246.56
2019-12-14,268.28
2019-12-15,220.84
2019-12-16,156.24
2019-12-17,166.36
2019-12-18,118.61
2019-12-19,105.77
2019-12-20,205.95
2019-12-21,207.86
2019-12-22,260.72
2019-12-23,166.34
2019-12-24,72.8
2019-12-25,130.36
2019-12-26,131.21
2019-12-27,198.95
2019-12-28,138.47
2019-12-29,275.75
2019-12-30,151.95
2019-12-31,113.29
2020-01-01,251.14
2020-01-02,173.89
2020-01-03,168.62
2020-01-04,328.05
2020-01-05,252.2
2020-01-06,241.2
2020-01-07,115.27
2020-01-08,180.45
2020-01-09,130.57
2020-01-10,141.28
2020-01-11,215.92
2020-01-12,183.1
2020-01-13,196.12
2020-01-14,150.77
2020-01-15,185.17
2020-01-16,103.35
2020-01-17,122.76
2020-01-18,100.44
2020-01-19,227.06
2020-01-20,133.77
2020-01-21,152.05
2020-01-22,121.28
2020-01-23,122.73
2020-01-24,90.89
2020-01-25,118.14
2020-01-26,222.18
2020-01-27,108.45
2020-01-28,182.58
2020-01-29,85.06
2020-01-30,151.38
2020-01-31,236.47
2020-02-01,196.47
2020-02-02,109.7
2020-02-03,150.73
2020-02-04,147.76
2020-02-05,122.08
2020-02-06,150.47
2020-02-07,207.58
2020-02-08,181.06
2020-02-09,186.44
2020-02-10,219.82
2020-02-11,287.92
2020-02-12,160.22
2020-02-13,156.96
2020-02-14,89.97
2020-02-15,139.54
2020-02-16,257.95
2020-02-17,114.27
2020-02-18,109.22
2020-02-19,100.57
2020-02-20,144.42
2020-02-21,159.87
2020-02-22,241.69
2020-02-23,306.05
2020-02-24,106.46
2020-02-25,215.2
2020-02-26,172.32
2020-02-27,203.89
2020-02-28,264.52
2020-02-29,418.38
2020-03-01,227.94
2020-03-02,177.12
2020-03-03,218.04
2020-03-04,258.78
2020-03-05,182.37
2020-03-06,227.94
2020-03-07,183.83
2020-03-08,420.99
2020-03-09,361.41
2020-03-10,379.75
2020-03-11,280.61
2020-03-12,304.01
2020-03-13,468.32
2020-03-14,371.33
2020-03-15,811.82
2020-03-16,509.77
2020-03-17,555.81
2020-03-18,647.12
2020-03-19,738.09
2020-03-20,888.43
2020-03-21,726.57
2020-03-22,1000.67
2020-03-23,1025.87
2020-03-24,1045.35
2020-03-25,702.34
2020-03-26,955.95
2020-03-27,932.81
2020-03-28,745.03
2020-03-29,1324.5
2020-03-30,795.68
2020-03-31,554.38
2020-04-01,776.85
2020-04-02,894.01
2020-04-03,836.99
2020-04-04,888.04
2020-04-05,1183.66
2020-04-06,974.14
2020-04-07,737.82
2020-04-08,876.78
2020-04-09,748.88
2020-04-10,741.68
2020-04-11,830.75
2020-04-12,1107.06
2020-04-13,1046.96
2020-04-14,981.9
2020-04-15,931.39
2020-04-16,988.95
2020-04-17,770.94
2020-04-18,871.78
2020-04-19,1548.5
2020-04-20,1115.39
2020-04-21,913.29
2020-04-22,760.97
2020-04-23,831.35
2020-04-24,979.46
2020-04-25,1036.95
2020-04-26,1492.14
2020-04-27,1184.72
2020-04-28,952.15
2020-04-29,910.92
2020-04-30,803.78
2020-05-01,974.04
2020-05-02,809.57
2020-05-03,1217.61
2020-05-04,803.75
2020-05-05,852.4
2020-05-06,980.51
2020-05-07,953.53
2020-05-08,803.13
2020-05-09,842.54
2020-05-10,968.36
2020-05-11,636.85
2020-05-12,961.15
2020-05-13,993.12
2020-05-14,873.58
2020-05-15,609.53
2020-05-16,842.24
2020-05-17,1448.28
2020-05-18,1094.7
2020-05-19,753.52
2020-05-20,745.64
2020-05-21,672.08
2020-05-22,714.34
2020-05-23,653.59
2020-05-24,1007.27
2020-05-25,619.95
2020-05-26,747.46
2020-05-27,711.85
2020-05-28,789.84
2020-05-29,783.99
2020-05-30,923.53
2020-05-31,1212.3
2020-06-01,606.93
2020-06-02,392.13
2020-06-03,678.07
2020-06-04,526.4
2020-06-05,490.81
2020-06-06,476.95
2020-06-07,733.41
2020-06-08,573.47
2020-06-09,573.96
2020-06-10,477.82
2020-06-11,612.93
2020-06-12,622.8
2020-06-13,611.67
2020-06-14,851.56
2020-06-15,557.69
2020-06-16,502.67
2020-06-17,630.85
2020-06-18,678.12
2020-06-19,690.72
2020-06-20,793.42
2020-06-21,833.07
2020-06-22,605.53
2020-06-23,567.58
2020-06-24,556.6
2020-06-25,525.06
2020-06-26,559.86
2020-06-27,434.99
2020-06-28,955.17
2020-06-29,689.22
2020-06-30,462.62
2020-07-01,690.94
2020-07-02,610.3
2020-07-03,504.78
2020-07-04,494.08
2020-07-05,734.5
2020-07-06,748.91
2020-07-07,473.03
2020-07-08,645.21
2020-07-09,498.01
2020-07-10,508.5
2020-07-11,509.68
2020-07-12,764.24
2020-07-13,435.65
2020-07-14,407.5
2020-07-15,572.17
2020-07-16,579.59
2020-07-17,692.5
2020-07-18,456.08
2020-07-19,892.67
2020-07-20,817.14
2020-07-21,667.35
2020-07-22,611.69
2020-07-23,566.38
2020-07-24,457.08
2020-07-25,429.7
2020-07-26,758.08
2020-07-27,699.32
2020-07-28,759.14
2020-07-29,617.76
2020-07-30,548.54
2020-07-31,517.7
2020-08-01,578.85
2020-08-02,778.98
2020-08-03,620.0
2020-08-04,542.33
2020-08-05,457.42
2020-08-06,581.0
2020-08-07,524.2
2020-08-08,672.78
2020-08-09,598.27
2020-08-10,593.25
2020-08-11,484.77
2020-08-12,480.15
2020-08-13,551.9
2020-08-14,444.53
2020-08-15,588.19
2020-08-16,871.93
2020-08-17,495.42
2020-08-18,397.72
2020-08-19,279.72
2020-08-20,566.29
2020-08-21,457.58
2020-08-22,514.63
2020-08-23,703.87
2020-08-24,550.62
2020-08-25,534.12
2020-08-26,337.68
2020-08-27,376.79
2020-08-28,465.86
2020-08-29,569.53
2020-08-30,444.73
2020-08-31,466.65
2020-09-01,381.86
2020-09-02,319.8
2020-09-03,444.16
2020-09-04,412.95
2020-09-05,416.32
2020-09-06,815.93
2020-09-07,1134.9
2020-09-08,296.64
2020-09-09,388.21
2020-09-10,412.15
2020-09-11,376.0
2020-09-12,375.1
2020-09-13,646.82
2020-09-14,484.94
2020-09-15,587.39
2020-09-16,421.04
2020-09-17,392.28
2020-09-18,366.56
2020-09-19,299.83
2020-09-20,715.57
2020-09-21,394.52
2020-09-22,218.21
2020-09-23,375.34
2020-09-24,382.27
2020-09-25,323.37
2020-09-26,229.94
2020-09-27,625.24
2020-09-28,416.8
2020-09-29,322.31
2020-09-30,419.47
2020-10-01,414.31
2020-10-02,422.0
2020-10-03,465.25
2020-10-04,507.63
2020-10-05,381.36
2020-10-06,516.08
2020-10-07,712.02
2020-10-08,493.58
2020-10-09,541.16
2020-10-10,622.77
2020-10-11,1004.88
2020-10-12,548.28
2020-10-13,301.82
2020-10-14,444.7
2020-10-15,367.87
2020-10-16,355.35
2020-10-17,288.13
2020-10-18,568.25
2020-10-19,414.4
2020-10-20,417.12
2020-10-21,308.15
2020-10-22,352.26
2020-10-23,267.71
2020-10-24,344.13
2020-10-25,606.72
2020-10-26,441.87
2020-10-27,280.56
2020-10-28,433.09
2020-10-29,553.14
2020-10-30,489.91
2020-10-31,406.54
2020-11-01,653.7
2020-11-02,599.3
2020-11-03,362.07
2020-11-04,661.31
2020-11-05,383.11
2020-11-06,535.38
2020-11-07,427.39
2020-11-08,453.3
2020-11-09,298.98
2020-11-10,324.92
2020-11-11,462.77
2020-11-12,335.55
2020-11-13,242.77
2020-11-14,310.99
2020-11-15,478.37
2020-11-16,391.61
2020-11-17,378.42
2020-11-18,276.11
2020-11-19,385.07
2020-11-20,366.39
2020-11-21,284.5
2020-11-22,445.99
2020-11-23,538.89
2020-11-24,370.55
2020-11-25,435.26
2020-11-26,410.93
2020-11-27,631.73
2020-11-28,325.16
2020-11-29,491.11
2020-11-30,390.69
2020-12-01,391.92
2020-12-02,357.59
2020-12-03,318.65
2020-12-04,320.51
2020-12-05,264.0
2020-12-06,745.97
2020-12-07,400.92
2020-12-08,313.53
2020-12-09,177.69
2020-12-10,302.97
2020-12-11,138.89
2020-12-12,261.39
2020-12-13,475.66
2020-12-14,400.76
2020-12-15,286.61
2020-12-16,243.87
2020-12-17,371.36
2020-12-18,332.09
2020-12-19,264.02
2020-12-20,502.38
2020-12-21,333.17
2020-12-22,257.08
2020-12-23,377.37
2020-12-24,372.08
2020-12-25,249.2
2020-12-26,1225.51
2020-12-27,586.24
2020-12-28,395.84
2020-12-29,407.71
2020-12-30,538.33
2020-12-31,472.85
2021-01-01,869.81
2021-01-02,442.43
2021-01-03,667.89
2021-01-04,1141.66
2021-01-05,405.99
2021-01-06,326.12
2021-01-07,249.98
2021-01-08,200.56
2021-01-09,271.44
2021-01-10,565.49
2021-01-11,525.75
2021-01-12,351.82
2021-01-13,308.9
2021-01-14,291.83
2021-01-15,260.76
2021-01-16,365.47
2021-01-17,316.43
2021-01-18,171.44
2021-01-19,256.39
2021-01-20,346.06
2021-01-21,395.68
2021-01-22,361.18
2021-01-23,215.39
2021-01-24,546.13
2021-01-25,415.49
2021-01-26,448.25
2021-01-27,418.49
2021-01-28,235.81
2021-01-29,321.31
2021-01-30,192.38
2021-01-31,408.1
2021-02-01,267.68
2021-02-02,330.84
2021-02-03,281.61
2021-02-04,241.23
2021-02-05,215.25
2021-02-06,236.81
2021-02-07,355.34
2021-02-08,237.45
2021-02-09,166.04
2021-02-10,202.39
2021-02-11,218.33
2021-02-12,355.8
2021-02-13,301.89
2021-02-14,278.28
2021-02-15,219.9
2021-02-16,236.06
2021-02-17,186.42
2021-02-18,203.95
2021-02-19,252.69
2021-02-20,162.88
2021-02-21,336.32
2021-02-22,218.93
2021-02-23,254.4
2021-02-24,297.09
2021-02-25,410.56
2021-02-26,330.21
2021-02-27,342.55
2021-02-28,394.21
2021-03-01,349.72
2021-03-02,229.38
2021-03-03,325.78
2021-03-04,218.77
2021-03-05,456.16
2021-03-06,389.37
2021-03-07,522.57
2021-03-08,1448.83
2021-03-09,382.41
2021-03-10,452.5
2021-03-11,548.44
2021-03-12,316.04
2021-03-13,231.74
2021-03-14,403.44
2021-03-15,634.63
2021-03-16,218.56
2021-03-17,414.15
2021-03-18,338.52
2021-03-19,498.42
2021-03-20,935.82
2021-03-21,239.56
2021-03-22,831.06
2021-03-23,393.3
2021-03-24,216.5
2021-03-25,376.27
2021-03-26,199.8
2021-03-27,124.91
2021-03-28,326.19
2021-03-29,287.69
2021-03-30,222.38
2021-03-31,283.81
2021-04-01,196.4
2021-04-02,249.53
2021-04-03,254.84
2021-04-04,398.84
2021-04-05,284.59
2021-04-06,214.71
2021-04-07,331.31
2021-04-08,227.38
2021-04-09,195.21
2021-04-10,210.44
2021-04-11,441.04
2021-04-12,146.65
2021-04-13,248.62
2021-04-14,141.03
2021-04-15,169.08
2021-04-16,131.0
2021-04-17,153.89
2021-04-18,213.31
2021-04-19,168.48
2021-04-20,151.53
2021-04-21,192.14
2021-04-22,207.93
2021-04-23,176.63
2021-04-24,203.56
2021-04-25,275.83
2021-04-26,177.96
2021-04-27,289.12
2021-04-28,166.97
2021-04-29,311.45
2021-04-30,143.31
2021-05-01,221.58
2021-05-02,231.35
2021-05-03,470.13
2021-05-04,228.22
2021-05-05,280.22
2021-05-06,203.56
2021-05-07,205.4
2021-05-08,275.74
2021-05-09,204.12
2021-05-10,296.73
2021-05-11,321.58
2021-05-12,150.34
2021-05-13,170.19
2021-05-14,151.72
2021-05-15,91.76
2021-05-16,323.88
2021-05-17,318.45
2021-05-18,215.17
2021-05-19,248.3
2021-05-20,280.7
2021-05-21,174.26
2021-05-22,143.2
2021-05-23,362.52
2021-05-24,277.12
2021-05-25,244.13
2021-05-26,120.84
2021-05-27,146.39
2021-05-28,274.46
2021-05-29,104.44
2021-05-30,158.03
2021-05-31,145.08
2021-06-01,249.78
2021-06-02,146.39
2021-06-03,207.29
2021-06-04,132.43
2021-06-05,63.11
2021-06-06,233.78
2021-06-07,210.87
2021-06-08,200.0
2021-06-09,305.73
2021-06-10,193.27
2021-06-11,281.1
2021-06-12,107.15
2021-06-13,254.55
2021-06-14,208.71
2021-06-15,182.3
2021-06-16,158.59
2021-06-17,172.24
2021-06-18,338.81
2021-06-19,140.75
2021-06-20,331.54
2021-06-21,230.72
2021-06-22,143.24
2021-06-23,168.62
2021-06-24,135.4
2021-06-25,203.51
2021-06-26,166.01
2021-06-27,515.99
2021-06-28,243.44
2021-06-29,286.93
2021-06-30,175.23
2021-07-01,185.21
2021-07-02,202.55
2021-07-03,113.51
2021-07-04,147.38
2021-07-05,203.08
2021-07-06,253.85
2021-07-07,130.27
2021-07-08,176.49
2021-07-09,128.06
2021-07-10,230.56
2021-07-11,169.37
2021-07-12,229.44
2021-07-13,300.55
2021-07-14,149.86
2021-07-15,331.85
2021-07-16,173.86
2021-07-17,226.27
2021-07-18,438.85
2021-07-19,291.97
2021-07-20,242.49
2021-07-21,224.05
2021-07-22,189.16
2021-07-23,248.3
2021-07-24,157.71
2021-07-25,246.83
2021-07-26,155.79
2021-07-27,191.71
2021-07-28,196.04
2021-07-29,247.87
2021-07-30,270.98
2021-07-31,188.92
2021-08-01,241.32
2021-08-02,177.41
2021-08-03,134.75
2021-08-04,115.39
2021-08-05,321.26
2021-08-06,130.93
2021-08-07,120.4
2021-08-08,293.61
2021-08-09,294.54
2021-08-10,607.13
2021-08-11,152.04
2021-08-12,108.81
2021-08-13,153.37
2021-08-14,178.19
2021-08-15,169.07
2021-08-16,188.1
2021-08-17,189.28
2021-08-18,178.93
2021-08-19,210.35
2021-08-20,160.19
2021-08-21,117.96
2021-08-22,540.29
2021-08-23,271.47
2021-08-24,131.94
2021-08-25,132.48
2021-08-26,90.32
2021-08-27,154.24
2021-08-28,223.54
2021-08-29,233.52
2021-08-30,203.97
2021-08-31,252.98
2021-09-01,172.74
2021-09-02,131.66
2021-09-03,169.23
2021-09-04,119.69
2021-09-05,386.14
2021-09-06,269.2
2021-09-07,351.24
2021-09-08,232.65
2021-09-09,185.72
2021-09-10,129.73
2021-09-11,164.44
2021-09-12,317.64
2021-09-13,244.81
2021-09-14,309.68
2021-09-15,194.94
2021-09-16,122.43
2021-09-17,112.24
2021-09-18,115.78
2021-09-19,221.66
2021-09-20,272.82
2021-09-21,241.5
2021-09-22,203.3
2021-09-23,114.34
2021-09-24,69.41
2021-09-25,115.88
2021-09-26,302.91
2021-09-27,369.14
2021-09-28,191.91
2021-09-29,159.66
2021-09-30,249.58
2021-10-01,155.2
2021-10-02,228.61
2021-10-03,260.61
2021-10-04,255.01
2021-10-05,132.06
2021-10-06,208.95
2021-10-07,195.14
2021-10-08,160.27
2021-10-09,348.99
2021-10-10,332.23
2021-10-11,151.03
2021-10-12,154.31
2021-10-13,187.76
2021-10-14,208.95
2021-10-15,112.94
2021-10-16,122.17
2021-10-17,471.75
2021-10-18,242.31
2021-10-19,152.52
2021-10-20,96.89
2021-10-21,158.56
2021-10-22,125.96
2021-10-23,133.69
2021-10-24,205.59
2021-10-25,196.53
2021-10-26,214.66
2021-10-27,160.55
2021-10-28,156.46
2021-10-29,172.25
2021-10-30,176.75
2021-10-31,212.18
2021-11-01,269.86
2021-11-02,244.45
2021-11-03,280.16
2021-11-04,294.31
2021-11-05,308.2
2021-11-06,316.1
2021-11-07,405.11
2021-11-08,553.72
2021-11-09,216.5
2021-11-10,77.47
2021-11-11,119.28
2021-11-12,259.86
2021-11-13,128.02
2021-11-14,364.92
2021-11-15,227.87
2021-11-16,200.42
2021-11-17,151.87
2021-11-18,245.09
2021-11-19,222.82
2021-11-20,275.9
2021-11-21,165.16
2021-11-22,105.96
2021-11-23,115.21
2021-11-24,188.9
2021-11-25,120.35
2021-11-26,155.89
2021-11-27,210.88
2021-11-28,206.27
2021-11-29,124.21
2021-11-30,151.67
2021-12-01,129.59
2021-12-02,101.82
2021-12-03,206.75
2021-12-04,195.9
2021-12-05,290.71
2021-12-06,136.55
2021-12-07,168.41
2021-12-08,135.37
2021-12-09,124.54
2021-12-10,126.71
2021-12-11,117.12
2021-12-12,268.4
2021-12-13,269.57
2021-12-14,139.72
2021-12-15,169.98
2021-12-16,230.02
2021-12-17,189.92
2021-12-18,168.29
2021-12-19,338.63
2021-12-20,291.07
2021-12-21,230.71
2021-12-22,246.54
2021-12-23,297.2
2021-12-24,185.29
2021-12-25,138.55
2021-12-26,392.04
2021-12-27,180.51
2021-12-28,265.54
2021-12-29,555.33
2021-12-30,318.7
2021-12-31,400.19
2022-01-01,258.8
2022-01-02,537.22
2022-01-03,333.66
2022-01-04,384.0
2022-01-05,299.96
2022-01-06,310.58
2022-01-07,349.82
2022-01-08,309.33
2022-01-09,97.5
2022-01-10,366.93
2022-01-11,362.98
2022-01-12,240.6
2022-01-13,254.32
2022-01-14,133.84
2022-01-15,178.75
2022-01-16,212.32
2022-01-17,369.88
2022-01-18,353.9
2022-01-19,299.31
2022-01-20,315.09
2022-01-21,327.52
2022-01-22,107.09
2022-01-23,239.08
2022-01-24,140.64
2022-01-25,246.27
2022-01-26,334.67
2022-01-27,163.46
2022-01-28,337.49
2022-01-29,400.35
2022-01-30,165.34
2022-01-31,318.42
2022-02-01,208.32
2022-02-02,223.58
2022-02-03,210.91
2022-02-04,153.08
2022-02-05,106.35
2022-02-06,168.15
2022-02-07,178.61
2022-02-08,275.87
2022-02-09,281.7
2022-02-10,272.62
2022-02-11,172.09
2022-02-12,304.27
2022-02-13,148.33
2022-02-14,223.9
2022-02-15,316.41
2022-02-16,380.57
2022-02-17,189.34
2022-02-18,288.44
2022-02-19,221.07
2022-02-20,210.89
2022-02-21,251.11
2022-02-22,123.23
2022-02-23,149.11
2022-02-24,258.79
2022-02-25,186.21
2022-02-26,223.39
2022-02-27,212.53
2022-02-28,174.31
2022-03-01,166.59
2022-03-02,318.91
2022-03-03,197.86
2022-03-04,297.35
2022-03-05,289.78
2022-03-06,347.7
2022-03-07,139.76
2022-03-08,272.19
2022-03-09,163.72
2022-03-10,207.37
2022-03-11,326.59
2022-03-12,246.32
2022-03-13,523.96
2022-03-14,246.14
2022-03-15,149.59
2022-03-16,185.7
2022-03-17,539.42
2022-03-18,318.29
2022-03-19,177.77
2022-03-20,213.07
2022-03-21,300.2
2022-03-22,174.87
2022-03-23,655.45
2022-03-24,684.53
2022-03-25,504.65
2022-03-26,126.14
2022-03-27,347.8
2022-03-28,244.03
2022-03-29,359.43
2022-03-30,228.05
2022-03-31,277.66
2022-04-01,135.43
2022-04-02,252.59
2022-04-03,145.4
2022-04-04,85.73
2022-04-05,142.06
2022-04-06,94.13
2022-04-07,210.63
2022-04-08,244.58
2022-04-09,136.45
2022-04-10,313.08
2022-04-11,154.28
2022-04-12,184.79
2022-04-13,55.77
2022-04-14,200.94
2022-04-15,287.64
2022-04-16,222.79
2022-04-17,42.1
2022-04-18,188.94
2022-04-19,159.37
2022-04-20,234.39
2022-04-21,35.99
2022-04-22,124.8
2022-04-23,191.46
2022-04-24,271.12
2022-04-25,123.29
2022-04-26,67.3
2022-04-27,311.69
2022-04-28,552.51
2022-04-29,122.54
2022-04-30,92.55
2022-05-01,194.03
2022-05-02,115.58
2022-05-03,203.37
2022-05-04,200.47
2022-05-05,97.58
2022-05-06,179.23
2022-05-07,76.33
2022-05-08,213.23
2022-05-09,280.21
2022-05-10,112.61
2022-05-11,208.34
2022-05-12,171.39
2022-05-13,122.76
2022-05-14,233.87
2022-05-15,188.72
2022-05-16,155.93
2022-05-17,158.29
2022-05-18,127.32
2022-05-19,542.54
2022-05-20,96.6
2022-05-21,193.08
2022-05-22,219.4
2022-05-23,252.82
2022-05-24,109.47
2022-05-25,164.81
2022-05-26,183.31
2022-05-27,181.38
2022-05-28,332.64
2022-05-29,131.91
2022-05-30,88.24
2022-05-31,260.08
2022-06-01,225.87
2022-06-02,170.32
2022-06-03,115.8
2022-06-04,98.83
2022-06-05,223.64
2022-06-06,237.37
2022-06-07,194.89
2022-06-08,245.92
2022-06-09,241.33
2022-06-10,112.29
2022-06-11,191.78
2022-06-12,166.66
2022-06-13,186.92
2022-06-14,227.69
2022-06-15,345.88
2022-06-16,148.82
2022-06-17,154.06
2022-06-18,140.01
2022-06-19,234.46
2022-06-20,161.3
2022-06-21,138.48
2022-06-22,185.46
2022-06-23,327.97
2022-06-24,188.24
2022-06-25,82.8
2022-06-26,211.56
2022-06-27,109.44
2022-06-28,67.29
2022-06-29,191.26
2022-06-30,113.91
2022-07-01,201.2
2022-07-02,128.75
2022-07-03,321.18
2022-07-04,163.53
2022-07-05,198.99
2022-07-06,584.96
2022-07-07,438.48
2022-07-08,532.69
2022-07-09,225.68
2022-07-10,349.35
2022-07-11,607.63
2022-07-12,171.09
2022-07-13,329.9
2022-07-14,255.5
2022-07-15,144.77
2022-07-16,175.3
2022-07-17,422.2
2022-07-18,156.67
2022-07-19,267.85
2022-07-20,184.9
2022-07-21,119.01
2022-07-22,134.37
2022-07-23,81.18
2022-07-24,278.86
2022-07-25,36.77
2022-07-26,66.65
2022-07-27,273.62
2022-07-28,379.55
2022-07-29,218.47
2022-07-30,279.79
2022-07-31,185.59
2022-08-01,230.05
2022-08-02,325.65
2022-08-03,251.89
2022-08-04,239.5
2022-08-05,167.53
2022-08-06,253.79
2022-08-07,282.97
2022-08-08,214.05
2022-08-09,217.51
2022-08-10,197.6
2022-08-11,90.62
2022-08-12,124.18
2022-08-13,168.75
2022-08-14,324.07
2022-08-15,132.17
2022-08-16,229.9
2022-08-17,176.61
2022-08-18,209.28
2022-08-19,70.3
2022-08-20,154.23
2022-08-21,223.59
2022-08-22,120.27
2022-08-23,148.11
2022-08-24,184.93
2022-08-25,171.46
2022-08-26,177.44
2022-08-27,128.32
2022-08-28,149.39
2022-08-29,78.35
2022-08-30,118.1
2022-08-31,321.27
2022-09-01,164.66
2022-09-02,182.75
2022-09-03,96.11
2022-09-04,435.72
2022-09-05,261.51
2022-09-06,436.42
2022-09-07,510.76
2022-09-08,533.78
2022-09-09,135.91
2022-09-10,172.85
2022-09-11,563.77
2022-09-12,231.38
2022-09-13,106.77
2022-09-14,141.44
2022-09-15,196.63
2022-09-16,132.15
2022-09-17,221.61
2022-09-18,271.93
2022-09-19,458.73
2022-09-20,356.01
2022-09-21,327.74
2022-09-22,340.35
2022-09-23,297.97
2022-09-24,417.47
2022-09-25,346.83
2022-09-26,354.64
2022-09-27,718.51
2022-09-28,1223.45
2022-09-29,525.94
2022-09-30,381.34
2022-10-01,307.28
2022-10-02,487.45
2022-10-03,424.64
2022-10-04,326.82
2022-10-05,761.39
2022-10-06,491.55
2022-10-07,410.71
2022-10-08,188.39
2022-10-09,220.85
2022-10-10,258.87
2022-10-11,373.98
2022-10-12,547.91
2022-10-13,748.17
2022-10-14,407.13
2022-10-15,609.64
2022-10-16,432.69
2022-10-17,1657.06
2022-10-18,1091.83
2022-10-19,1556.81
2022-10-20,686.01
2022-10-21,770.44
2022-10-22,508.28
2022-10-23,673.67
2022-10-24,394.66
2022-10-25,605.28
2022-10-26,802.51
2022-10-27,386.55
2022-10-28,398.56
2022-10-29,345.14
2022-10-30,363.29
2022-10-31,97.54
2022-11-01,228.41
2022-11-02,421.31
2022-11-03,545.58
2022-11-04,271.58
2022-11-05,185.76
2022-11-06,206.77
2022-11-07,284.1
2022-11-08,382.61
2022-11-09,501.68
2022-11-10,378.16
2022-11-11,362.29
2022-11-12,339.25
2022-11-13,390.4
2022-11-14,314.64
2022-11-15,187.59
2022-11-16,358.61
2022-11-17,513.07
2022-11-18,520.57
2022-11-19,419.36
2022-11-20,190.35
2022-11-21,268.4
2022-11-22,248.13
2022-11-23,265.29
2022-11-24,218.9
2022-11-25,226.94
2022-11-26,78.79
2022-11-27,211.1
2022-11-28,230.83
2022-11-29,279.88
2022-11-30,212.05
2022-12-01,219.97
2022-12-02,490.23
2022-12-03,174.53
2022-12-04,236.59
2022-12-05,1529.24
2022-12-06,213.92
2022-12-07,194.59
2022-12-08,250.64
2022-12-09,144.26
2022-12-10,360.75
2022-12-11,216.62
2022-12-12,246.98
2022-12-13,178.43
2022-12-14,602.59
2022-12-15,197.4
2022-12-16,354.68
2022-12-17,82.5
2022-12-18,304.22
2022-12-19,166.34
2022-12-20,116.38
2022-12-21,131.5
2022-12-22,177.63
2022-12-23,100.89
2022-12-24,151.89
2022-12-25,118.23
2022-12-26,94.83
2022-12-27,122.4
2022-12-28,50.78
2022-12-29,286.71
2022-12-30,78.79
2022-12-31,310.61
2023-01-01,501.91
2023-01-02,18.09
2023-01-03,243.81
2023-01-04,279.52
2023-01-05,401.46
2023-01-06,157.26
2023-01-07,153.81
2023-01-08,155.68
2023-01-09,314.39
2023-01-10,224.72
2023-01-11,358.63
2023-01-12,403.58
2023-01-13,96.35
2023-01-14,244.2
2023-01-15,114.35
2023-01-16,124.37
2023-01-17,275.04
2023-01-18,272.91
2023-01-19,229.64
2023-01-20,381.46
2023-01-21,116.21
2023-01-22,58.11
2023-01-23,112.84
2023-01-24,193.63
2023-01-25,116.71
2023-01-26,257.95
2023-01-27,141.76
2023-01-28,128.78
2023-01-29,180.23
2023-01-30,239.44
2023-01-31,270.87
2023-02-01,182.71
2023-02-02,153.19
2023-02-03,297.93
2023-02-04,100.75
2023-02-05,206.18
2023-02-06,182.09
2023-02-07,207.74
2023-02-08,448.21
2023-02-09,247.48
2023-02-10,157.5
2023-02-11,199.56
2023-02-12,188.62
2023-02-13,62.82
2023-02-14,199.27
2023-02-15,219.63
2023-02-16,265.44
2023-02-17,148.32
2023-02-18,104.46
2023-02-19,204.81
2023-02-20,253.99
2023-02-21,132.49
2023-02-22,373.02
2023-02-23,280.83
2023-02-24,155.84
2023-02-25,100.75
2023-02-26,61.05
2023-02-27,169.84
2023-02-28,275.4
2023-03-01,445.96
2023-03-02,282.36
2023-03-03,174.45
2023-03-04,91.55
2023-03-05,140.41
2023-03-06,160.47
2023-03-07,327.93
2023-03-08,257.67
2023-03-09,124.25
2023-03-10,134.08
2023-03-11,239.26
2023-03-12,79.98
2023-03-13,46.85
2023-03-14,318.01
2023-03-15,290.24
2023-03-16,341.23
2023-03-17,156.78
2023-03-18,197.78
2023-03-19,124.21
2023-03-20,46.07
2023-03-21,63.07
2023-03-22,108.96
2023-03-23,324.58
2023-03-24,114.5
2023-03-25,147.93
2023-03-26,126.12
2023-03-27,180.42
2023-03-28,582.91
2023-03-29,97.68
2023-03-30,208.86
2023-03-31,224.24
2023-04-01,77.13
2023-04-02,162.4
2023-04-03,162.39
2023-04-04,272.25
2023-04-05,122.06
2023-04-06,200.58
2023-04-07,154.17
2023-04-08,61.94
2023-04-09,135.21
2023-04-10,92.91
2023-04-11,144.58
2023-04-12,272.09
2023-04-13,109.16
2023-04-14,67.95
2023-04-15,89.36
2023-04-16,199.24
2023-04-17,124.16
2023-04-18,205.33
2023-04-19,233.88
2023-04-20,144.91
2023-04-21,126.05
2023-04-22,76.19
2023-04-23,183.72
2023-04-24,146.56
2023-04-25,1065.08
2023-04-26,149.17
2023-04-27,106.02
2023-04-28,176.36
2023-04-29,92.93
2023-04-30,126.09
2023-05-01,18.87
2023-05-02,88.02
2023-05-03,228.56
2023-05-04,274.8
2023-05-05,144.1
2023-05-06,15.06
2023-05-07,344.31
2023-05-08,38.43
2023-05-09,143.86
2023-05-10,165.68
2023-05-11,126.7
2023-05-12,95.66
2023-05-13,43.91
2023-05-14,130.73
2023-05-15,32.07
2023-05-16,215.83
2023-05-17,173.03
2023-05-18,200.01
2023-05-19,225.89
2023-05-20,187.46
2023-05-21,109.72
2023-05-22,447.91
2023-05-23,45.6
2023-05-24,592.74
2023-05-25,177.08
2023-05-26,180.22
2023-05-27,141.25
2023-05-28,20.84
2023-05-29,221.86
2023-05-30,16.66
2023-05-31,169.27
2023-06-01,198.26
2023-06-02,275.72
2023-06-03,128.12
2023-06-04,85.14
2023-06-05,86.44
2023-06-06,78.11
2023-06-07,127.36
2023-06-08,267.85
2023-06-09,238.84
2023-06-10,46.94
2023-06-11,44.98
2023-06-12,153.81
2023-06-13,95.78
2023-06-14,221.02
2023-06-15,243.35
2023-06-16,201.36
2023-06-17,83.57
2023-06-18,44.89
2023-06-19,139.46
2023-06-20,211.24
2023-06-21,241.79
2023-06-22,333.3
2023-06-23,167.65
2023-06-24,260.66
2023-06-25,133.2
2023-06-26,34.41
2023-06-27,356.14
2023-06-28,110.22
2023-06-29,94.47
2023-06-30,147.96
2023-07-01,95.22
2023-07-02,109.51
2023-07-03,67.55
2023-07-04,118.0
2023-07-05,26.61
2023-07-06,181.48
2023-07-07,144.84
2023-07-08,122.33
2023-07-09,120.83
2023-07-10,219.64
2023-07-11,69.71
2023-07-12,29.41
2023-07-13,215.76
2023-07-14,75.52
2023-07-15,146.43
2023-07-16,124.31
2023-07-17,140.27
2023-07-18,212.48
2023-07-19,68.84
2023-07-20,237.82
2023-07-21,119.91
2023-07-22,112.64
2023-07-23,131.08
2023-07-24,153.78
2023-07-25,186.75
2023-07-26,304.02
2023-07-27,195.51
2023-07-28,188.77
2023-07-29,217.66
2023-07-30,183.8
2023-07-31,71.42
2023-08-01,108.38
2023-08-02,235.46
2023-08-03,176.42
2023-08-04,157.0
2023-08-05,66.59
2023-08-06,67.07
2023-08-07,195.37
2023-08-08,240.76
2023-08-09,144.69
2023-08-10,290.26
2023-08-11,122.51
2023-08-12,221.03
2023-08-13,20.77
2023-08-14,281.32
2023-08-15,266.73
2023-08-16,189.95
2023-08-17,378.52
2023-08-18,74.86
2023-08-19,146.68
2023-08-20,179.8
2023-08-21,219.52
2023-08-22,181.97
2023-08-23,141.07
2023-08-24,349.94
2023-08-25,125.99
2023-08-26,60.65
2023-08-27,62.59
2023-08-28,382.69
2023-08-29,171.0
2023-08-30,144.32
2023-08-31,313.73
2023-09-01,121.45
2023-09-02,226.16
2023-09-03,90.99
2023-09-04,85.11
2023-09-05,84.91
2023-09-06,329.88
2023-09-07,147.3
2023-09-08,105.42
2023-09-09,94.61
2023-09-10,241.0
2023-09-11,254.88
2023-09-12,69.81
2023-09-13,98.92
2023-09-14,206.7
2023-09-15,171.8
2023-09-16,208.89
2023-09-17,154.04
2023-09-18,253.12
2023-09-19,243.9
2023-09-20,184.81
2023-09-21,152.74
2023-09-22,214.48
2023-09-23,262.57
2023-09-24,260.43
2023-09-25,285.46
2023-09-26,117.74
2023-09-27,331.94
2023-09-28,125.66
2023-09-29,164.83
2023-09-30,223.46
2023-10-01,86.48
2023-10-02,152.31
2023-10-03,151.03
2023-10-04,155.39
2023-10-05,112.09
2023-10-06,188.3
2023-10-07,190.28
2023-10-08,158.74
2023-10-09,189.91
2023-10-10,791.43
2023-10-11,347.21
2023-10-12,153.68
2023-10-13,166.46
2023-10-14,200.35
2023-10-15,166.44
2023-10-16,200.46
2023-10-17,104.11
2023-10-18,178.99
2023-10-19,128.79
2023-10-20,196.21
2023-10-21,129.48
2023-10-22,138.22
2023-10-23,53.86
2023-10-24,156.6
2023-10-25,371.59
2023-10-26,668.47
2023-10-27,146.64
2023-10-28,112.23
2023-10-29,179.96
2023-10-30,631.76
2023-10-31,315.68
2023-11-01,147.01
2023-11-02,168.72
2023-11-03,103.24
2023-11-04,146.93
2023-11-05,115.79
2023-11-06,201.6
2023-11-07,71.36
2023-11-08,265.48
2023-11-09,97.39
2023-11-10,167.43
2023-11-11,64.82
2023-11-12,457.59
2023-11-13,18.07
2023-11-14,127.4
2023-11-15,119.61
2023-11-16,186.2
2023-11-17,147.87
2023-11-18,152.33
2023-11-19,45.63
2023-11-20,73.29
2023-11-21,180.65
2023-11-22,231.09
2023-11-23,310.12
2023-11-24,133.48
2023-11-25,99.84
2023-11-26,294.28
2023-11-27,67.26
2023-11-28,247.37
2023-11-29,90.17
2023-11-30,341.8
2023-12-01,301.39
2023-12-02,201.59
2023-12-03,176.81
2023-12-04,140.93
2023-12-05,151.74
2023-12-06,121.06
2023-12-07,41.54
2023-12-08,221.97
2023-12-09,146.99
2023-12-10,88.45
2023-12-11,156.99
2023-12-12,466.15
2023-12-13,334.7
2023-12-14,198.64
2023-12-15,160.85
2023-12-16,223.0
2023-12-17,88.52
2023-12-18,34.56
2023-12-19,651.44
2023-12-20,376.33
2023-12-21,157.16
2023-12-22,143.09
2023-12-23,86.17
2023-12-24,177.25
2023-12-25,34.98
2023-12-26,72.35
2023-12-27,177.3
2023-12-28,179.89
2023-12-29,69.57
2023-12-30,107.47
2023-12-31,302.42
2024-01-01,138.66
2024-01-02,135.62
2024-01-03,97.21
2024-01-04,157.94
2024-01-05,183.55
2024-01-06,115.91
2024-01-07,137.71
2024-01-08,267.99
2024-01-09,252.2
2024-01-10,146.6
2024-01-11,292.14
2024-01-12,89.56
2024-01-13,235.73
2024-01-14,205.98
2024-01-15,160.11
2024-01-16,316.01
2024-01-17,205.62
2024-01-18,352.15
2024-01-19,195.58
2024-01-20,270.59
2024-01-21,109.11
2024-01-22,124.35
2024-01-23,150.33
2024-01-24,195.31
2024-01-25,181.51
2024-01-26,118.65
2024-01-27,114.15
2024-01-28,272.61
2024-01-29,70.44
2024-01-30,378.09
2024-01-31,244.11
2024-02-01,190.43
2024-02-02,198.31
2024-02-03,66.03
2024-02-04,46.3
2024-02-05,137.2
2024-02-06,157.47
2024-02-07,222.64
2024-02-08,375.09
2024-02-09,634.59
2024-02-10,246.08
2024-02-11,47.15
2024-02-12,322.34
2024-02-13,345.66
2024-02-14,162.77
2024-02-15,257.94
2024-02-16,198.05
2024-02-17,162.19
2024-02-18,273.29
2024-02-19,281.67
2024-02-20,185.46
2024-02-21,208.1
2024-02-22,167.74
2024-02-23,122.97
2024-02-24,125.59
2024-02-25,70.13
2024-02-26,184.63
2024-02-27,230.04
2024-02-28,134.06
2024-02-29,131.75
2024-03-01,217.07
2024-03-02,114.72
2024-03-03,115.43
2024-03-04,153.85
2024-03-05,424.9
2024-03-06,289.97
2024-03-07,210.29
2024-03-08,190.98
2024-03-09,211.0
2024-03-10,286.45
2024-03-11,135.36
2024-03-12,146.48
2024-03-13,215.41
2024-03-14,214.45
2024-03-15,43.29
2024-03-16,162.46
2024-03-17,158.48
2024-03-18,107.76
2024-03-19,141.39
2024-03-20,193.23
2024-03-21,272.27
2024-03-22,171.84
2024-03-23,85.24
2024-03-24,135.9
2024-03-25,153.59
2024-03-26,139.75
2024-03-27,221.08
2024-03-28,97.32
2024-03-29,51.15
2024-03-30,154.71
2024-03-31,68.06
2024-04-01,82.96
2024-04-02,95.24
2024-04-03,202.38
2024-04-04,28.13
2024-04-05,106.61
2024-04-06,96.51
2024-04-07,218.69
2024-04-08,290.32
2024-04-09,253.26
2024-04-10,228.0
2024-04-11,113.3
2024-04-12,138.25
2024-04-13,172.8
2024-04-14,91.94
2024-04-15,137.95
2024-04-16,185.16
2024-04-17,276.94
2024-04-18,158.3
2024-04-19,110.23
2024-04-20,31.27
2024-04-21,156.48
2024-04-22,16.67
2024-04-23,151.44
2024-04-24,225.66
2024-04-25,288.06
2024-04-26,209.41
2024-04-27,172.5
2024-04-28,132.66
2024-04-29,32.34
2024-04-30,149.74
2024-05-01,113.92
2024-05-02,210.89
2024-05-03,126.46
2024-05-04,61.55
2024-05-05,131.64
2024-05-06,153.93
2024-05-07,243.13
2024-05-08,98.23
2024-05-09,50.67
2024-05-10,60.53
2024-05-11,141.83
2024-05-12,307.6
2024-05-13,147.41
2024-05-14,291.05
2024-05-15,177.82
2024-05-16,203.03
2024-05-17,166.74
2024-05-18,93.26
2024-05-19,127.48
2024-05-20,201.53
2024-05-21,308.32
2024-05-22,218.07
2024-05-23,725.98
2024-05-24,270.83
2024-05-25,366.93
2024-05-26,316.22
2024-05-27,235.4
2024-05-28,173.6
2024-05-29,191.42
2024-05-30,189.67
2024-05-31,71.7
2024-06-01,248.78
2024-06-02,44.1
2024-06-03,157.54
2024-06-04,96.08
2024-06-05,211.95
2024-06-06,208.33
2024-06-07,149.71
2024-06-08,115.62
2024-06-09,92.55
2024-06-10,208.23
2024-06-11,194.81
2024-06-12,224.45
2024-06-13,99.5
2024-06-14,202.58
2024-06-15,113.16
2024-06-16,181.44
2024-06-17,216.71
2024-06-18,127.22
2024-06-19,859.56
2024-06-20,134.46
2024-06-21,116.18
2024-06-22,201.2
2024-06-23,142.03
2024-06-24,116.23
2024-06-25,1016.77
2024-06-26,174.0
2024-06-27,130.41
2024-06-28,233.94
2024-06-29,99.25
2024-06-30,341.42
2024-07-01,215.39
2024-07-02,4.77
2024-07-03,4.3
2024-07-04,5.08
2024-07-05,2.49
2024-07-06,3.67
2024-07-07,4.77
2024-07-08,4.95
2024-07-09,3.63
2024-07-10,3.41
2024-07-11,3.21
2024-07-12,2.34
2024-07-13,3.54
2024-07-14,4.75
2024-07-15,145.22
2024-07-16,98.36
2024-07-17,116.62
2024-07-18,124.74
2024-07-19,2.06
2024-07-20,206.44
2024-07-21,1.57
2024-07-22,197.94
2024-07-23,112.21
2024-07-24,211.42
2024-07-25,16.37
2024-07-26,140.9
2024-07-27,166.11
2024-07-28,159.52
2024-07-29,189.85
2024-07-30,234.22
2024-07-31,126.56
2024-08-01,102.2
2024-08-02,117.57
2024-08-03,103.69
2024-08-04,123.27
2024-08-05,23.06
2024-08-06,203.75
2024-08-07,101.92
2024-08-08,955.53
2024-08-09,84.89
2024-08-10,112.32
2024-08-11,185.4
2024-08-12,40.71
2024-08-13,114.0
2024-08-14,223.24
2024-08-15,184.98
2024-08-16,314.79
2024-08-17,216.3
2024-08-18,57.79
2024-08-19,19.97
2024-08-20,79.12
2024-08-21,134.76
2024-08-22,43.17
2024-08-23,80.1
2024-08-24,105.07
2024-08-25,81.91
2024-08-26,41.08
2024-08-27,188.21
2024-08-28,230.86
2024-08-29,29.9
2024-08-30,208.19
2024-08-31,103.05
2024-09-01,203.04
2024-09-02,128.73
2024-09-03,324.49
2024-09-04,171.83
2024-09-05,126.5
2024-09-06,139.33
2024-09-07,200.98
2024-09-08,276.44
2024-09-09,232.9
2024-09-10,102.49
2024-09-11,155.52
2024-09-12,222.77
2024-09-13,297.11
2024-09-14,206.81
2024-09-15,91.5
2024-09-16,252.43
2024-09-17,113.95
2024-09-18,266.03
2024-09-19,269.54
2024-09-20,224.02
2024-09-21,95.09
2024-09-22,137.87
2024-09-23,184.89
2024-09-24,300.4
2024-09-25,272.79
2024-09-26,150.33
2024-09-27,150.41
2024-09-28,139.35
2024-09-29,310.62
2024-09-30,295.01
2024-10-01,186.59
2024-10-02,443.23
2024-10-03,438.82
2024-10-04,379.83
2024-10-05,78.08
2024-10-06,220.31
2024-10-07,237.77
2024-10-08,157.31
2024-10-09,266.76
2024-10-10,120.74
2024-10-11,255.96
2024-10-12,141.67
2024-10-13,322.9
2024-10-14,291.26
2024-10-15,335.59
2024-10-16,313.66
2024-10-17,815.76
2024-10-18,436.31
2024-10-19,303.26
2024-10-20,243.85
2024-10-21,226.99
2024-10-22,267.76
2024-10-23,445.8
2024-10-24,237.28
2024-10-25,389.01
2024-10-26,312.27
2024-10-27,112.76
2024-10-28,233.1
2024-10-29,274.94
2024-10-30,763.7
2024-10-31,337.49
2024-11-01,240.47
2024-11-02,376.2
2024-11-03,407.29
2024-11-04,171.97
2024-11-05,178.44
2024-11-06,1184.21
2024-11-07,572.24
2024-11-08,444.41
2024-11-09,290.52
2024-11-10,629.98
2024-11-11,163.92
2024-11-12,178.13
2024-11-13,299.23
2024-11-14,293.88
2024-11-15,327.43
2024-11-16,955.91
2024-11-17,333.48
2024-11-18,289.26
2024-11-19,158.94
2024-11-20,296.03
2024-11-21,252.41
2024-11-22,111.96
2024-11-23,450.54
2024-11-24,272.26
2024-11-25,392.73
2024-11-26,126.86
2024-11-27,224.0
2024-11-28,259.08
2024-11-29,248.4
2024-11-30,480.94
2024-12-01,183.5
2024-12-02,206.41
2024-12-03,260.26
2024-12-04,218.92
2024-12-05,709.37
2024-12-06,164.47
2024-12-07,207.22
2024-12-08,167.5
2024-12-09,317.73
2024-12-10,516.27
2024-12-11,145.8
2024-12-12,266.53
2024-12-13,555.72
2024-12-14,534.49
2024-12-15,110.27
2024-12-16,198.07
2024-12-17,231.6
2024-12-18,366.65
2024-12-19,321.22
2024-12-20,840.82
2024-12-21,187.38
2024-12-22,217.36
2024-12-23,335.4
2024-12-24,213.93
2024-12-25,64.95
2024-12-26,163.37
2024-12-27,570.26
2024-12-28,325.9
2024-12-29,410.83
2024-12-30,290.03
2024-12-31,215.73
2025-01-01,381.65
2025-01-02,936.98
2025-01-03,1235.39
2025-01-04,81.92
2025-01-05,257.92
2025-01-06,229.9
2025-01-07,159.68
2025-01-08,572.68
2025-01-09,269.67
2025-01-10,292.88
2025-01-11,329.4
2025-01-12,316.73
2025-01-13,248.23
2025-01-14,306.9
2025-01-15,239.71
2025-01-16,308.72
2025-01-17,211.33
2025-01-18,113.58
2025-01-19,508.25
2025-01-20,262.76
2025-01-21,291.02
2025-01-22,291.57
2025-01-23,267.25
2025-01-24,253.77
2025-01-25,357.25
2025-01-26,84.08
2025-01-27,317.62
2025-01-28,198.2
2025-01-29,297.33
2025-01-30,313.01
2025-01-31,156.35
2025-02-01,259.44
2025-02-02,210.95
2025-02-03,365.52
2025-02-04,348.37
2025-02-05,269.72
2025-02-06,145.74
2025-02-07,393.69
2025-02-08,343.47
2025-02-09,456.97
2025-02-10,391.13
2025-02-11,802.3
2025-02-12,285.64
2025-02-13,243.08
2025-02-14,282.54
2025-02-15,324.66
2025-02-16,83.08
2025-02-17,430.81
2025-02-18,125.78
2025-02-19,842.67
2025-02-20,205.88
2025-02-21,280.2
2025-02-22,273.19
2025-02-23,423.36
2025-02-24,272.58
2025-02-25,312.12
2025-02-26,685.89
2025-02-27,320.92
2025-02-28,202.28
2025-03-01,238.66
2025-03-02,349.74
2025-03-03,319.89
2025-03-04,210.29
2025-03-05,329.79
2025-03-06,585.96
2025-03-07,432.09
2025-03-08,443.36
2025-03-09,483.01
2025-03-10,397.13
2025-03-11,305.82
2025-03-12,405.5
2025-03-13,388.13
2025-03-14,197.01
2025-03-15,590.97
2025-03-16,449.05
2025-03-17,967.73
2025-03-18,324.95
2025-03-19,437.16
2025-03-20,431.75
2025-03-21,567.92
2025-03-22,270.96
2025-03-23,753.12
2025-03-24,463.95
2025-03-25,484.5
2025-03-26,1155.76
2025-03-27,1066.38
2025-03-28,668.78
2025-03-29,538.7
2025-03-30,573.47
2025-03-31,1040.66
2025-04-01,464.92
2025-04-02,602.66
2025-04-03,439.01
2025-04-04,646.66
2025-04-05,575.34
2025-04-06,965.1
2025-04-07,307.25
2025-04-08,600.48
2025-04-09,359.37
2025-04-10,1066.14
2025-04-11,1041.76
2025-04-12,791.88
2025-04-13,1046.0
2025-04-14,442.05
2025-04-15,845.27
2025-04-16,660.36
2025-04-17,527.26
2025-04-18,845.61
2025-04-19,440.48
2025-04-20,654.46
2025-04-21,660.01
2025-04-22,440.26
2025-04-23,522.2
2025-04-24,353.12
2025-04-25,404.06
2025-04-26,287.81
2025-04-27,339.81
2025-04-28,417.21
2025-04-29,269.11
2025-04-30,361.63
2025-05-01,447.52
2025-05-02,583.46
2025-05-03,535.42
2025-05-04,382.92
2025-05-05,546.21
2025-05-06,191.22
2025-05-07,467.6
2025-05-08,551.42
2025-05-09,722.03
2025-05-10,325.44
2025-05-11,511.9
2025-05-12,114.21
2025-05-13,243.71
2025-05-14,455.28
2025-05-15,469.71
2025-05-16,765.92
2025-05-17,268.97
2025-05-18,258.71
2025-05-19,249.56
2025-05-20,297.17
2025-05-21,223.11
2025-05-22,215.01
2025-05-23,228.73
2025-05-24,129.96
2025-05-25,363.53
2025-05-26,262.62
2025-05-27,413.12
2025-05-28,314.12
2025-05-29,312.87
2025-05-30,315.31
2025-05-31,193.2
2025-06-01,462.26
2025-06-02,363.6
2025-06-03,294.26
2025-06-04,446.02
2025-06-05,412.55
2025-06-06,438.23
2025-06-07,199.35
2025-06-08,205.61
2025-06-09,95.53
2025-06-10,360.21
2025-06-11,332.14
2025-06-12,394.38
2025-06-13,654.86
2025-06-14,317.58
2025-06-15,432.67
2025-06-16,474.89
2025-06-17,446.32
2025-06-18,399.64
2025-06-19,469.31
2025-06-20,422.13
2025-06-21,349.63
2025-06-22,251.64
2025-06-23,215.38
2025-06-24,354.86
2025-06-25,341.72
2025-06-26,322.19
2025-06-27,149.26
2025-06-28,156.44
2025-06-29,268.88
2025-06-30,203.8
2025-07-01,381.78
2025-07-02,484.44
2025-07-03,220.45
2025-07-04,363.53
2025-07-05,287.82
2025-07-06,307.39
2025-07-07,286.06
2025-07-08,519.69
2025-07-09,375.98
2025-07-10,371.36
2025-07-11,240.45
2025-07-12,323.52
2025-07-13,300.7
2025-07-14,120.6
2025-07-15,219.57
2025-07-16,350.87
2025-07-17,356.3
2025-07-18,227.9
2025-07-19,153.29
2025-07-20,330.33
2025-07-21,414.45
2025-07-22,271.43
2025-07-23,398.42
2025-07-24,499.42
2025-07-25,879.19
2025-07-26,544.98
2025-07-27,256.28
2025-07-28,267.74
2025-07-29,452.29
2025-07-30,331.93
2025-07-31,281.41
2025-08-01,150.65
2025-08-02,355.3
2025-08-03,535.22
2025-08-04,253.88
2025-08-05,106.78
2025-08-06,423.16
2025-08-07,337.6
2025-08-08,597.91
2025-08-09,228.07
2025-08-10,287.77
2025-08-11,405.09
2025-08-12,469.58
2025-08-13,346.64
2025-08-14,221.08
2025-08-15,696.79
2025-08-16,256.1
2025-08-17,298.72
2025-08-18,198.09
2025-08-19,98.97
2025-08-20,251.8
2025-08-21,182.73
2025-08-22,385.56
2025-08-23,162.14
2025-08-24,219.4
2025-08-25,149.02
2025-08-26,265.57
2025-08-27,250.64
2025-08-28,125.98
2025-08-29,336.83
2025-08-30,255.45
2025-08-31,305.81
2025-09-01,248.86
2025-09-02,275.4
2025-09-03,199.27
2025-09-04,434.8
2025-09-05,296.11
2025-09-06,194.25
2025-09-07,550.79
2025-09-08,274.25
2025-09-09,438.26
2025-09-10,360.0
2025-09-11,636.14
2025-09-12,185.29
2025-09-13,179.55
2025-09-14,316.64
2025-09-15,263.58
2025-09-16,205.69
2025-09-17,272.16
2025-09-18,319.47
2025-09-19,231.11
2025-09-20,159.19
2025-09-21,283.65
2025-09-22,496.89
2025-09-23,410.49
2025-09-24,455.55
2025-09-25,342.35
2025-09-26,215.21
2025-09-27,384.41
2025-09-28,319.93
2025-09-29,432.2
2025-09-30,186.87
2025-10-01,397.16
2025-10-02,556.81
2025-10-03,278.15
2025-10-04,195.73
2025-10-05,276.44
2025-10-06,284.26
2025-10-07,345.65
2025-10-08,439.61
2025-10-09,450.7
2025-10-10,331.57
2025-10-11,234.61
2025-10-12,469.79
2025-10-13,161.58
2025-10-14,520.2
2025-10-15,335.4
2025-10-16,355.91
2025-10-17,518.44
2025-10-18,288.12
2025-10-19,381.86
2025-10-20,195.41
2025-10-21,310.54
2025-10-22,244.86
2025-10-23,156.55
2025-10-24,194.41
2025-10-25,259.02
2025-10-26,334.35
2025-10-27,548.87
2025-10-28,751.41
2025-10-29,919.13
2025-10-30,973.76
2025-10-31,335.7
2025-11-01,389.59
2025-11-02,296.41
2025-11-03,421.78
2025-11-04,407.27
2025-11-05,365.47
2025-11-06,302.37
2025-11-07,567.79
2025-11-08,213.69
2025-11-09,271.57
2025-11-10,268.49
2025-11-11,96.05
2025-11-12,691.77
2025-11-13,237.19
2025-11-14,446.68
2025-11-15,615.73
2025-11-16,265.94
2025-11-17,496.22
2025-11-18,517.62
2025-11-19,384.09
2025-11-20,476.78
2025-11-21,281.14
2025-11-22,308.71
2025-11-23,597.29
2025-11-24,382.18
2025-11-25,431.32
2025-11-26,684.72
2025-11-27,616.89
2025-11-28,296.77
2025-11-29,128.92
2025-11-30,681.43
2025-12-01,291.26
2025-12-02,278.81
2025-12-03,650.67
2025-12-04,299.25
2025-12-05,339.38
2025-12-06,289.32
2025-12-07,121.44
2025-12-08,194.29
2025-12-09,264.58
2025-12-10,311.64
2025-12-11,335.68
2025-12-12,543.71
2025-12-13,403.95
2025-12-14,403.71
2025-12-15,390.33
2025-12-16,247.27
2025-12-17,409.12
2025-12-18,105.33
2025-12-19,350.3
2025-12-20,257.25
2025-12-21,310.64
2025-12-22,750.45
2025-12-23,518.88
2025-12-24,377.53
2025-12-25,228.32
2025-12-26,628.57
2025-12-27,293.65
2025-12-28,253.55
2025-12-29,231.91
2025-12-30,212.67
2025-12-31,484.91
2026-01-01,405.98
2026-01-02,332.79
2026-01-03,197.56
2026-01-04,371.76
2026-01-05,180.4
2026-01-06,260.34
2026-01-07,398.94
2026-01-08,295.9
2026-01-09,263.27
2026-01-10,274.22
2026-01-11,266.57
2026-01-12,249.72
2026-01-13,269.5
2026-01-14,356.23
2026-01-15,357.12
2026-01-16,391.88
2026-01-17,191.76
2026-01-18,470.6
2026-01-19,369.86
2026-01-20,423.92
2026-01-21,497.93
2026-01-22,210.96
2026-01-23,151.66
2026-01-24,248.49
2026-01-25,287.59
2026-01-26,136.71
2026-01-27,182.89
2026-01-28,174.66
2026-01-29,223.28
2026-01-30,411.7
2026-01-31,127.3
2026-02-01,319.98
2026-02-02,171.72
2026-02-03,350.61
2026-02-04,184.03
2026-02-05,216.16
2026-02-06,179.65
2026-02-07,186.91
2026-02-08,301.28
2026-02-09,713.7
2026-02-10,246.41
2026-02-11,146.07
2026-02-12,369.44
2026-02-13,434.56
2026-02-14,110.15
2026-02-15,203.95
2026-02-16,98.27
2026-02-17,140.72
2026-02-18,273.95
2026-02-19,329.65
2026-02-20,165.36
2026-02-21,161.66
2026-02-22,417.29
2026-02-23,357.83
2026-02-24,307.9
2026-02-25,741.66
2026-02-26,276.27
2026-02-27,100.22
2026-02-28,220.92
2026-03-01,328.77
2026-03-02,301.02
2026-03-03,892.99
2026-03-04,1144.02
2026-03-05,449.73
2026-03-06,266.22
2026-03-07,263.85
2026-03-08,437.31
2026-03-09,235.58
2026-03-10,375.64
2026-03-11,263.99
2026-03-12,379.99
2026-03-13,220.01
2026-03-14,641.39
2026-03-15,381.91
2026-03-16,331.9
2026-03-17,1039.22
2026-03-18,414.77
2026-03-19,342.69
2026-03-20,260.18
2026-03-21,175.21
2026-03-22,302.79
2026-03-23,325.55
2026-03-24,188.45
2026-03-25,472.02
2026-03-26,441.32
2026-03-27,325.72
2026-03-28,83.97
2026-03-29,347.2
2026-03-30,311.05
2026-03-31,1015.64
2026-04-01,16.37
2026-04-02,238.5
2026-04-03,212.71
2026-04-04,320.91
2026-04-05,456.78
2026-04-06,184.97
2026-04-07,397.27
2026-04-08,611.34
2026-04-09,373.97
2026-04-10,215.29
2026-04-11,213.2
2026-04-12,386.4
2026-04-13,221.44
2026-04-14,482.91
2026-04-15,251.63
2026-04-16,389.07
2026-04-17,254.88
2026-04-18,309.98
2026-04-19,135.1
2026-04-20,253.24
2026-04-21,156.55
2026-04-22,335.66
2026-04-23,1003.06
2026-04-24,310.15
2026-04-25,396.45
2026-04-26,613.09
2026-04-27,305.52
2026-04-28,105.62
2026-04-29,433.89
2026-04-30,234.97
2026-05-01,230.3
2026-05-02,257.14
2026-05-03,645.33
2026-05-04,254.82
2026-05-05,363.72
2026-05-06,527.86
2026-05-07,338.34
2026-05-08,298.13
2026-05-09,208.04
2026-05-10,211.61
2026-05-11,436.35
2026-05-12,256.53
2026-05-13,548.23
2026-05-14,400.48
2026-05-15,165.65
2026-05-16,324.88
2026-05-17,358.26
2026-05-18,549.88
2026-05-19,780.17
2026-05-20,396.26
2026-05-21,541.02
2026-05-22,598.59
2026-05-23,18.21
2026-05-24,138.13
2026-05-25,26.48
2026-05-26,32.78
2026-05-27,31.88
2026-05-28,376.31
2026-05-29,322.53
2026-05-30,584.07
2026-05-31,381.32
2026-06-01,266.51
2026-06-02,448.15
2026-06-03,251.11
2026-06-04,264.02
2026-06-05,220.57
2026-06-06,196.96
2026-06-07,118.48
2026-06-08,349.17
2026-06-09,257.67
2026-06-10,295.41
2026-06-11,282.2
2026-06-12,229.86
2026-06-13,333.85
2026-06-14,213.96
2026-06-15,377.67
2026-06-16,955.63
2026-06-17,439.2
2026-06-18,617.57
2026-06-19,813.35
2026-06-20,314.79
2026-06-21,476.35
2026-06-22,305.14
2026-06-23,389.19
2026-06-24,377.93
2026-06-25,472.38
2026-06-26,113.7
2026-06-27,152.47
2026-06-28,285.72
2026-06-29,376.56
2026-06-30,603.9
2026-07-01,225.03
2026-07-02,340.21
2026-07-03,179.52
2026-07-04,264.49
2026-07-05,278.28
2026-07-06,252.52
2026-07-07,142.63
2026-07-08,171.61
2026-07-09,349.11
2026-07-10,128.9
2026-07-11,250.3
2026-07-12,338.53
2026-07-13,249.22
2026-07-14,249.61
2026-07-15,262.26
2026-07-16,221.42
2026-07-17,319.27
2026-07-18,499.29
2026-07-19,289.8
2026-07-20,279.16
2026-07-21,367.38
2026-07-22,414.61
2026-07-23,218.38
2026-07-24,255.25
2026-07-25,219.28
2026-07-26,403.67
