TIME_PERIOD,value
2007-09-10,4.173340559247622
2007-09-11,4.158806097300902
2007-09-12,4.18461469574853
2007-09-13,4.21404785354093
2007-09-14,4.186225453091355
2007-09-17,4.211089485364953
2007-09-18,4.243021809001747
2007-09-19,4.302051987663358
2007-09-20,4.366145780943846
2007-09-21,4.384847005356034
2007-09-24,4.386534588190049
2007-09-25,4.345966081098388
2007-09-26,4.423110591192683
2007-09-27,4.419476365027596
2007-09-28,4.378139363812401
2007-10-01,4.3755852903315136
2007-10-02,4.359603129854276
2007-10-03,4.32065734701634
2007-10-04,4.322052768687925
2007-10-05,4.365136793371556
2007-10-08,4.367744051664355
2007-10-09,4.336698935255968
2007-10-10,4.3773106957845895
2007-10-11,4.408369622159267
2007-10-12,4.421618080806328
2007-10-15,4.442889028771482
2007-10-16,4.450699877931483
2007-10-17,4.434419300303728
2007-10-18,4.3556701595622185
2007-10-19,4.307339709461966
2007-10-22,4.238875658961341
2007-10-23,4.249180604638119
2007-10-24,4.214710642310836
2007-10-25,4.202829056539718
2007-10-26,4.22823885159992
2007-10-29,4.218399977101459
2007-10-30,4.249214273645809
2007-10-31,4.288441367448606
2007-11-01,4.2652670662277545
2007-11-02,4.22045887119455
2007-11-05,4.2126997132273925
2007-11-06,4.252619788710471
2007-11-07,4.208520426663753
2007-11-08,4.201487034805708
2007-11-09,4.164135350352363
2007-11-12,4.158804783279581
2007-11-13,4.1649822851261815
2007-11-14,4.208095224548391
2007-11-15,4.185268061448045
2007-11-16,4.171728980829776
2007-11-19,4.156449120073352
2007-11-20,4.150833284604337
2007-11-21,4.130824964080107
2007-11-22,4.146250828870104
2007-11-23,4.153177870619447
2007-11-26,4.14797861668879
2007-11-27,4.123070418975794
2007-11-28,4.205754844563847
2007-11-29,4.1896189486546085
2007-11-30,4.214501049173749
2007-12-03,4.18963102953343
2007-12-04,4.132013458799904
2007-12-05,4.150421892108019
2007-12-06,4.187971381659714
2007-12-07,4.268699413906926
2007-12-10,4.311828716890053
2007-12-11,4.314165096505941
2007-12-12,4.366700593837618
2007-12-13,4.35850456734396
2007-12-14,4.340176398241527
2007-12-17,4.3448850051060575
2007-12-18,4.356193614857628
2007-12-19,4.334659470947237
2007-12-20,4.334048163608757
2007-12-21,4.346494301011883
2007-12-24,4.345980402244754
2007-12-27,4.391645655991502
2007-12-28,4.36873375718141
2007-12-31,4.376063756487179
2008-01-02,4.338745516540643
2008-01-03,4.2648786007372
2008-01-04,4.211568279167065
2008-01-07,4.2091430240186085
2008-01-08,4.209647687041175
2008-01-09,4.183796871293945
2008-01-10,4.180969728030292
2008-01-11,4.176274743485538
2008-01-14,4.134104427797633
2008-01-15,4.120158731268436
2008-01-16,4.108494017937306
2008-01-17,4.0915882914802575
2008-01-18,4.074691033469714
2008-01-21,4.034791451276835
2008-01-22,4.068032021548552
2008-01-23,4.036064214841061
2008-01-24,4.1006793265407655
2008-01-25,4.132881346350204
2008-01-28,4.060753176645044
2008-01-29,4.099648606804696
2008-01-30,4.138064934635465
2008-01-31,4.047324364292113
2008-02-01,4.038403047682136
2008-02-04,4.030304151267698
2008-02-05,3.962530282033375
2008-02-06,3.984994639887167
2008-02-07,3.976591835045494
2008-02-08,3.9715128367613466
2008-02-11,3.959930088081875
2008-02-12,4.032457333424865
2008-02-13,4.0703993494783655
2008-02-14,4.1066414084839336
2008-02-15,4.077093406026754
2008-02-18,4.122184294280748
2008-02-19,4.13544388866142
2008-02-20,4.144346998796332
2008-02-21,4.173369535375222
2008-02-22,4.13299528742068
2008-02-25,4.14306710864743
2008-02-26,4.1981028671317615
2008-02-27,4.190960824543275
2008-02-28,4.158176780353227
2008-02-29,4.061380627005582
2008-03-03,4.019211710919894
2008-03-04,4.023552672823795
2008-03-05,4.060146182412458
2008-03-06,4.052574838237199
2008-03-07,4.038459764531742
2008-03-10,4.01240003495213
2008-03-11,4.01691850204337
2008-03-12,3.9906655832044446
2008-03-13,3.9657532474755977
2008-03-14,3.990700887553822
2008-03-17,3.980089451664587
2008-03-18,4.031009967387316
2008-03-19,4.010741715278527
2008-03-20,3.999038269341378
2008-03-25,4.065105826219178
2008-03-26,4.082880818425766
2008-03-27,4.13056169627973
2008-03-28,4.150853126411807
2008-03-31,4.130927905671825
2008-04-01,4.1550370211177095
2008-04-02,4.155546455731319
2008-04-03,4.187030670435094
2008-04-04,4.138629031767431
2008-04-07,4.186460384121127
2008-04-08,4.196961355939871
2008-04-09,4.216300012314577
2008-04-10,4.148774059152105
2008-04-11,4.099048266839361
2008-04-14,4.129412148099577
2008-04-15,4.1642705375912605
2008-04-16,4.19332886853991
2008-04-17,4.271803893474292
2008-04-18,4.316579538527599
2008-04-21,4.307857904903173
2008-04-22,4.333554005709416
2008-04-23,4.318828517944708
2008-04-24,4.3508461324327135
2008-04-25,4.354501132238002
2008-04-28,4.39012072575767
2008-04-29,4.355441086476319
2008-04-30,4.318280425484428
2008-05-02,4.364594678618173
2008-05-05,4.335685468707776
2008-05-06,4.295405499386962
2008-05-07,4.352835075915662
2008-05-08,4.286411016178265
2008-05-09,4.2237072148239445
2008-05-12,4.221126844298567
2008-05-13,4.287558809865875
2008-05-14,4.327162182487204
2008-05-15,4.385563732475398
2008-05-16,4.352632529624669
2008-05-19,4.3500294817591385
2008-05-20,4.346336987909772
2008-05-21,4.402811563090351
2008-05-22,4.430061576368277
2008-05-23,4.393669201284119
2008-05-26,4.416186973224993
2008-05-27,4.432039573465518
2008-05-28,4.477583644703411
2008-05-29,4.567345554707608
2008-05-30,4.518585364379764
2008-06-02,4.503613051620902
2008-06-03,4.562455639198802
2008-06-04,4.5173897682527615
2008-06-05,4.579448387479023
2008-06-06,4.556464728730476
2008-06-09,4.607947961287821
2008-06-10,4.6596124995500965
2008-06-11,4.680647061958853
2008-06-12,4.73163502571619
2008-06-13,4.755698077865596
2008-06-16,4.77633108527732
2008-06-17,4.740592441042264
2008-06-18,4.71546267128466
2008-06-19,4.745837233124367
2008-06-20,4.700197025797083
2008-06-23,4.6819235793493
2008-06-24,4.704979056914059
2008-06-25,4.714696842708089
2008-06-26,4.679480446562278
2008-06-27,4.664425414459728
2008-06-30,4.7317624873146285
2008-07-01,4.677503944596104
2008-07-02,4.745058847845856
2008-07-03,4.714601626953705
2008-07-04,4.667973813856593
2008-07-07,4.585257379537546
2008-07-08,4.577595775435354
2008-07-09,4.554003971257862
2008-07-10,4.536608112474139
2008-07-11,4.529419402808156
2008-07-14,4.540462846812188
2008-07-15,4.504000926888695
2008-07-16,4.5463262716770725
2008-07-17,4.588190045151903
2008-07-18,4.675175085206894
2008-07-21,4.738554601592429
2008-07-22,4.735754229889775
2008-07-23,4.76314713752194
2008-07-24,4.68986004192103
2008-07-25,4.678621078285958
2008-07-28,4.655976298016142
2008-07-29,4.624421240793298
2008-07-30,4.575344241889914
2008-07-31,4.526609291076326
2008-08-01,4.497852977822616
2008-08-04,4.489979337314894
2008-08-05,4.466910524513654
2008-08-06,4.471496444653639
2008-08-07,4.4176353285896015
2008-08-08,4.395293152253759
2008-08-11,4.419347396980074
2008-08-12,4.368110196565071
2008-08-13,4.373770463288816
2008-08-14,4.361576719102224
2008-08-15,4.352018487980077
2008-08-18,4.3181923650068645
2008-08-19,4.281446291627105
2008-08-20,4.279052760111185
2008-08-21,4.348864352434129
2008-08-22,4.377978801628174
2008-08-25,4.30898813928172
2008-08-26,4.282708119755598
2008-08-27,4.370240897685695
2008-08-28,4.370985094066496
2008-08-29,4.344467081768706
2008-09-01,4.304177351148036
2008-09-02,4.380000490151868
2008-09-03,4.346045721942709
2008-09-04,4.3202309083561286
2008-09-05,4.211330734846688
2008-09-08,4.289391527747425
2008-09-09,4.316036475737615
2008-09-10,4.303108182483975
2008-09-11,4.261968994581969
2008-09-12,4.3364000614004805
2008-09-15,4.273748102069967
2008-09-16,4.2320427278348784
2008-09-17,4.303796123583109
2008-09-18,4.342576076869528
2008-09-19,4.454838828441678
2008-09-22,4.524120925918422
2008-09-23,4.498363695017305
2008-09-24,4.442103971868768
2008-09-25,4.472051422981386
2008-09-26,4.441432058450445
2008-09-29,4.387559507390573
2008-09-30,4.338167659086874
2008-10-01,4.337460646204843
2008-10-02,4.307556225510003
2008-10-03,4.204874373168672
2008-10-06,4.131792689095732
2008-10-07,4.078563855510033
2008-10-08,4.010675806415847
2008-10-09,4.192017928528895
2008-10-10,4.243183630692749
2008-10-13,4.382147484850185
2008-10-14,4.38489798172365
2008-10-15,4.468478159578647
2008-10-16,4.463902110659037
2008-10-17,4.324308939015998
2008-10-20,4.359338020407883
2008-10-21,4.321715388080488
2008-10-22,4.228075435942316
2008-10-23,4.152427980514814
2008-10-24,4.107180597423955
2008-10-27,4.138923222028318
2008-10-28,4.172734091066731
2008-10-29,4.203853725289431
2008-10-30,4.229568446998605
2008-10-31,4.254812565671609
2008-11-03,4.284397422730383
2008-11-04,4.2696973137682965
2008-11-05,4.270146711480792
2008-11-06,4.244277682276105
2008-11-07,4.177828417399032
2008-11-10,4.164668883997452
2008-11-11,4.153278856276224
2008-11-12,4.122155197617389
2008-11-13,4.123466376159755
2008-11-14,4.112563925061432
2008-11-17,4.093467056581981
2008-11-18,4.081387284390498
2008-11-19,4.01578374255971
2008-11-20,3.925456618869926
2008-11-21,3.914497515645423
2008-11-24,3.913562347171157
2008-11-25,3.871109626170089
2008-11-26,3.826964004188416
2008-11-27,3.827527289190311
2008-11-28,3.773931784703785
2008-12-01,3.688634869043872
2008-12-02,3.641582288633118
2008-12-03,3.5424483410307723
2008-12-04,3.58773311203698
2008-12-05,3.6435257697409846
2008-12-08,3.697603801161968
2008-12-09,3.781087923435689
2008-12-10,3.811434921119879
2008-12-11,3.819849271457541
2008-12-12,3.809221272910193
2008-12-15,3.882344800428685
2008-12-16,3.82722456341024
2008-12-17,3.72793645084303
2008-12-18,3.713307916189927
2008-12-19,3.705811781314437
2008-12-22,3.684746384213637
2008-12-23,3.687038487699511
2008-12-24,3.68607158052511
2008-12-29,3.6757805246079394
2008-12-30,3.688219598582696
2008-12-31,3.688186159441063
2009-01-02,3.670464132153156
2009-01-05,3.70879169455046
2009-01-06,3.813921681458355
2009-01-07,3.81608410141052
2009-01-08,3.780327104513003
2009-01-09,3.7290624768962735
2009-01-12,3.7264177978850057
2009-01-13,3.7167095206456575
2009-01-14,3.7187941459827143
2009-01-15,3.6813476046636775
2009-01-16,3.73681466548746
2009-01-19,3.7614541598582254
2009-01-20,3.778897886657721
2009-01-21,3.814980967061148
2009-01-22,3.887601287167253
2009-01-23,3.887002194083089
2009-01-26,4.038641328672805
2009-01-27,4.062824750725544
2009-01-28,3.9282932602906495
2009-01-29,3.946841864743581
2009-01-30,4.022974607517412
2009-02-02,4.014130595706808
2009-02-03,3.994264137062802
2009-02-04,4.049896180020881
2009-02-05,3.993979625754086
2009-02-06,4.038054768295789
2009-02-09,4.0308540601001255
2009-02-10,4.011109109440999
2009-02-11,3.953379565344926
2009-02-12,3.806674729786742
2009-02-13,3.852179006021884
2009-02-16,3.829256506995396
2009-02-17,3.813252202140596
2009-02-18,3.810979824436269
2009-02-19,3.8992504302729047
2009-02-20,3.8544005096492895
2009-02-23,3.811338239268854
2009-02-24,3.781244114535764
2009-02-25,3.7842031910391594
2009-02-26,3.89673626899106
2009-02-27,3.852830541463261
2009-03-02,3.8551410421865646
2009-03-03,3.884850916173008
2009-03-04,3.943825117727356
2009-03-05,3.849283751649999
2009-03-06,3.801131447333885
2009-03-09,3.7749829807230384
2009-03-10,3.821723033006716
2009-03-11,3.901258466695273
2009-03-12,3.833030258789106
2009-03-13,3.873231157376751
2009-03-16,3.889373712481709
2009-03-17,3.946711686326769
2009-03-18,3.970255989393152
2009-03-19,3.863986916330428
2009-03-20,3.784220943748067
2009-03-23,3.795038044940061
2009-03-24,3.858009049001539
2009-03-25,3.8585757065130832
2009-03-26,3.840717062522006
2009-03-27,3.8028918127474665
2009-03-30,3.788090582109511
2009-03-31,3.773288938237143
2009-04-01,3.773086055431805
2009-04-02,3.84185707585372
2009-04-03,3.867912163893695
2009-04-06,3.8755962625721874
2009-04-07,3.8804642032328167
2009-04-08,3.887225146958488
2009-04-09,3.9327573328065633
2009-04-14,3.8781194752125376
2009-04-15,3.8352884443794095
2009-04-16,3.8795731270453113
2009-04-17,3.9077854933480167
2009-04-20,3.856090906340741
2009-04-21,3.797415704388628
2009-04-22,3.8344737045312
2009-04-23,3.82428849061428
2009-04-24,3.840339493655444
2009-04-27,3.776320348226713
2009-04-28,3.7839566622810255
2009-04-29,3.7797206938240886
2009-04-30,3.786677372891889
2009-05-04,3.8058527975825456
2009-05-05,3.791741816459965
2009-05-06,3.8021103284578848
2009-05-07,3.932353735705712
2009-05-08,3.958715900396063
2009-05-11,3.897989084537223
2009-05-12,3.931087912200127
2009-05-13,3.882582764590003
2009-05-14,3.892283521416447
2009-05-15,3.9265572729294655
2009-05-18,3.922472908658192
2009-05-19,3.988844483667091
2009-05-20,3.982962081364394
2009-05-21,3.940372833707392
2009-05-22,4.036202804043595
2009-05-25,4.096361417533801
2009-05-26,4.073134659131272
2009-05-27,4.1282346184705565
2009-05-28,4.1757264595013215
2009-05-29,4.17940664059023
2009-06-01,4.198377679476244
2009-06-02,4.2038353937103325
2009-06-03,4.115206935971526
2009-06-04,4.200384790112963
2009-06-05,4.232599432892606
2009-06-08,4.199972729479749
2009-06-09,4.172572132753563
2009-06-10,4.191531047665677
2009-06-11,4.254417032980259
2009-06-12,4.166954721412459
2009-06-15,4.095578553702381
2009-06-16,4.090803832904292
2009-06-17,4.061448289989711
2009-06-18,4.125704435852869
2009-06-19,4.1273517314792345
2009-06-22,4.047005147965429
2009-06-23,4.056378200318124
2009-06-24,4.044769454842512
2009-06-25,4.023494660209341
2009-06-26,3.9912646492260015
2009-06-29,3.9583194013123215
2009-06-30,3.9874637427657458
2009-07-01,3.980366119481394
2009-07-02,3.931290315264521
2009-07-03,3.9411017352458018
2009-07-06,3.9088694361688665
2009-07-07,3.911598284950086
2009-07-08,3.92083302653164
2009-07-09,3.920861117318807
2009-07-10,3.875500936767897
2009-07-13,3.861601354305342
2009-07-14,3.912519098559732
2009-07-15,3.93388124667368
2009-07-16,3.931940454930895
2009-07-17,3.964907469671937
2009-07-20,3.980104921207688
2009-07-21,3.957769431776872
2009-07-22,3.922155224535585
2009-07-23,3.9159174008604087
2009-07-24,3.9356243470963457
2009-07-27,3.958111914387679
2009-07-28,3.898085990454453
2009-07-29,3.857846391239153
2009-07-30,3.835632298507
2009-07-31,3.741084167087466
2009-08-03,3.760159055652519
2009-08-04,3.758323745081017
2009-08-05,3.7815799770847134
2009-08-06,3.785892233982776
2009-08-07,3.8400137420814624
2009-08-10,3.8380894401582535
2009-08-11,3.779801750232501
2009-08-12,3.81892610758274
2009-08-13,3.784401056929207
2009-08-14,3.729440331081691
2009-08-17,3.696895544181617
2009-08-18,3.697026966195504
2009-08-19,3.6650532019921607
2009-08-20,3.6721847778346666
2009-08-21,3.675452217078471
2009-08-24,3.696756750029635
2009-08-25,3.678970443702225
2009-08-26,3.636412396266176
2009-08-27,3.633246084580071
2009-08-28,3.6649733349850577
2009-08-31,3.679817121693228
2009-09-01,3.714421261787228
2009-09-02,3.696214975597891
2009-09-03,3.7417676587339024
2009-09-04,3.700502615910368
2009-09-07,3.720371917648688
2009-09-08,3.756648299525641
2009-09-09,3.803113553162058
2009-09-10,3.746574433355524
2009-09-11,3.7141444782968422
2009-09-14,3.690117199034759
2009-09-15,3.715691079384845
2009-09-16,3.753178107980823
2009-09-17,3.777809086786057
2009-09-18,3.766249532374602
2009-09-21,3.7778305114569934
2009-09-22,3.7769432287624873
2009-09-23,3.77844346385904
2009-09-24,3.732819745576869
2009-09-25,3.669280251805987
2009-09-28,3.6469087793846193
2009-09-29,3.659158238213544
2009-09-30,3.6351065649453216
2009-10-01,3.6689798968006513
2009-10-02,3.616801915608628
2009-10-05,3.611124612727662
2009-10-06,3.639848035163353
2009-10-07,3.614735201371886
2009-10-08,3.5889611868617632
2009-10-09,3.66379533851269
2009-10-12,3.658570635309644
2009-10-13,3.652266583828877
2009-10-14,3.6964638811349726
2009-10-15,3.771301758380611
2009-10-16,3.751247185029357
2009-10-19,3.744736977661678
2009-10-20,3.690474458631648
2009-10-21,3.7309545337695607
2009-10-22,3.709833045617227
2009-10-23,3.763148242885418
2009-10-26,3.786027677572226
2009-10-27,3.6988011934104743
2009-10-28,3.6659302186633376
2009-10-29,3.723312947401081
2009-10-30,3.678017975479511
2009-11-02,3.657381416507169
2009-11-03,3.6623410504891902
2009-11-04,3.7198468294700535
2009-11-05,3.753380703844397
2009-11-06,3.7670951960827215
2009-11-09,3.7177790179145327
2009-11-10,3.6769693533088255
2009-11-11,3.6962374348818754
2009-11-12,3.716351270120757
2009-11-13,3.708507214734848
2009-11-16,3.704150496649405
2009-11-17,3.6707623749987577
2009-11-18,3.674705447340204
2009-11-19,3.656789903514798
2009-11-20,3.682754547722937
2009-11-23,3.683755004734784
2009-11-24,3.650839267634091
2009-11-25,3.6459216971067754
2009-11-26,3.592797700536327
2009-11-27,3.6065028059940953
2009-11-30,3.569884678878448
2009-12-01,3.5515737153610103
2009-12-02,3.5658040394395405
2009-12-03,3.5891461379394447
2009-12-04,3.639135213821089
2009-12-07,3.573698557730706
2009-12-08,3.546891302264338
2009-12-09,3.571605206064339
2009-12-10,3.602145501299
2009-12-11,3.63999258983887
2009-12-14,3.612356025784793
2009-12-15,3.6279700327507887
2009-12-16,3.605254485785152
2009-12-17,3.5563379648068185
2009-12-18,3.562126441917565
2009-12-21,3.5967680724126363
2009-12-22,3.6490483725935294
2009-12-23,3.6783522536396474
2009-12-24,3.680472473191892
2009-12-28,3.717576416304879
2009-12-29,3.737954179062852
2009-12-30,3.759164748094519
2009-12-31,3.7595293848336273
2010-01-04,3.768964512093833
2010-01-05,3.743664026352557
2010-01-06,3.7655147292828217
2010-01-07,3.729893304684448
2010-01-08,3.716696718170182
2010-01-11,3.692294432948031
2010-01-12,3.67095642971694
2010-01-13,3.683623681321169
2010-01-14,3.701897720014316
2010-01-15,3.6695487268602185
2010-01-18,3.652735795941563
2010-01-19,3.683727393840197
2010-01-20,3.649621787579776
2010-01-21,3.664270153340595
2010-01-22,3.6517281707216256
2010-01-25,3.64431519119195
2010-01-26,3.6262094239248057
2010-01-27,3.599463195586871
2010-01-28,3.623067525471054
2010-01-29,3.663042992534393
2010-02-01,3.594381758820893
2010-02-02,3.5941443246598066
2010-02-03,3.6027835104311503
2010-02-04,3.56955369889806
2010-02-05,3.531149486149904
2010-02-08,3.5424050759693517
2010-02-09,3.556734275721149
2010-02-10,3.562545556403041
2010-02-11,3.57939810431241
2010-02-12,3.5706567700739438
2010-02-15,3.585059185385989
2010-02-16,3.582726527269677
2010-02-17,3.581546880014669
2010-02-18,3.5994022755730715
2010-02-19,3.6378448831691967
2010-02-22,3.644548234074773
2010-02-23,3.556063381516027
2010-02-24,3.523808395512991
2010-02-25,3.503209763046967
2010-02-26,3.487951488602823
2010-03-01,3.496082444596948
2010-03-02,3.494549271836881
2010-03-03,3.529489130634636
2010-03-04,3.519362516302563
2010-03-05,3.5428683633696583
2010-03-08,3.5404398969532176
2010-03-09,3.499186590633005
2010-03-10,3.5222884179680767
2010-03-11,3.531555958830724
2010-03-12,3.5606726340969086
2010-03-15,3.519990622604632
2010-03-16,3.505543687370656
2010-03-17,3.476980435185097
2010-03-18,3.495363251761503
2010-03-19,3.4994517372737426
2010-03-22,3.4639284949386333
2010-03-23,3.442893455849055
2010-03-24,3.474561353909679
2010-03-25,3.501446887270838
2010-03-26,3.533527330533789
2010-03-29,3.4954701409060545
2010-03-30,3.509152404784366
2010-03-31,3.462696597710875
2010-04-01,3.477214355897218
2010-04-06,3.506911430116017
2010-04-07,3.4898646024326494
2010-04-08,3.4800145958330817
2010-04-09,3.526909109361464
2010-04-12,3.523134300345329
2010-04-13,3.502078462751066
2010-04-14,3.505544810884359
2010-04-15,3.51469836042658
2010-04-16,3.479743930265641
2010-04-19,3.475499552291652
2010-04-20,3.4757686414569147
2010-04-21,3.466689959974371
2010-04-22,3.426440907160579
2010-04-23,3.463312873059219
2010-04-26,3.422589286457677
2010-04-27,3.436979055881711
2010-04-28,3.40932704241194
2010-04-29,3.429632382168071
2010-04-30,3.3965316590279984
2010-05-03,3.4131874740017607
2010-05-04,3.3408767526377496
2010-05-05,3.262176040147996
2010-05-06,3.3051727506621607
2010-05-07,3.273198801324482
2010-05-10,3.3781668364474395
2010-05-11,3.3499422920632647
2010-05-12,3.353292829027859
2010-05-13,3.3303253442894607
2010-05-14,3.257722430267978
2010-05-17,3.2802959573968726
2010-05-18,3.2124259896101632
2010-05-19,3.184363586399559
2010-05-20,3.090359284221961
2010-05-21,3.058975295550954
2010-05-24,3.0381255161958847
2010-05-25,2.9732189752073963
2010-05-26,3.0453144845703477
2010-05-27,3.0758757874207663
2010-05-28,3.0263884455078944
2010-05-31,2.9953051025877926
2010-06-01,2.9861379937122634
2010-06-02,3.01397687829048
2010-06-03,3.097095542541138
2010-06-04,3.063379114006467
2010-06-07,3.115851961163877
2010-06-08,3.096379554249233
2010-06-09,3.0817233630546075
2010-06-10,3.1040035377402093
2010-06-11,3.0628745161300466
2010-06-14,3.0783966252759463
2010-06-15,3.116275569828656
2010-06-16,3.1115573173347326
2010-06-17,3.118426595052517
2010-06-18,3.1406864555314544
2010-06-21,3.154394247163825
2010-06-22,3.115596273907754
2010-06-23,3.094371873180153
2010-06-24,3.0663557345625243
2010-06-25,3.083002267889305
2010-06-28,3.061272594070815
2010-06-29,3.0178260282122973
2010-06-30,3.0252571441338065
2010-07-01,3.0103281003698945
2010-07-02,3.001697273671884
2010-07-05,2.948422457088925
2010-07-06,2.987056639889357
2010-07-07,2.981678166169317
2010-07-08,3.001709409116132
2010-07-09,2.9776730043353825
2010-07-12,2.952714875213524
2010-07-13,2.9670910326145385
2010-07-14,2.966473379742629
2010-07-15,3.0159958974222305
2010-07-16,2.9876360969004514
2010-07-19,3.012057381374601
2010-07-20,2.987988132373672
2010-07-21,2.9960509395240824
2010-07-22,3.029114987689981
2010-07-23,3.0264266827240487
2010-07-26,3.055137438980106
2010-07-27,3.0795220314542924
2010-07-28,3.056110334699952
2010-07-29,3.0467052143478472
2010-07-30,3.0084905652229503
2010-08-02,3.0417234676773064
2010-08-03,2.959832924163781
2010-08-04,2.932113986917623
2010-08-05,2.8912919567381774
2010-08-06,2.8404789169875917
2010-08-09,2.8318136872877995
2010-08-10,2.86560386283937
2010-08-11,2.7820411899832584
2010-08-12,2.765534065986313
2010-08-13,2.7700845782457755
2010-08-16,2.696130364064467
2010-08-17,2.7139009953184976
2010-08-18,2.661282357664877
2010-08-19,2.6585367342559474
2010-08-20,2.6240314645354896
2010-08-23,2.6295569496165987
2010-08-24,2.519969253479397
2010-08-25,2.4706770145111605
2010-08-26,2.502184989057412
2010-08-27,2.474864966295835
2010-08-30,2.4952627341936835
2010-08-31,2.477798602833772
2010-09-01,2.559180086830344
2010-09-02,2.609945430810394
2010-09-03,2.678106131744692
2010-09-06,2.661996388956643
2010-09-07,2.6015872171205108
2010-09-08,2.6249506954016244
2010-09-09,2.64094122464967
2010-09-10,2.6941073429725577
2010-09-13,2.741565335836478
2010-09-14,2.688946159119653
2010-09-15,2.736581105178834
2010-09-16,2.8313153104183137
2010-09-17,2.764496089631371
2010-09-20,2.79997886995544
2010-09-21,2.8017888725225704
2010-09-22,2.7235974782655634
2010-09-23,2.671896078067763
2010-09-24,2.699660662715381
2010-09-27,2.6488761337608686
2010-09-28,2.620714332518577
2010-09-29,2.6275402309387776
2010-09-30,2.672248877981948
2010-10-01,2.718026042995945
2010-10-04,2.634602480456645
2010-10-05,2.6406410229024706
2010-10-06,2.6141132695673823
2010-10-07,2.6403523897874863
2010-10-08,2.654106701577112
2010-10-11,2.645886394842655
2010-10-12,2.608402247913233
2010-10-13,2.6508217328628194
2010-10-14,2.6692126296300143
2010-10-15,2.721554705817039
2010-10-18,2.7398229295432883
2010-10-19,2.7591406893090955
2010-10-20,2.7713099387502216
2010-10-21,2.8022070289561207
2010-10-22,2.803992308272997
2010-10-25,2.7899569811399774
2010-10-26,2.827147911119041
2010-10-27,2.8930706535251502
2010-10-28,2.866247417478082
2010-10-29,2.857753989039494
2010-11-01,2.8274732367366826
2010-11-02,2.802472346133754
2010-11-03,2.748030850578046
2010-11-04,2.7703056691537022
2010-11-05,2.78634599210364
2010-11-08,2.7575423983445293
2010-11-09,2.7653157381961324
2010-11-10,2.7800152106488
2010-11-11,2.822179569384806
2010-11-12,2.870527546711105
2010-11-15,2.916759461244457
2010-11-16,2.9411441840365566
2010-11-17,2.9673446881396237
2010-11-18,3.046897624762728
2010-11-19,3.0522593350171148
2010-11-22,3.015623979421077
2010-11-23,2.937894170696816
2010-11-24,3.032738899374186
2010-11-25,3.0678954915172727
2010-11-26,3.093907692502812
2010-11-29,3.119901599134129
2010-11-30,3.1078742653447176
2010-12-01,3.167470835082808
2010-12-02,3.2026650592135306
2010-12-03,3.275398311743743
2010-12-06,3.241743086182308
2010-12-07,3.3111820933458764
2010-12-08,3.358331842183089
2010-12-09,3.292268258472226
2010-12-10,3.308169339774073
2010-12-13,3.323311759731876
2010-12-14,3.364121943107937
2010-12-15,3.3802662781292745
2010-12-16,3.41772291968024
2010-12-17,3.387730857873935
2010-12-20,3.3212645872926982
2010-12-21,3.3215774909549136
2010-12-22,3.306916766196516
2010-12-23,3.3296925252082
2010-12-24,3.331849881375613
2010-12-27,3.3878056256534865
2010-12-28,3.3286905605653123
2010-12-29,3.3964765609435057
2010-12-30,3.3585782951891208
2010-12-31,3.3617030593052064
2011-01-03,3.352626529767983
2011-01-04,3.3076644746295223
2011-01-05,3.3086887768754734
2011-01-06,3.3658449837342963
2011-01-07,3.3287315343342225
2011-01-10,3.274024143797895
2011-01-11,3.295761428694896
2011-01-12,3.3948316306279622
2011-01-13,3.403501972498753
2011-01-14,3.3594743643324305
2011-01-17,3.380504830066495
2011-01-18,3.441884034458022
2011-01-19,3.433533194483849
2011-01-20,3.488671879922132
2011-01-21,3.497469889821637
2011-01-24,3.457467272679274
2011-01-25,3.4617871938322398
2011-01-26,3.4979337070896213
2011-01-27,3.506198740997648
2011-01-28,3.512766701514753
2011-01-31,3.4930134843137086
2011-02-01,3.556806742957721
2011-02-02,3.5216539006590697
2011-02-03,3.565725603501517
2011-02-04,3.557552271925087
2011-02-07,3.590875383482084
2011-02-08,3.584330301214096
2011-02-09,3.607554803184215
2011-02-10,3.61417831425184
2011-02-11,3.5862645969643703
2011-02-14,3.6151502589086055
2011-02-15,3.626191860903405
2011-02-16,3.558696864597976
2011-02-17,3.534896142605806
2011-02-18,3.5525328040583264
2011-02-21,3.5099563975611927
2011-02-22,3.4815900882312936
2011-02-23,3.449843811694638
2011-02-24,3.456339720551889
2011-02-25,3.473882997866356
2011-02-28,3.4899100215096217
2011-03-01,3.528405163688565
2011-03-02,3.520356003346635
2011-03-03,3.613423970051636
2011-03-04,3.5891662747843407
2011-03-07,3.613674503882304
2011-03-08,3.58845594451643
2011-03-09,3.598113765608394
2011-03-10,3.5518675759697715
2011-03-11,3.5189553737544763
2011-03-14,3.508703595069444
2011-03-15,3.437158186369485
2011-03-16,3.3987165742448653
2011-03-17,3.4647756060965444
2011-03-18,3.4841900116337747
2011-03-21,3.5287628896796166
2011-03-22,3.542542520762418
2011-03-23,3.53827999835242
2011-03-24,3.562080534653602
2011-03-25,3.5743248646830987
2011-03-28,3.615080200813633
2011-03-29,3.612572771815585
2011-03-30,3.655605134083904
2011-03-31,3.657760973674792
2011-04-01,3.6877090975384736
2011-04-04,3.672499275991956
2011-04-05,3.6650105303019433
2011-04-06,3.701148583677381
2011-04-07,3.708893043621472
2011-04-08,3.745221864467061
2011-04-11,3.743542411036755
2011-04-12,3.714134015891318
2011-04-13,3.728591739359711
2011-04-14,3.683585096813695
2011-04-15,3.673592354177377
2011-04-18,3.611014193995364
2011-04-19,3.5938986809191307
2011-04-20,3.5979293080116825
2011-04-21,3.581578804804189
2011-04-26,3.5775954359764297
2011-04-27,3.606680649389704
2011-04-28,3.5681423251043456
2011-04-29,3.554150347968199
2011-05-02,3.554107197873479
2011-05-03,3.5507735092700665
2011-05-04,3.57941357823081
2011-05-05,3.5481741306022663
2011-05-06,3.476685324804892
2011-05-09,3.4137177416934232
2011-05-10,3.432822594207056
2011-05-11,3.452352252802351
2011-05-12,3.424644820661014
2011-05-13,3.4126449774154715
2011-05-16,3.433674525590732
2011-05-17,3.4269152457968515
2011-05-18,3.4157433009765628
2011-05-19,3.471468790256426
2011-05-20,3.3971407734385566
2011-05-23,3.36587976514078
2011-05-24,3.3913016475387203
2011-05-25,3.372815997345148
2011-05-26,3.3344352233295687
2011-05-27,3.317806266914625
2011-05-30,3.3146862768277034
2011-05-31,3.3653766392164908
2011-06-01,3.336355037183929
2011-06-02,3.316883787621567
2011-06-03,3.3193125856276566
2011-06-06,3.3497802275419595
2011-06-07,3.3925476572375244
2011-06-08,3.385040812108337
2011-06-09,3.3620417985085367
2011-06-10,3.3202139329121847
2011-06-13,3.3235463403431167
2011-06-14,3.364325983879336
2011-06-15,3.3588974739936006
2011-06-16,3.3398572062316854
2011-06-17,3.3524481928692107
2011-06-20,3.369973935915982
2011-06-21,3.3716192944633603
2011-06-22,3.370797526850426
2011-06-23,3.30376126113093
2011-06-24,3.296271121967665
2011-06-27,3.3241626753358045
2011-06-28,3.358786297316974
2011-06-29,3.395220599719492
2011-06-30,3.407358435187134
2011-07-01,3.4211931806216542
2011-07-04,3.4057493406510133
2011-07-05,3.4039917923647103
2011-07-06,3.3483112972092157
2011-07-07,3.391809948868968
2011-07-08,3.29818002748906
2011-07-11,3.18571455382249
2011-07-12,3.216700051207861
2011-07-13,3.211943155210256
2011-07-14,3.248653108034415
2011-07-15,3.1708012248645985
2011-07-18,3.146939463817376
2011-07-19,3.1820635771437846
2011-07-20,3.204100514200173
2011-07-21,3.2876947860266434
2011-07-22,3.256351862894803
2011-07-25,3.238654936089443
2011-07-26,3.2033347866414656
2011-07-27,3.101424119562343
2011-07-28,3.1169035528186777
2011-07-29,3.0573861969368465
2011-08-01,3.028684331091652
2011-08-02,2.992576781114616
2011-08-03,3.0055930620812705
2011-08-04,2.95550205862492
2011-08-05,2.971545670153492
2011-08-08,2.950513307144167
2011-08-09,2.936188664926423
2011-08-10,2.843153147547401
2011-08-11,2.8315369589882105
2011-08-12,2.8703887475359684
2011-08-15,2.859597493920334
2011-08-16,2.8629081853705864
2011-08-17,2.8088963076490314
2011-08-18,2.6459465379189195
2011-08-19,2.6746716984814896
2011-08-22,2.7047357697625287
2011-08-23,2.6651202646946164
2011-08-24,2.746259152096652
2011-08-25,2.744611541823807
2011-08-26,2.680314841231658
2011-08-29,2.7800042954813837
2011-08-30,2.703088919607317
2011-08-31,2.7634438559681804
2011-09-01,2.7720303104134825
2011-09-02,2.65732372689636
2011-09-05,2.559797291202257
2011-09-06,2.558978341182348
2011-09-07,2.5830093596091945
2011-09-08,2.451649536358169
2011-09-09,2.421592275255704
2011-09-12,2.337531480347573
2011-09-13,2.436511842333579
2011-09-14,2.4832352973389047
2011-09-15,2.605162506053592
2011-09-16,2.4935124248105254
2011-09-19,2.400034594192705
2011-09-20,2.4063949880742657
2011-09-21,2.4284657555892477
2011-09-22,2.3742250960631788
2011-09-23,2.3488948771943656
2011-09-26,2.3919109700352097
2011-09-27,2.5648540715346666
2011-09-28,2.5600317953207714
2011-09-29,2.5727451527335004
2011-09-30,2.483376235288464
2011-10-03,2.4390284283668606
2011-10-04,2.355655775812332
2011-10-05,2.4807952042003647
2011-10-06,2.5074115671373898
2011-10-07,2.609591261294299
2011-10-10,2.6797736537008623
2011-10-11,2.6973346721519684
2011-10-12,2.7865540884546025
2011-10-13,2.743568479125142
2011-10-14,2.8585165868671307
2011-10-17,2.764965336893396
2011-10-18,2.755677438534565
2011-10-19,2.811344988239871
2011-10-20,2.8151982187230065
2011-10-21,2.8480206186057475
2011-10-24,2.834689775840521
2011-10-25,2.813860033598403
2011-10-26,2.7630986656455314
2011-10-27,2.8333912548407127
2011-10-28,2.870758877952651
2011-10-31,2.788549161763497
2011-11-01,2.604445434821534
2011-11-02,2.680756769447854
2011-11-03,2.751796622565512
2011-11-04,2.6748324620760977
2011-11-07,2.677436887521772
2011-11-08,2.683286417378267
2011-11-09,2.624485575918439
2011-11-10,2.737207476945062
2011-11-11,2.824112960045869
2011-11-14,2.825435539757484
2011-11-15,2.9206056663823383
2011-11-16,2.956954033008862
2011-11-17,2.9654333740584136
2011-11-18,2.977028027251985
2011-11-21,2.903875800931167
2011-11-22,2.9730147444469277
2011-11-23,3.07976836244861
2011-11-24,3.1202274092807976
2011-11-25,3.185549447034418
2011-11-28,3.1675655078546185
2011-11-29,3.167156887212822
2011-11-30,3.0719470274410456
2011-12-01,2.982076535554413
2011-12-02,2.931845359318383
2011-12-05,2.8986213490809334
2011-12-06,2.943699972332874
2011-12-07,2.8727512181815777
2011-12-08,2.88816481834536
2011-12-09,2.861055562470485
2011-12-12,2.8229765597115177
2011-12-13,2.8304557014211422
2011-12-14,2.7225499790623875
2011-12-15,2.6741874725190007
2011-12-16,2.6363220561631997
2011-12-19,2.6551714751992264
2011-12-20,2.707247794917621
2011-12-21,2.687009852251011
2011-12-22,2.69236384415695
2011-12-23,2.6750281477763225
2011-12-27,2.6545914405040687
2011-12-28,2.6485286001934503
2011-12-29,2.633834230900446
2011-12-30,2.645128365970277
2012-01-02,2.717862093031807
2012-01-03,2.744521728129592
2012-01-04,2.776690634944683
2012-01-05,2.78480656967472
2012-01-06,2.7883705571734554
2012-01-09,2.7574891602406115
2012-01-10,2.746026993076695
2012-01-11,2.690638655320921
2012-01-12,2.6078540511167656
2012-01-13,2.5799323606690834
2012-01-16,2.5794131046257225
2012-01-17,2.5953420806070016
2012-01-18,2.6215146826563283
2012-01-19,2.6585532410304733
2012-01-20,2.70438271039598
2012-01-23,2.76579323528114
2012-01-24,2.8119814220663555
2012-01-25,2.7922131495889357
2012-01-26,2.7194178824944704
2012-01-27,2.6759279617330693
2012-01-30,2.634369803312692
2012-01-31,2.665751627507825
2012-02-01,2.633599499938887
2012-02-02,2.6277577500760736
2012-02-03,2.6498135872554265
2012-02-06,2.6376911404853183
2012-02-07,2.6654100412666004
2012-02-08,2.6773996281761967
2012-02-09,2.6823732513822254
2012-02-10,2.659373010782689
2012-02-13,2.6312298548039976
2012-02-14,2.6417401472122464
2012-02-15,2.6361321458929847
2012-02-16,2.64455468219062
2012-02-17,2.681880829672181
2012-02-20,2.6804156685713982
2012-02-21,2.6952940619948675
2012-02-22,2.674352202800809
2012-02-23,2.6344749002093364
2012-02-24,2.630551326850612
2012-02-27,2.600287931937721
2012-02-28,2.592481495137046
2012-02-29,2.590987566225758
2012-03-01,2.5615032711472328
2012-03-02,2.532225203422728
2012-03-05,2.5574380448407315
2012-03-06,2.565187374435494
2012-03-07,2.5521427240099204
2012-03-08,2.536555002296775
2012-03-09,2.5373064300163923
2012-03-12,2.5275655348769925
2012-03-13,2.5620654604672666
2012-03-14,2.6290455275011446
2012-03-15,2.675380957257725
2012-03-16,2.7646803649572007
2012-03-19,2.733106361484901
2012-03-20,2.746433139573836
2012-03-21,2.7115337390040475
2012-03-22,2.690367352162947
2012-03-23,2.6437066843915917
2012-03-26,2.672746380010075
2012-03-27,2.6693254061263785
2012-03-28,2.663937932037024
2012-03-29,2.637661978109766
2012-03-30,2.599159047720721
2012-04-02,2.5681356121319627
2012-04-03,2.584466026960404
2012-04-04,2.587506138682122
2012-04-05,2.6030251279535337
2012-04-10,2.578627446491521
2012-04-11,2.565909843599732
2012-04-12,2.5217971864425754
2012-04-13,2.515501259071657
2012-04-16,2.542797662181626
2012-04-17,2.5543408572655286
2012-04-18,2.5419764621385035
2012-04-19,2.5501010254251453
2012-04-20,2.600919560278496
2012-04-23,2.589308734104515
2012-04-24,2.568783717660483
2012-04-25,2.555326701520088
2012-04-26,2.5511223670239653
2012-04-27,2.5015951438904587
2012-04-30,2.4710951007504747
2012-05-02,2.4526398095428803
2012-05-03,2.437547225519639
2012-05-04,2.3957294095856447
2012-05-07,2.369283266581035
2012-05-08,2.3295144695999968
2012-05-09,2.3529011438214216
2012-05-10,2.345025857380266
2012-05-11,2.295206461299484
2012-05-14,2.2319950655618213
2012-05-15,2.258494490906342
2012-05-16,2.282477021712946
2012-05-17,2.238954777135339
2012-05-18,2.223842312422965
2012-05-21,2.2326231796777245
2012-05-22,2.230200647215032
2012-05-23,2.1693351159392917
2012-05-24,2.070716103331642
2012-05-25,2.0531305471501677
2012-05-28,2.057175598411469
2012-05-29,2.0454600953438646
2012-05-30,2.0032349449728377
2012-05-31,1.887070048749857
2012-06-01,1.7643269681171851
2012-06-04,1.839347640208894
2012-06-05,1.8418369101132024
2012-06-06,1.945173785227712
2012-06-07,2.080571952035114
2012-06-08,2.031280180671714
2012-06-11,2.075625751579791
2012-06-12,2.1787557110727764
2012-06-13,2.222763170072655
2012-06-14,2.2117702300127995
2012-06-15,2.154030010038835
2012-06-18,2.139526608835416
2012-06-19,2.2138302280588134
2012-06-20,2.292738173177847
2012-06-21,2.238722716987676
2012-06-22,2.246035692390356
2012-06-25,2.184347782537981
2012-06-26,2.230781818043341
2012-06-27,2.252352331208645
2012-06-28,2.2440212040039063
2012-06-29,2.3157381116667404
2012-07-02,2.2484231186863246
2012-07-03,2.2087471685475126
2012-07-04,2.1662094860669194
2012-07-05,2.1072562239761847
2012-07-06,2.003005279445192
2012-07-09,2.014189132363997
2012-07-10,2.0089099878406023
2012-07-11,1.949220047807657
2012-07-12,1.922705039265056
2012-07-13,1.906849993546083
2012-07-16,1.8627423318169152
2012-07-17,1.8369547363347856
2012-07-18,1.8222266606946835
2012-07-19,1.8148893658651
2012-07-20,1.7686139235203902
2012-07-23,1.8188432998623
2012-07-24,1.9211489858392932
2012-07-25,1.9451192054667832
2012-07-26,1.9267196743711252
2012-07-27,1.964219059742864
2012-07-30,1.9477680113084317
2012-07-31,1.8714631615426764
2012-08-01,1.8964561206172887
2012-08-02,1.8292068083635569
2012-08-03,1.8445073416963675
2012-08-06,1.902704616763724
2012-08-07,1.9589184706114529
2012-08-08,1.9144032236906647
2012-08-09,1.9055433701369493
2012-08-10,1.8497605761535567
2012-08-13,1.9285527138409888
2012-08-14,1.9301778761388133
2012-08-15,1.98905677590687
2012-08-16,1.984607915504899
2012-08-17,1.9943856403831168
2012-08-20,1.9902303195856528
2012-08-21,2.021034967578066
2012-08-22,1.9670699871561383
2012-08-23,1.901171788639627
2012-08-24,1.8494080607701056
2012-08-27,1.8697312168339524
2012-08-28,1.870432846329923
2012-08-29,1.91678588164699
2012-08-30,1.895506325514677
2012-08-31,1.9144413984542303
2012-09-03,1.9092277661428945
2012-09-04,1.9478988418147267
2012-09-05,1.967705468661688
2012-09-06,2.0333913516099864
2012-09-07,2.022050771511624
2012-09-10,2.0471043986853443
2012-09-11,2.024343228396053
2012-09-12,2.082241613626256
2012-09-13,2.0098484367156484
2012-09-14,2.119991533908986
2012-09-17,2.11700488242845
2012-09-18,2.0759587894569425
2012-09-19,2.076310887840874
2012-09-20,2.0666561420492364
2012-09-21,2.0739367776844126
2012-09-24,2.0603825256904718
2012-09-25,2.0436021195220606
2012-09-26,1.9709385895459937
2012-09-27,1.958805443959852
2012-09-28,1.9401481093651816
2012-10-01,1.9691375447354416
2012-10-02,1.9664867746660333
2012-10-03,1.9537969260897248
2012-10-04,1.975094333706882
2012-10-05,2.011333230616128
2012-10-08,1.985941834231122
2012-10-09,1.9797832231262535
2012-10-10,1.9560957559046424
2012-10-11,1.9518700128544648
2012-10-12,1.9204984467629016
2012-10-15,1.9066766724795012
2012-10-16,1.9774057366370847
2012-10-17,2.038483056259511
2012-10-18,2.034867649046152
2012-10-19,2.0139654235304096
2012-10-22,2.013750822278157
2012-10-23,1.9971612670013796
2012-10-24,2.000837089703264
2012-10-25,2.027863062972308
2012-10-26,1.9760154955937432
2012-10-29,1.9492536216657024
2012-10-30,1.9435547330416965
2012-10-31,1.9495004378536132
2012-11-01,1.94677042831493
2012-11-02,1.9267809038196504
2012-11-05,1.9118116198469544
2012-11-06,1.908256661146308
2012-11-07,1.8614410616983044
2012-11-08,1.857334056738205
2012-11-09,1.82396344001714
2012-11-12,1.8228446905703304
2012-11-13,1.7982249997905546
2012-11-14,1.8221110244660883
2012-11-15,1.8178719228603375
2012-11-16,1.8093339785667988
2012-11-19,1.821385553043972
2012-11-20,1.8651820179379204
2012-11-21,1.9044841676579451
2012-11-22,1.9067268166211644
2012-11-23,1.9025469061349616
2012-11-26,1.8823076018657725
2012-11-27,1.8803094616457596
2012-11-28,1.7915201530268678
2012-11-29,1.8081324998578896
2012-11-30,1.7951046854980277
2012-12-03,1.8278441608233216
2012-12-04,1.8130636730804608
2012-12-05,1.7702411428687848
2012-12-06,1.757008734242989
2012-12-07,1.7324827223234085
2012-12-10,1.727098289671302
2012-12-11,1.7531064053173742
2012-12-12,1.7464816641307648
2012-12-13,1.747274820060861
2012-12-14,1.7475507284392533
2012-12-17,1.776869539341785
2012-12-18,1.798782587552779
2012-12-19,1.817864755958624
2012-12-20,1.7864166001515187
2012-12-21,1.7709726372446903
2012-12-24,1.7737553566304012
2012-12-27,1.7504626403437582
2012-12-28,1.7220305467467796
2012-12-31,1.722533077541371
2013-01-02,1.833627879033208
2013-01-03,1.8792772877031725
2013-01-04,1.9280530295428624
2013-01-07,1.9095087184386768
2013-01-08,1.88008565245498
2013-01-09,1.8756041321210084
2013-01-10,1.939365291917321
2013-01-11,1.9630211100919557
2013-01-14,1.9173175423575928
2013-01-15,1.901236649188468
2013-01-16,1.8974683388829288
2013-01-17,1.9449945435065752
2013-01-18,1.9080902373864996
2013-01-21,1.910708922479956
2013-01-22,1.9072436217433089
2013-01-23,1.8899967259851147
2013-01-24,1.896120566623643
2013-01-25,1.9572621582296543
2013-01-28,2.0146692095763514
2013-01-29,2.001327926392076
2013-01-30,2.0440110395767253
2013-01-31,2.020654870829002
2013-02-01,1.9788875958657952
2013-02-04,1.9915398798921515
2013-02-05,2.012044051513241
2013-02-06,1.992288040410961
2013-02-07,1.984445382639013
2013-02-08,1.9751323424415013
2013-02-11,1.9723907329258203
2013-02-12,2.000951804502429
2013-02-13,2.040446313515781
2013-02-14,2.016153442518399
2013-02-15,2.0096133687981927
2013-02-18,2.007630320791942
2013-02-19,2.010240126742043
2013-02-20,2.032460768497197
2013-02-21,1.9784714066195856
2013-02-22,1.9623393393086364
2013-02-25,2.005284706020417
2013-02-26,1.9187277022707525
2013-02-27,1.866287048045992
2013-02-28,1.880491865980316
2013-03-01,1.839016492465116
2013-03-04,1.833209182631376
2013-03-05,1.847686586375996
2013-03-06,1.8609528384719851
2013-03-07,1.8809094349848072
2013-03-08,1.8909965413286312
2013-03-11,1.882907074847246
2013-03-12,1.8730124024365848
2013-03-13,1.8669795071525872
2013-03-14,1.8689002583661385
2013-03-15,1.8523477601351708
2013-03-18,1.8056299119231145
2013-03-19,1.7875147168699854
2013-03-20,1.8034286941664712
2013-03-21,1.767636174087464
2013-03-22,1.7835623556160751
2013-03-25,1.7743225480874338
2013-03-26,1.8005745256312131
2013-03-27,1.7434870059792855
2013-03-28,1.759226275777391
2013-04-02,1.7794430679596678
2013-04-03,1.7483066126755098
2013-04-04,1.6956412543080417
2013-04-05,1.5777762548099448
2013-04-08,1.5813291014992643
2013-04-09,1.630293636202052
2013-04-10,1.6978214988558218
2013-04-11,1.6859256112696643
2013-04-12,1.6640555676266375
2013-04-15,1.6484405531428488
2013-04-16,1.6481027233863657
2013-04-17,1.6424021493121366
2013-04-18,1.6152878602750027
2013-04-19,1.6427139887837183
2013-04-22,1.5975772192010649
2013-04-23,1.599395410892372
2013-04-24,1.5969466413182474
2013-04-25,1.6001556169648703
2013-04-26,1.5872192115660662
2013-04-29,1.5711890618488624
2013-04-30,1.550317933457273
2013-05-02,1.541744908603384
2013-05-03,1.5896571500669587
2013-05-06,1.600352228864045
2013-05-07,1.6294725494058095
2013-05-08,1.624058576967764
2013-05-09,1.61755761957048
2013-05-10,1.7052506727004602
2013-05-13,1.7118539561104482
2013-05-14,1.706611444478848
2013-05-15,1.709355898127261
2013-05-16,1.668485904152197
2013-05-17,1.6559200256725417
2013-05-20,1.664960330801943
2013-05-21,1.7384643148472545
2013-05-22,1.673613596599596
2013-05-23,1.7097994485165469
2013-05-24,1.7278609179887263
2013-05-27,1.758165652527424
2013-05-28,1.7919554949711003
2013-05-29,1.838245246095151
2013-05-30,1.8304045973714995
2013-05-31,1.8427562019166928
2013-06-03,1.8644767362086432
2013-06-04,1.876348884962332
2013-06-05,1.8441609086937636
2013-06-06,1.8922524602094184
2013-06-07,1.8752191260045104
2013-06-10,1.90130499605635
2013-06-11,1.9803495786525824
2013-06-12,1.960546541491976
2013-06-13,1.91048017985839
2013-06-14,1.8486556295399772
2013-06-17,1.848999556860222
2013-06-18,1.89406534558002
2013-06-19,1.8783533675708828
2013-06-20,2.027820297501423
2013-06-21,2.0837924544444126
2013-06-24,2.23953352409053
2013-06-25,2.2215791264529123
2013-06-26,2.152379110846164
2013-06-27,2.0808710732984226
2013-06-28,2.1372549798737515
2013-07-01,2.1040176196420277
2013-07-02,2.07896897103421
2013-07-03,2.051910070141247
2013-07-04,2.016617655275684
2013-07-05,2.1042583338053875
2013-07-08,2.073012082313202
2013-07-09,2.038408347862667
2013-07-10,2.0458994360105534
2013-07-11,2.021893961981185
2013-07-12,1.961218638093344
2013-07-15,1.8492398502905851
2013-07-16,1.84631543748303
2013-07-17,1.831635251651284
2013-07-18,1.8163979712195812
2013-07-19,1.8008814243378284
2013-07-22,1.7950670759240488
2013-07-23,1.8418109892919643
2013-07-24,1.899139224835083
2013-07-25,1.9393666536810776
2013-07-26,1.9343258079165395
2013-07-29,1.9473289795233253
2013-07-30,1.9392408006906356
2013-07-31,1.9549500564761644
2013-08-01,1.939327407730718
2013-08-02,1.9278097700935897
2013-08-05,1.9533121659944408
2013-08-06,1.96687607858076
2013-08-07,1.96411282026632
2013-08-08,1.9564549594360336
2013-08-09,1.9487362783092808
2013-08-12,1.9577478764103216
2013-08-13,2.050765531966986
2013-08-14,2.0780258381014924
2013-08-15,2.1461025205995226
2013-08-16,2.1312694378047974
2013-08-19,2.182755240194731
2013-08-20,2.14111744295726
2013-08-21,2.183528872967142
2013-08-22,2.198780493680059
2013-08-23,2.247823286408747
2013-08-26,2.1796669253484584
2013-08-27,2.1487107675126165
2013-08-28,2.1582887868738414
2013-08-29,2.1593430202725576
2013-08-30,2.1735758852227374
2013-09-02,2.2045144373542715
2013-09-03,2.217619760169488
2013-09-04,2.2257630613061803
2013-09-05,2.3387281368853774
2013-09-06,2.2505444743392404
2013-09-09,2.2644764737615697
2013-09-10,2.350572304078276
2013-09-11,2.305142204135535
2013-09-12,2.240910613430379
2013-09-13,2.2266177230966315
2013-09-16,2.18754728834827
2013-09-17,2.2172955941914285
2013-09-18,2.250093116033428
2013-09-19,2.183883296542283
2013-09-20,2.219703296603952
2013-09-23,2.190090492146401
2013-09-24,2.1251801487181643
2013-09-25,2.10187531710488
2013-09-26,2.097885659622513
2013-09-27,2.053247784075221
2013-09-30,2.05493861415187
2013-10-01,2.057780520780621
2013-10-02,2.0640562461286995
2013-10-03,2.085932560739278
2013-10-04,2.109535513762135
2013-10-07,2.0751206112735003
2013-10-08,2.0925635632529183
2013-10-09,2.084218409155028
2013-10-10,2.140919819897052
2013-10-11,2.135646084305161
2013-10-14,2.140927238617448
2013-10-15,2.158785800252902
2013-10-16,2.211399610720906
2013-10-17,2.1660649781445294
2013-10-18,2.114630415346678
2013-10-21,2.116398037799133
2013-10-22,2.0704294248187374
2013-10-23,2.0456972105062965
2013-10-24,2.0283619485823623
2013-10-25,2.03576699471346
2013-10-28,2.01982151994755
2013-10-29,2.0193030818196407
2013-10-30,1.985577109531687
2013-10-31,1.95182874131826
2013-11-01,1.9568501362605213
2013-11-04,1.9429381076082288
2013-11-05,2.0057958755259517
2013-11-06,2.0161495737138155
2013-11-07,1.961857306186861
2013-11-08,2.027700367893818
2013-11-11,2.020458973633036
2013-11-12,2.0603634438570197
2013-11-13,2.0278165290617167
2013-11-14,1.9936665518216392
2013-11-15,1.9950225180852907
2013-11-18,1.9792581003537988
2013-11-19,1.9902545808076368
2013-11-20,2.0073959737987077
2013-11-21,2.0494018126606424
2013-11-22,2.026575585582779
2013-11-25,1.9920628231163988
2013-11-26,1.98678282553574
2013-11-27,1.993419097354029
2013-11-28,1.9842442670491307
2013-11-29,1.9865840246800035
2013-12-02,2.0214893203253936
2013-12-03,2.014172017683342
2013-12-04,2.060604804983911
2013-12-05,2.1144592491603884
2013-12-06,2.128213352268011
2013-12-09,2.1084115849323
2013-12-10,2.099612506696359
2013-12-11,2.1030387088243687
2013-12-12,2.112674213278771
2013-12-13,2.110884111367945
2013-12-16,2.107390216867243
2013-12-17,2.1065094242838187
2013-12-18,2.114220832439024
2013-12-19,2.152465221064221
2013-12-20,2.160389274607043
2013-12-23,2.1619615616489227
2013-12-24,2.163011022875501
2013-12-27,2.2355284534334388
2013-12-30,2.238369004886181
2013-12-31,2.24087957425051
2014-01-02,2.2420753092057195
2014-01-03,2.2354038797721776
2014-01-06,2.1999538136355303
2014-01-07,2.17897837881284
2014-01-08,2.1791118887773697
2014-01-09,2.1981300792117384
2014-01-10,2.160339147312209
2014-01-13,2.1285552373750365
2014-01-14,2.119306219995868
2014-01-15,2.141214731986639
2014-01-16,2.089287618711957
2014-01-17,2.0737142001826028
2014-01-20,2.0399887755738
2014-01-21,2.045722927601144
2014-01-22,2.0709524256959035
2014-01-23,2.025131071983414
2014-01-24,1.9816667579379248
2014-01-27,1.9819430231244783
2014-01-28,1.9888725290340383
2014-01-29,1.9617511873666311
2014-01-30,1.943330384112988
2014-01-31,1.8946035594776944
2014-02-03,1.8797787851643548
2014-02-04,1.8837892981197388
2014-02-05,1.8795152156429813
2014-02-06,1.931766243962901
2014-02-07,1.9055995282713107
2014-02-10,1.9163319932493923
2014-02-11,1.930820204064113
2014-02-12,1.940885565225628
2014-02-13,1.9150269551523875
2014-02-14,1.92813180813402
2014-02-17,1.932889819748488
2014-02-18,1.9203570494749025
2014-02-19,1.9031235163909652
2014-02-20,1.9299264254268456
2014-02-21,1.911847509768151
2014-02-24,1.932414266572429
2014-02-25,1.904460210765457
2014-02-26,1.8614862295483663
2014-02-27,1.805590718081981
2014-02-28,1.880141761770952
2014-03-03,1.817980950704956
2014-03-04,1.8380411734413995
2014-03-05,1.852389886416388
2014-03-06,1.8917862025604928
2014-03-07,1.901123257820924
2014-03-10,1.862491213801806
2014-03-11,1.8954635245252789
2014-03-12,1.8419437170416817
2014-03-13,1.816360916001834
2014-03-14,1.7861076787800627
2014-03-17,1.800762380925789
2014-03-18,1.8136094410044823
2014-03-19,1.8422771446505903
2014-03-20,1.900637883402326
2014-03-21,1.8715373395694133
2014-03-24,1.8368971407169248
2014-03-25,1.822855329258644
2014-03-26,1.8022560977257385
2014-03-27,1.781713600951032
2014-03-28,1.7949424893059929
2014-03-31,1.82211901094795
2014-04-01,1.8265109773435064
2014-04-02,1.8572526399556253
2014-04-03,1.855390566280564
2014-04-04,1.80466909714076
2014-04-07,1.7837502005554835
2014-04-08,1.808494562719976
2014-04-09,1.8251003572158933
2014-04-10,1.7796300300934869
2014-04-11,1.7453720340186871
2014-04-14,1.7516170914933475
2014-04-15,1.7431947785703548
2014-04-16,1.7177186304522696
2014-04-17,1.735096596257491
2014-04-22,1.7711666080674204
2014-04-23,1.7676579229953375
2014-04-24,1.7478380249987344
2014-04-25,1.7176068815134018
2014-04-28,1.7369607909571698
2014-04-29,1.7504005068821034
2014-04-30,1.7207650749501475
2014-05-02,1.70646586395618
2014-05-05,1.6910798723493787
2014-05-06,1.6975652096159577
2014-05-07,1.7221118267258415
2014-05-08,1.6897069650115624
2014-05-09,1.6886336865676128
2014-05-12,1.699017528904287
2014-05-13,1.6639283696397325
2014-05-14,1.6066237220726176
2014-05-15,1.560762808091133
2014-05-16,1.5743479705135952
2014-05-19,1.582525943154632
2014-05-20,1.6088589173728316
2014-05-21,1.631967796496319
2014-05-22,1.597501152231399
2014-05-23,1.601933395486734
2014-05-26,1.5920306952066383
2014-05-27,1.5744188267215682
2014-05-28,1.5268182294777777
2014-05-29,1.5279022335334842
2014-05-30,1.5579182957339173
2014-06-02,1.5566696571781842
2014-06-03,1.6186152888736025
2014-06-04,1.6336505787452884
2014-06-05,1.6325384483376544
2014-06-06,1.524617407080329
2014-06-09,1.538821926369505
2014-06-10,1.5755892318455178
2014-06-11,1.5765670259511655
2014-06-12,1.5825663023934444
2014-06-13,1.569257989507742
2014-06-16,1.539643637068192
2014-06-17,1.582299833104699
2014-06-18,1.5650273238049612
2014-06-19,1.4913509214242833
2014-06-20,1.5371233147902448
2014-06-23,1.507952398029663
2014-06-24,1.5115429945883596
2014-06-25,1.4571361123607467
2014-06-26,1.4272626723159636
2014-06-27,1.438229715174855
2014-06-30,1.4384625015574244
2014-07-01,1.426294507540974
2014-07-02,1.4544865134180691
2014-07-03,1.4796767850486257
2014-07-04,1.4299192745866582
2014-07-07,1.4344417718009286
2014-07-08,1.3952326586079593
2014-07-09,1.3918794648192323
2014-07-10,1.3596561715392097
2014-07-11,1.3674112491775716
2014-07-14,1.3780740160870248
2014-07-15,1.3492298973430534
2014-07-16,1.3558060700718997
2014-07-17,1.330168346418314
2014-07-18,1.3081392119845532
2014-07-21,1.3027795500651491
2014-07-22,1.3250154346632694
2014-07-23,1.2953232851633754
2014-07-24,1.335353888002632
2014-07-25,1.305730563173069
2014-07-28,1.289875814604715
2014-07-29,1.265896764493971
2014-07-30,1.292014354821779
2014-07-31,1.3383150598159546
2014-08-01,1.3161079313859876
2014-08-04,1.2829435166897225
2014-08-05,1.3197571582826706
2014-08-06,1.2585548258860024
2014-08-07,1.2426236631009902
2014-08-08,1.2028518091371714
2014-08-11,1.2128423929446122
2014-08-12,1.217148505269388
2014-08-13,1.205989544001466
2014-08-14,1.1708204779011495
2014-08-15,1.1610304524953188
2014-08-18,1.1776764896112404
2014-08-19,1.1614864090874055
2014-08-20,1.1395832998503463
2014-08-21,1.1385819522363745
2014-08-22,1.1319033945637127
2014-08-25,1.0898974136782744
2014-08-26,1.0776148299754027
2014-08-27,1.0254248367602958
2014-08-28,1.014555724838201
2014-08-29,1.031518088310999
2014-09-01,1.036369343857085
2014-09-02,1.0893376769506116
2014-09-03,1.1108025148485527
2014-09-04,1.1020269731542784
2014-09-05,1.0756352727097385
2014-09-08,1.0685966470249912
2014-09-09,1.1477794352284958
2014-09-10,1.1666263261361085
2014-09-11,1.158128645689871
2014-09-12,1.208048068381892
2014-09-15,1.1743108728672071
2014-09-16,1.186040300732083
2014-09-17,1.1807327268441066
2014-09-18,1.2223096652225136
2014-09-19,1.171464804817071
2014-09-22,1.1427299190927505
2014-09-23,1.134184165371125
2014-09-24,1.1116881672622592
2014-09-25,1.0931487493427516
2014-09-26,1.090567785758111
2014-09-29,1.0716565596591892
2014-09-30,1.0588503966798832
2014-10-01,1.0133252352582742
2014-10-02,1.036362244994086
2014-10-03,1.0558025179447936
2014-10-06,1.0376328492622626
2014-10-07,1.0342258843341048
2014-10-08,1.0158985889269134
2014-10-09,1.008132100447897
2014-10-10,1.0107210422806858
2014-10-13,1.0241736335972442
2014-10-14,0.971663804059192
2014-10-15,0.8932278292893239
2014-10-16,0.9314082597330008
2014-10-17,1.0078728141550553
2014-10-20,0.9859708821443504
2014-10-21,1.009128872444375
2014-10-22,1.0110278834301545
2014-10-23,1.0197349589463274
2014-10-24,1.0194974546254445
2014-10-27,1.0080712260432954
2014-10-28,1.013627995225856
2014-10-29,1.0145639393776582
2014-10-30,0.973261093833332
2014-10-31,0.9638364085329972
2014-11-03,0.9648089851540504
2014-11-04,0.9308472625281105
2014-11-05,0.9429501923916072
2014-11-06,0.946459878424622
2014-11-07,0.945455079540058
2014-11-10,0.9364146175117344
2014-11-11,0.938903268343938
2014-11-12,0.9147219362663764
2014-11-13,0.9159127845741262
2014-11-14,0.906896971230287
2014-11-17,0.9180497060778672
2014-11-18,0.9091372722668982
2014-11-19,0.9572553812109934
2014-11-20,0.9214990377726284
2014-11-21,0.8893067051184111
2014-11-24,0.8935833939899487
2014-11-25,0.8658652838502627
2014-11-26,0.8495992083596047
2014-11-27,0.8111823203315875
2014-11-28,0.8015239549035273
2014-12-01,0.8078986866097431
2014-12-02,0.8542518613185992
2014-12-03,0.8638810054519004
2014-12-04,0.8556116871549566
2014-12-05,0.8739995028065808
2014-12-08,0.8233596557691758
2014-12-09,0.8030535582297542
2014-12-10,0.7941193962530235
2014-12-11,0.776208923171045
2014-12-12,0.7461344772596199
2014-12-15,0.7489120898322108
2014-12-16,0.691778959489187
2014-12-17,0.6966036225237566
2014-12-18,0.73551786950142
2014-12-19,0.7232247129564096
2014-12-22,0.716774868568578
2014-12-23,0.7106716251969276
2014-12-24,0.7112624575497097
2014-12-29,0.664448747355749
2014-12-30,0.6480343081767224
2014-12-31,0.6486316636468334
2015-01-02,0.6114106978014604
2015-01-05,0.5918010000356606
2015-01-06,0.530988492389648
2015-01-07,0.5644069114430037
2015-01-08,0.5987102476670341
2015-01-09,0.6102131011214746
2015-01-12,0.5554392211983172
2015-01-13,0.5521972679768732
2015-01-14,0.4929376954846809
2015-01-15,0.4956771606776344
2015-01-16,0.4857418038815373
2015-01-19,0.4840390597235453
2015-01-20,0.5012989995279424
2015-01-21,0.5457350756482862
2015-01-22,0.6147899305639859
2015-01-23,0.4217445480769273
2015-01-26,0.423433831850649
2015-01-27,0.4393184517125945
2015-01-28,0.4331658513987199
2015-01-29,0.4146606166652968
2015-01-30,0.3936199168815342
2015-02-02,0.3531765189633806
2015-02-03,0.3848211433733247
2015-02-04,0.4087381111670451
2015-02-05,0.4161315438122591
2015-02-06,0.4091761060387735
2015-02-09,0.4181052011151852
2015-02-10,0.4418954953377426
2015-02-11,0.429262339559088
2015-02-12,0.401667499866487
2015-02-13,0.3978904614190415
2015-02-16,0.4055185604857952
2015-02-17,0.4155491862742033
2015-02-18,0.4505298238279839
2015-02-19,0.4489952990969382
2015-02-20,0.4108820170599194
2015-02-23,0.4313255245287066
2015-02-24,0.447934706624395
2015-02-25,0.3937565619675001
2015-02-26,0.3463972828538457
2015-02-27,0.3691326637656524
2015-03-02,0.380265454874988
2015-03-03,0.4144544438542485
2015-03-04,0.4219169895068638
2015-03-05,0.3937205990576427
2015-03-06,0.4126506718497305
2015-03-09,0.3530568343479994
2015-03-10,0.2682225914654894
2015-03-11,0.2397059493364324
2015-03-12,0.2675351617551138
2015-03-13,0.2980040599063355
2015-03-16,0.2925704068398148
2015-03-17,0.3190606931959364
2015-03-18,0.2563721426101043
2015-03-19,0.2444724439844856
2015-03-20,0.240699159762083
2015-03-23,0.2774382446402152
2015-03-24,0.2903316550008338
2015-03-25,0.2978546449124839
2015-03-26,0.2983255475703908
2015-03-27,0.2895651720688785
2015-03-30,0.2731608424952709
2015-03-31,0.2639295264340712
2015-04-01,0.2367267157067627
2015-04-02,0.2628033522559496
2015-04-07,0.2692690715221324
2015-04-08,0.2555245528280273
2015-04-09,0.2375900808007185
2015-04-10,0.2359067674740039
2015-04-13,0.2267227147213549
2015-04-14,0.2100345903413016
2015-04-15,0.1731885074797559
2015-04-16,0.1532344116258691
2015-04-17,0.1376617818383296
2015-04-20,0.1341850083974151
2015-04-21,0.1626758270057878
2015-04-22,0.2001079699735078
2015-04-23,0.2248904625663108
2015-04-24,0.2274529312185806
2015-04-27,0.2337594927440387
2015-04-28,0.2218967930313096
2015-04-29,0.3248894714582138
2015-04-30,0.4168462509487285
2015-05-04,0.4816945877647804
2015-05-05,0.5402739224369253
2015-05-06,0.6285117137296601
2015-05-07,0.6569261723840136
2015-05-08,0.621842712497638
2015-05-11,0.6568769884016388
2015-05-12,0.774013583258568
2015-05-13,0.738178500351776
2015-05-14,0.7900240240808885
2015-05-15,0.7376274166691468
2015-05-18,0.7462181187003591
2015-05-19,0.7086584237516822
2015-05-20,0.7004527291647633
2015-05-21,0.7248278785828075
2015-05-22,0.7089511587261079
2015-05-25,0.7084756532690253
2015-05-26,0.6776736392538636
2015-05-27,0.6593329064914986
2015-05-28,0.6280726554905025
2015-05-29,0.6090087894856606
2015-06-01,0.5922911573555525
2015-06-02,0.7530456853727627
2015-06-03,0.9305495584547478
2015-06-04,0.9271828319419266
2015-06-05,0.9540345285932824
2015-06-08,0.9767106983005762
2015-06-09,1.0562726993545355
2015-06-10,1.0754664900960809
2015-06-11,1.0164619222464328
2015-06-12,0.9819100083642957
2015-06-15,0.945138236923546
2015-06-16,0.960975414083926
2015-06-17,0.9609446680090274
2015-06-18,0.9433010527315532
2015-06-19,0.9138716434583752
2015-06-22,1.02473004489702
2015-06-23,1.027029828796323
2015-06-24,0.9682503241986108
2015-06-25,1.0031440222260637
2015-06-26,1.072826102783787
2015-06-29,0.9861584424704706
2015-06-30,0.9528411053191466
2015-07-01,1.0116636725768264
2015-07-02,1.0386209567632627
2015-07-03,0.9917974468382522
2015-07-06,0.9439525585116676
2015-07-07,0.8362036108375384
2015-07-08,0.8401045635567235
2015-07-09,0.8826764347798455
2015-07-10,1.0380975857641088
2015-07-13,1.0333847381793588
2015-07-14,1.00093361503643
2015-07-15,0.919754113648016
2015-07-16,0.9492213326004412
2015-07-17,0.8613892377724657
2015-07-20,0.8324932114033401
2015-07-21,0.8541510640767895
2015-07-22,0.8323933748456009
2015-07-23,0.8257692496968789
2015-07-24,0.7743177422340679
2015-07-27,0.751778823984369
2015-07-28,0.7821649830297517
2015-07-29,0.7849026504033949
2015-07-30,0.7424408255259816
2015-07-31,0.7286394532157718
2015-08-03,0.6997123232180855
2015-08-04,0.7223857699367531
2015-08-05,0.8249003605750365
2015-08-06,0.795605864550843
2015-08-07,0.7503465362052331
2015-08-10,0.7576346080352843
2015-08-11,0.7085504539365464
2015-08-12,0.6941322095543265
2015-08-13,0.7182132171119897
2015-08-14,0.7300970006757659
2015-08-17,0.7047452720476199
2015-08-18,0.7263800313690854
2015-08-19,0.740655245329854
2015-08-20,0.6692704413921975
2015-08-21,0.680353538999273
2015-08-24,0.6372866220589573
2015-08-25,0.812542802208108
2015-08-26,0.80875865990653
2015-08-27,0.8286853482129426
2015-08-28,0.7892681942523567
2015-08-31,0.8200572366778678
2015-09-01,0.8986581549101591
2015-09-02,0.9007742274592196
2015-09-03,0.8417043576680356
2015-09-04,0.7792299965612894
2015-09-07,0.7625724072151701
2015-09-08,0.7746515508939766
2015-09-09,0.8129869497223181
2015-09-10,0.7840423281025775
2015-09-11,0.7602625151084652
2015-09-14,0.7386255285689622
2015-09-15,0.8191502699016189
2015-09-16,0.859216501080657
2015-09-17,0.8722446076986241
2015-09-18,0.7399053306092482
2015-09-21,0.7763733304913214
2015-09-22,0.7131596233300428
2015-09-23,0.7021599920228301
2015-09-24,0.672084570470969
2015-09-25,0.7498566525362724
2015-09-28,0.7088910458352373
2015-09-29,0.698458893497643
2015-09-30,0.7033485221551179
2015-10-01,0.6504128679785923
2015-10-02,0.591074133634077
2015-10-05,0.6536716624831787
2015-10-06,0.7186397094287384
2015-10-07,0.7116415363026487
2015-10-08,0.6814443704883155
2015-10-09,0.7110700040604714
2015-10-12,0.6773400028607552
2015-10-13,0.6916372407607678
2015-10-14,0.6587448600854184
2015-10-15,0.6519322701511747
2015-10-16,0.6542913410536952
2015-10-19,0.6666496796256407
2015-10-20,0.7330989443735696
2015-10-21,0.686198127524607
2015-10-22,0.5769725096931833
2015-10-23,0.6106967370166299
2015-10-26,0.5957500922199115
2015-10-27,0.5487167606578653
2015-10-28,0.5678039383878888
2015-10-29,0.6070617108946079
2015-10-30,0.6299876107215212
2015-11-02,0.672168219455429
2015-11-03,0.6732194988623545
2015-11-04,0.675918161847167
2015-11-05,0.7086840303351867
2015-11-06,0.7822450423555249
2015-11-09,0.8000103664798432
2015-11-10,0.7558280084017479
2015-11-11,0.7369792380674856
2015-11-12,0.7255721257167806
2015-11-13,0.6669819526014491
2015-11-16,0.6483879339611853
2015-11-17,0.6497642707774274
2015-11-18,0.6359714184399365
2015-11-19,0.5950534186648175
2015-11-20,0.5765505167566696
2015-11-23,0.6292161448790017
2015-11-24,0.6146934269646005
2015-11-25,0.5729678556643609
2015-11-26,0.5830788814775127
2015-11-27,0.5555569465773829
2015-11-30,0.5803911345864661
2015-12-01,0.5850178096242997
2015-12-02,0.5847445548219028
2015-12-03,0.7095152173856656
2015-12-04,0.7887626874339855
2015-12-07,0.7130623165392791
2015-12-08,0.686798605321929
2015-12-09,0.6964853680117296
2015-12-10,0.6921856399404058
2015-12-11,0.6450134727379346
2015-12-14,0.6873483895120946
2015-12-15,0.76664516116983
2015-12-16,0.7780746076895415
2015-12-17,0.7317065177943265
2015-12-18,0.6732232690231461
2015-12-21,0.668758894482874
2015-12-22,0.7057221302187262
2015-12-23,0.7533288055587555
2015-12-28,0.736978496732382
2015-12-29,0.7687945215978571
2015-12-30,0.768969803797086
2016-01-04,0.7027128992328162
2016-01-05,0.6964437739566982
2016-01-06,0.6639527744124925
2016-01-07,0.7012247838050722
2016-01-08,0.6761397540846472
2016-01-11,0.7031215688316266
2016-01-12,0.726433515330803
2016-01-13,0.6764662369616197
2016-01-14,0.6459817140597588
2016-01-15,0.6290340329433128
2016-01-18,0.6324340055519997
2016-01-19,0.6451397330351352
2016-01-20,0.5862919549898677
2016-01-21,0.5360112819784755
2016-01-22,0.5914902188489322
2016-01-25,0.5706905809279856
2016-01-26,0.5441959746048495
2016-01-27,0.5510503668950495
2016-01-28,0.4981501784102287
2016-01-29,0.4393896373825665
2016-02-01,0.4295234266045673
2016-02-02,0.4051950110118554
2016-02-03,0.4057493859519079
2016-02-04,0.4012421687731846
2016-02-05,0.40979617900466
2016-02-08,0.3463124387328014
2016-02-09,0.3595158914159162
2016-02-10,0.3581892953211767
2016-02-11,0.3107976494608842
2016-02-12,0.335971467511869
2016-02-15,0.3611455239921728
2016-02-16,0.3852867857068256
2016-02-17,0.3771159989996544
2016-02-18,0.3323207666536492
2016-02-19,0.2988801841277766
2016-02-22,0.2931237066841081
2016-02-23,0.3248197291741252
2016-02-24,0.2421256619595118
2016-02-25,0.2580330337565737
2016-02-26,0.2571490527097113
2016-02-29,0.218827627045008
2016-03-01,0.2523322427435994
2016-03-02,0.3085988355574551
2016-03-03,0.3106417909655636
2016-03-04,0.3266472013160122
2016-03-07,0.3289011345733081
2016-03-08,0.2890736302572723
2016-03-09,0.3443904653867227
2016-03-10,0.3210024123018691
2016-03-11,0.3696722792494347
2016-03-14,0.3567406104131736
2016-03-15,0.4059308348942814
2016-03-16,0.3765011989594553
2016-03-17,0.3325223356288447
2016-03-18,0.3021161494542337
2016-03-21,0.3218157120970213
2016-03-22,0.3192505529458662
2016-03-23,0.3315723696971488
2016-03-24,0.2864890227035532
2016-03-29,0.2486415082461555
2016-03-30,0.2661854771069531
2016-03-31,0.2625919426852219
2016-04-01,0.2254417943113145
2016-04-04,0.226647468185372
2016-04-05,0.1823750021044938
2016-04-06,0.209669058575447
2016-04-07,0.1857503643700899
2016-04-08,0.1953643806474552
2016-04-11,0.2338615758562243
2016-04-12,0.2009083152375512
2016-04-13,0.2035058460731382
2016-04-14,0.205325647690947
2016-04-15,0.1856939432490769
2016-04-18,0.2015255850657848
2016-04-19,0.2284043862458153
2016-04-20,0.2010245542839095
2016-04-21,0.260510312949836
2016-04-22,0.2884937319140557
2016-04-25,0.3271686048655549
2016-04-26,0.3453197235440646
2016-04-27,0.3567803935401472
2016-04-28,0.318317946022099
2016-04-29,0.3431946601834337
2016-05-02,0.328669379204519
2016-05-03,0.2539464516000271
2016-05-04,0.2770752553092039
2016-05-05,0.2415693238093501
2016-05-06,0.2206843296256635
2016-05-09,0.1972044235285373
2016-05-10,0.1720273263425591
2016-05-11,0.1698886020284025
2016-05-12,0.1969646001880391
2016-05-13,0.1903870213400313
2016-05-16,0.2007194399197507
2016-05-17,0.1867949289339652
2016-05-18,0.2344190462387385
2016-05-19,0.2088208559805875
2016-05-20,0.2281271550475119
2016-05-23,0.2285866017662856
2016-05-24,0.2222999544171289
2016-05-25,0.203603924536706
2016-05-26,0.1989237878492757
2016-05-27,0.1708599076590515
2016-05-30,0.2236342767446948
2016-05-31,0.2224078988269107
2016-06-01,0.1755034879288679
2016-06-02,0.1757855750545851
2016-06-03,0.1237023610582834
2016-06-06,0.1313798159138168
2016-06-07,0.1060913215690559
2016-06-08,0.0972054054957185
2016-06-09,0.0595940922930484
2016-06-10,0.0465626788911075
2016-06-13,0.0577651384128516
2016-06-14,0.0366350386099951
2016-06-15,0.0307356624960655
2016-06-16,0.0190768616877692
2016-06-17,0.0484062094116177
2016-06-20,0.0843872239057215
2016-06-21,0.0743584839561335
2016-06-22,0.0904279905787173
2016-06-23,0.1117383575688544
2016-06-24,-0.0245151677844503
2016-06-27,-0.0699885529295261
2016-06-28,-0.0638328258897535
2016-06-29,-0.0936576906042105
2016-06-30,-0.1044256146642337
2016-07-01,-0.109503857342319
2016-07-04,-0.1074523929307025
2016-07-05,-0.1395926847641515
2016-07-06,-0.154572480184818
2016-07-07,-0.1309275887849867
2016-07-08,-0.1601196590246267
2016-07-11,-0.1618213829534331
2016-07-12,-0.0946855979007863
2016-07-13,-0.1244964029942123
2016-07-14,-0.0653724970317144
2016-07-15,-0.056795280640475
2016-07-18,-0.0753581014186841
2016-07-19,-0.0665912814609894
2016-07-20,-0.0597876906686694
2016-07-21,-0.0358960057635333
2016-07-22,-0.0525325552607989
2016-07-25,-0.0878064699474618
2016-07-26,-0.084005911471559
2016-07-27,-0.1079338613787781
2016-07-28,-0.1218017192091016
2016-07-29,-0.1517966897263534
2016-08-01,-0.1542186870847817
2016-08-02,-0.079923978870827
2016-08-03,-0.093508285322597
2016-08-04,-0.1362605858666685
2016-08-05,-0.1137742205116327
2016-08-08,-0.0879803933525167
2016-08-09,-0.1135687866117765
2016-08-10,-0.146099842627712
2016-08-11,-0.1467708369181899
2016-08-12,-0.1493838646642165
2016-08-15,-0.1138982606362426
2016-08-16,-0.0968894499201762
2016-08-17,-0.0945280056106936
2016-08-18,-0.1286833770148825
2016-08-19,-0.1081276555490058
2016-08-22,-0.1218847980842849
2016-08-23,-0.1378142235814277
2016-08-24,-0.1271568800128815
2016-08-25,-0.0979853462670714
2016-08-26,-0.110259666756407
2016-08-29,-0.1038817219306715
2016-08-30,-0.1242879516480846
2016-08-31,-0.1176940424906636
2016-09-01,-0.0681164268097016
2016-09-02,-0.0722946690756982
2016-09-05,-0.0719202858640679
2016-09-06,-0.1050978731326885
2016-09-07,-0.1561213712250957
2016-09-08,-0.1256048120799806
2016-09-09,-0.0254051488006146
2016-09-12,-0.0026043938559427
2016-09-13,-0.0020308385748011
2016-09-14,-0.0010276631248795
2016-09-15,0.0296098635103856
2016-09-16,-0.007230366260698
2016-09-19,-0.0025430472154814
2016-09-20,-0.038919580845472
2016-09-21,-0.0252186159644614
2016-09-22,-0.0965301455598459
2016-09-23,-0.1027912492549285
2016-09-26,-0.129320521428029
2016-09-27,-0.1637105719020262
2016-09-28,-0.1661240527551126
2016-09-29,-0.1419063454852551
2016-09-30,-0.1620515369928412
2016-10-03,-0.1381535445532566
2016-10-04,-0.1153304804489296
2016-10-05,-0.0598641357561597
2016-10-06,-0.0281503032452974
2016-10-07,-0.0252454189313766
2016-10-10,0.0260965990141981
2016-10-11,0.0234889606463357
2016-10-12,0.0377011256463108
2016-10-13,0.0047277493695814
2016-10-14,0.0326786828200607
2016-10-17,0.0392017094915613
2016-10-18,0.0258374080807732
2016-10-19,-0.0018859798135801
2016-10-20,-0.006982136247239
2016-10-21,-0.0250539651408425
2016-10-24,-0.0074007183971138
2016-10-25,0.0104895825042494
2016-10-26,0.0696732232561583
2016-10-27,0.1478549351830871
2016-10-28,0.1559237392006469
2016-10-31,0.142941868196583
2016-11-01,0.1768207931614061
2016-11-02,0.140761106757159
2016-11-03,0.1616317085917655
2016-11-04,0.1189029381368929
2016-11-07,0.1426773304441426
2016-11-08,0.1463298669851425
2016-11-09,0.1653400984102679
2016-11-10,0.3041542078890162
2016-11-11,0.3134598969614037
2016-11-14,0.3621088273572037
2016-11-15,0.326454238299148
2016-11-16,0.3387616746041919
2016-11-17,0.3261362970691017
2016-11-18,0.2922320287489466
2016-11-21,0.3141882802828211
2016-11-22,0.2674057402879652
2016-11-23,0.3291460145130664
2016-11-24,0.2944044951861806
2016-11-25,0.28633157602329
2016-11-28,0.2415082043611227
2016-11-29,0.2722625436716126
2016-11-30,0.2743464000414652
2016-12-01,0.3482991305187712
2016-12-02,0.3745967090556754
2016-12-05,0.3842983272792213
2016-12-06,0.3800046619426918
2016-12-07,0.3921756968792347
2016-12-08,0.4296055875256903
2016-12-09,0.3928846115012652
2016-12-12,0.4681991773830507
2016-12-13,0.4112780583481039
2016-12-14,0.3741850591980968
2016-12-15,0.4115610621684622
2016-12-16,0.3631101445410865
2016-12-19,0.3426355826188008
2016-12-20,0.3234120942504939
2016-12-21,0.3096200133408753
2016-12-22,0.317596973303206
2016-12-23,0.2847988435123567
2016-12-27,0.2687937375656393
2016-12-28,0.2560492737459756
2016-12-29,0.2469724682722454
2016-12-30,0.2581256056567871
2017-01-02,0.2272628654880315
2017-01-03,0.3156102168673853
2017-01-04,0.3282447113905009
2017-01-05,0.3444683322890283
2017-01-06,0.3454105699864445
2017-01-09,0.3472764100219732
2017-01-10,0.347366650982241
2017-01-11,0.319197686435368
2017-01-12,0.3191904060293375
2017-01-13,0.3290431372721301
2017-01-16,0.3349287653730632
2017-01-17,0.2886118361361567
2017-01-18,0.3567684849371924
2017-01-19,0.4024413810978493
2017-01-20,0.4142962721049197
2017-01-23,0.4224677046764391
2017-01-24,0.4177580241622949
2017-01-25,0.4887789715026618
2017-01-26,0.4952282185221999
2017-01-27,0.497228124860555
2017-01-30,0.4933830173732438
2017-01-31,0.4969792614902402
2017-02-01,0.5133366621098356
2017-02-02,0.4573210304258124
2017-02-03,0.4729768523651931
2017-02-06,0.4080802553219613
2017-02-07,0.4465261517294809
2017-02-08,0.3785483976808712
2017-02-09,0.3598197795361888
2017-02-10,0.3991134809784622
2017-02-13,0.3986655345784204
2017-02-14,0.3984575264499059
2017-02-15,0.4438066964678984
2017-02-16,0.4171389443881192
2017-02-17,0.3559514133701822
2017-02-20,0.3708729978197107
2017-02-21,0.3874451773332179
2017-02-22,0.3089108244053808
2017-02-23,0.2941292700977436
2017-02-24,0.2505051653306007
2017-02-27,0.2402568645612715
2017-02-28,0.2521480376521627
2017-03-01,0.3051100883905611
2017-03-02,0.3453413121341646
2017-03-03,0.3854319282135821
2017-03-06,0.3718044334837267
2017-03-07,0.3716551698245944
2017-03-08,0.4207723725125127
2017-03-09,0.4322630257769746
2017-03-10,0.5038341452234834
2017-03-13,0.5088577007749633
2017-03-14,0.4959505692027233
2017-03-15,0.4673131205756133
2017-03-16,0.497901808250059
2017-03-17,0.4887071308286499
2017-03-20,0.4860886202712056
2017-03-21,0.5100615785096139
2017-03-22,0.4379878860515762
2017-03-23,0.4403580131018034
2017-03-24,0.4495464385984538
2017-03-27,0.4231807492037047
2017-03-28,0.4265975584024271
2017-03-29,0.4001388390630302
2017-03-30,0.392186868137232
2017-03-31,0.3814023713402656
2017-04-03,0.3688136050687713
2017-04-04,0.3045469236097267
2017-04-05,0.3252824170309565
2017-04-06,0.3077513496336843
2017-04-07,0.2739686779066965
2017-04-10,0.2778383977216037
2017-04-11,0.2775385178322431
2017-04-12,0.2693966748077989
2017-04-13,0.2345617886109887
2017-04-18,0.2436716911419338
2017-04-19,0.2510617041249441
2017-04-20,0.2995497814916947
2017-04-21,0.3025792596330894
2017-04-24,0.3996819727530138
2017-04-25,0.4103020144032472
2017-04-26,0.4169489486551083
2017-04-27,0.3791779009023135
2017-04-28,0.3819920626792856
2017-05-02,0.3753007811602908
2017-05-03,0.3737644515052287
2017-05-04,0.4334814111205363
2017-05-05,0.4537120544841548
2017-05-08,0.4676171614448488
2017-05-09,0.4952232876278302
2017-05-10,0.4568860455404189
2017-05-11,0.4892257802040118
2017-05-12,0.456322508270274
2017-05-15,0.4798156261077015
2017-05-16,0.4918335816770516
2017-05-17,0.4511251725928229
2017-05-18,0.4048637957966887
2017-05-19,0.4358441336345833
2017-05-22,0.4579362440319059
2017-05-23,0.4651926735491178
2017-05-24,0.4656398613193051
2017-05-25,0.4329896470989469
2017-05-26,0.4031797914507402
2017-05-29,0.3747728208120744
2017-05-30,0.3692633990188687
2017-05-31,0.3616871225584432
2017-06-01,0.3885104572892501
2017-06-02,0.3531005299386383
2017-06-05,0.3666999604313528
2017-06-06,0.3458204140971164
2017-06-07,0.3394931773928915
2017-06-08,0.3443307670445534
2017-06-09,0.3522511819748786
2017-06-12,0.3342461714457618
2017-06-13,0.3450270685004106
2017-06-14,0.322744527668954
2017-06-15,0.3727012589877452
2017-06-16,0.3580687683670618
2017-06-19,0.3658649824987501
2017-06-20,0.3427268543390678
2017-06-21,0.3403833912109864
2017-06-22,0.3232137917657587
2017-06-23,0.3311969458363988
2017-06-26,0.3165619965701722
2017-06-27,0.3966732127277321
2017-06-28,0.4458667821893645
2017-06-29,0.5082937069142579
2017-06-30,0.5409199919834577
2017-07-03,0.5290508498355022
2017-07-04,0.5463989152017144
2017-07-05,0.565135082872942
2017-07-06,0.6350375719685468
2017-07-07,0.64973271576625
2017-07-10,0.6331161098613487
2017-07-11,0.6422352178302759
2017-07-12,0.6120407423336749
2017-07-13,0.6103348619269502
2017-07-14,0.5948380457220308
2017-07-17,0.6008422160834614
2017-07-18,0.5866864088578421
2017-07-19,0.5627705945908792
2017-07-20,0.559412121033712
2017-07-21,0.5351874898335609
2017-07-24,0.5270431790100005
2017-07-25,0.5801280421090471
2017-07-26,0.5813779143797948
2017-07-27,0.5579757790099809
2017-07-28,0.5862230358779561
2017-07-31,0.5771010542149364
2017-08-01,0.54494300889281
2017-08-02,0.517289272521797
2017-08-03,0.5013635936686569
2017-08-04,0.5025789832709169
2017-08-07,0.4993272319234068
2017-08-08,0.5000807025548228
2017-08-09,0.4538175402380648
2017-08-10,0.4441932985463275
2017-08-11,0.4161122245960502
2017-08-14,0.445464924823403
2017-08-15,0.4733681951450279
2017-08-16,0.481419553247413
2017-08-17,0.4731186425987639
2017-08-18,0.4274694387621496
2017-08-21,0.4309717749012547
2017-08-22,0.4409475553666704
2017-08-23,0.4183392219523103
2017-08-24,0.4019175990051344
2017-08-25,0.4238850553628097
2017-08-28,0.4057429341390968
2017-08-29,0.3697197325810935
2017-08-30,0.4000364929238147
2017-08-31,0.3846542552178906
2017-09-01,0.419552520566488
2017-09-04,0.4069778056663669
2017-09-05,0.3927378621694695
2017-09-06,0.3789547740225334
2017-09-07,0.3597040309098851
2017-09-08,0.3641466046616033
2017-09-11,0.3748872051320555
2017-09-12,0.4178788063733289
2017-09-13,0.4481441929965841
2017-09-14,0.4557684648968889
2017-09-15,0.4768904045914413
2017-09-18,0.5028917840535696
2017-09-19,0.4861367879118941
2017-09-20,0.4753834471845044
2017-09-21,0.4930251545660153
2017-09-22,0.4921065568804073
2017-09-25,0.4643995660452082
2017-09-26,0.4601541364913757
2017-09-27,0.5179246793208439
2017-09-28,0.5299632724505816
2017-09-29,0.5162529460039549
2017-10-02,0.4932464378875298
2017-10-03,0.5154840964898098
2017-10-04,0.4887171286733158
2017-10-05,0.4962418897356588
2017-10-06,0.5503766325405017
2017-10-09,0.4955943327835541
2017-10-10,0.5015378400237305
2017-10-11,0.5083273146069933
2017-10-12,0.5000089015092399
2017-10-13,0.4611549730230067
2017-10-16,0.4362462024269007
2017-10-17,0.4201686551774921
2017-10-18,0.4411618952615743
2017-10-19,0.4433339942505307
2017-10-20,0.5053756031175949
2017-10-23,0.4822862176590803
2017-10-24,0.5245309813102876
2017-10-25,0.5425352072895739
2017-10-26,0.5023562335054805
2017-10-27,0.4740056048761696
2017-10-30,0.4378655790662984
2017-10-31,0.4385500943816023
2017-11-01,0.4365466669978302
2017-11-02,0.4454265561935528
2017-11-03,0.419417898223795
2017-11-06,0.400209106059048
2017-11-07,0.4055111495828924
2017-11-08,0.3796088481978241
2017-11-09,0.4364686739538514
2017-11-10,0.4591609816300037
2017-11-13,0.4750918959172923
2017-11-14,0.4788686393726431
2017-11-15,0.4236197474558807
2017-11-16,0.4409280135739939
2017-11-17,0.4390678339386031
2017-11-20,0.4283150461044327
2017-11-21,0.4165152219955397
2017-11-22,0.4258449718268027
2017-11-23,0.4154339345708306
2017-11-24,0.4277512214630317
2017-11-27,0.4214924113816209
2017-11-28,0.4134269161690644
2017-11-29,0.4584176540617646
2017-11-30,0.4370419396738372
2017-12-01,0.4009679834370976
2017-12-04,0.3979942253559061
2017-12-05,0.3921175808084278
2017-12-06,0.3561697148765566
2017-12-07,0.3635377658432333
2017-12-08,0.3714925752830869
2017-12-11,0.3635204851920859
2017-12-12,0.380711133158524
2017-12-13,0.3875702419840845
2017-12-14,0.4035035814246308
2017-12-15,0.373475321526147
2017-12-18,0.3745654858001419
2017-12-19,0.435076942245499
2017-12-20,0.4873232174277726
2017-12-21,0.5048039613933746
2017-12-22,0.4932084685723676
2017-12-27,0.4728448132947314
2017-12-28,0.4997503954539972
2017-12-29,0.5220430870463577
2018-01-02,0.5376153700264279
2018-01-03,0.521837483274699
2018-01-04,0.53272645182148
2018-01-05,0.523487320492193
2018-01-08,0.506895799536978
2018-01-09,0.529018524327908
2018-01-10,0.5679457567102828
2018-01-11,0.6201560239280539
2018-01-12,0.6191016412443746
2018-01-15,0.6102340613692441
2018-01-16,0.5856505955963742
2018-01-17,0.5857907046892903
2018-01-18,0.6120543716691458
2018-01-19,0.6152351671397014
2018-01-22,0.6184954432179071
2018-01-23,0.5969554149563514
2018-01-24,0.6294744230639662
2018-01-25,0.667717314362017
2018-01-26,0.6622642779018211
2018-01-29,0.7247112196938259
2018-01-30,0.7330616991547663
2018-01-31,0.7098755198716349
2018-02-01,0.7477801886323521
2018-02-02,0.7891126589698434
2018-02-05,0.7681959470221713
2018-02-06,0.7472459180661728
2018-02-07,0.7575132513873601
2018-02-08,0.8354119886109723
2018-02-09,0.7927382911463212
2018-02-12,0.797957127651717
2018-02-13,0.7903528206239026
2018-02-14,0.8110588617123087
2018-02-15,0.8177105769067792
2018-02-16,0.7679671557406644
2018-02-19,0.7983269777830815
2018-02-20,0.7824354690594673
2018-02-21,0.7716906888287554
2018-02-22,0.7643303385791009
2018-02-23,0.7153560257066074
2018-02-26,0.7020362544295686
2018-02-27,0.7208511462973162
2018-02-28,0.7091440932355493
2018-03-01,0.6859404629902288
2018-03-02,0.6748325145907481
2018-03-05,0.6811245128377212
2018-03-06,0.7266525311094636
2018-03-07,0.7126849078949178
2018-03-08,0.6999532369783106
2018-03-09,0.7018035265928031
2018-03-12,0.6809588209992876
2018-03-13,0.6847128736339547
2018-03-14,0.6642887634670229
2018-03-15,0.6267206378426291
2018-03-16,0.6350385978181645
2018-03-19,0.6346435929500549
2018-03-20,0.6391139783945441
2018-03-21,0.6483959927214107
2018-03-22,0.5760251247688819
2018-03-23,0.5874861621633078
2018-03-26,0.5836538475692823
2018-03-27,0.5621034680685053
2018-03-28,0.5507965356079536
2018-03-29,0.5484389371638745
2018-04-03,0.552060875942054
2018-04-04,0.5473333322795559
2018-04-05,0.5701744119278311
2018-04-06,0.5599236951715794
2018-04-09,0.5611718349030035
2018-04-10,0.5647372363859544
2018-04-11,0.5522598338088116
2018-04-12,0.5664182109255096
2018-04-13,0.5766410828037456
2018-04-16,0.5759365212637588
2018-04-17,0.5691320249585647
2018-04-18,0.5709947189081213
2018-04-19,0.6359708492617537
2018-04-20,0.6577628436422751
2018-04-23,0.6768867555908784
2018-04-24,0.69497810921475
2018-04-25,0.690064873134312
2018-04-26,0.6709688169090979
2018-04-27,0.6227839236592754
2018-04-30,0.6286787111497132
2018-05-02,0.6329546775031432
2018-05-03,0.606464548820953
2018-05-04,0.6021888770291239
2018-05-07,0.5859906361692122
2018-05-08,0.6113461459975564
2018-05-09,0.6288267092341933
2018-05-10,0.6022431931626198
2018-05-11,0.6223807502169709
2018-05-14,0.6705578763286848
2018-05-15,0.69966616057871
2018-05-16,0.6693831561928514
2018-05-17,0.6838346397034156
2018-05-18,0.6788122997869879
2018-05-21,0.6221187168426727
2018-05-22,0.6201334067830446
2018-05-23,0.583832775469511
2018-05-24,0.5411493512978227
2018-05-25,0.472715185701607
2018-05-28,0.4312649033601801
2018-05-29,0.4089256473547902
2018-05-30,0.4004221619574322
2018-05-31,0.4024670996911501
2018-06-01,0.4607918447182877
2018-06-04,0.4789344866100107
2018-06-05,0.457404237482697
2018-06-06,0.5309162454777212
2018-06-07,0.5704302034244186
2018-06-08,0.5272007649232737
2018-06-11,0.5783466902386314
2018-06-12,0.5795702133265888
2018-06-13,0.5451870057026023
2018-06-14,0.5234857713433296
2018-06-15,0.4762542019865323
2018-06-18,0.4739042259810091
2018-06-19,0.4374811163045962
2018-06-20,0.454339291168357
2018-06-21,0.4212495643489404
2018-06-22,0.418218271506479
2018-06-25,0.4103555044716973
2018-06-26,0.4196190403617255
2018-06-27,0.4036427093218515
2018-06-28,0.3841357410145143
2018-06-29,0.379055687017642
2018-07-02,0.3728063270000952
2018-07-03,0.3677798910480128
2018-07-04,0.366453670895301
2018-07-05,0.3729254086959184
2018-07-06,0.3621418680086892
2018-07-09,0.3893735675691969
2018-07-10,0.3907256218726358
2018-07-11,0.3821032402865141
2018-07-12,0.3685001184230732
2018-07-13,0.3512959458484106
2018-07-16,0.38031931625191
2018-07-17,0.3643481577244678
2018-07-18,0.3530315235105368
2018-07-19,0.3499036163855953
2018-07-20,0.3737684191760797
2018-07-23,0.4129764417334369
2018-07-24,0.4229360143133478
2018-07-25,0.410132615854482
2018-07-26,0.4086933885276291
2018-07-27,0.4185302578518808
2018-07-30,0.4668007200546569
2018-07-31,0.4553404508943632
2018-08-01,0.4996144956381938
2018-08-02,0.4868874088388022
2018-08-03,0.4326907669020974
2018-08-06,0.411767823091699
2018-08-07,0.4323275662454326
2018-08-08,0.4273381973296839
2018-08-09,0.4002558931398079
2018-08-10,0.3508818642948084
2018-08-13,0.3521400443293281
2018-08-14,0.348191192611905
2018-08-15,0.3347280467226277
2018-08-16,0.3345410062906992
2018-08-17,0.3243727005001755
2018-08-20,0.324350992713132
2018-08-21,0.3551289077874324
2018-08-22,0.3580340831019288
2018-08-23,0.3701555629541211
2018-08-24,0.3867362419407847
2018-08-27,0.4059009965204065
2018-08-28,0.4167668232606534
2018-08-29,0.4426493237026117
2018-08-30,0.3922730791896782
2018-08-31,0.3719089874180712
2018-09-03,0.3663075367888631
2018-09-04,0.3787360305388993
2018-09-05,0.4279527866299499
2018-09-06,0.4044883280503164
2018-09-07,0.4199569560726717
2018-09-10,0.4365483688531739
2018-09-11,0.4651661343838089
2018-09-12,0.4321997252642982
2018-09-13,0.4615931049323531
2018-09-14,0.4829293916222026
2018-09-17,0.4908558764767408
2018-09-18,0.5039115210894627
2018-09-19,0.5193924698010948
2018-09-20,0.5202739194381003
2018-09-21,0.4932284811939693
2018-09-24,0.5403904599427358
2018-09-25,0.5654457043184609
2018-09-26,0.5632325213891374
2018-09-27,0.5486298236272802
2018-09-28,0.5091276886227742
2018-10-01,0.5392670129467678
2018-10-02,0.4780783783462414
2018-10-03,0.4985365492214848
2018-10-04,0.5631430593745899
2018-10-05,0.5958080383648499
2018-10-08,0.5847991114677269
2018-10-09,0.5906548148762889
2018-10-10,0.6022768422888536
2018-10-11,0.5794345500196885
2018-10-12,0.5568402979234861
2018-10-15,0.5490314019036742
2018-10-16,0.5353802677139354
2018-10-17,0.5153312073608829
2018-10-18,0.5107796150769692
2018-10-19,0.4847774281485675
2018-10-22,0.4912815034356841
2018-10-23,0.4647534737858443
2018-10-24,0.452821898076885
2018-10-25,0.4502251778292292
2018-10-26,0.4113428724235
2018-10-29,0.4478275856529263
2018-10-30,0.4253270251341323
2018-10-31,0.4342568662405739
2018-11-01,0.4574657033260267
2018-11-02,0.4846928419993377
2018-11-05,0.4813594336349949
2018-11-06,0.482266242857273
2018-11-07,0.4981553552187927
2018-11-08,0.5076617794284326
2018-11-09,0.4734748849108072
2018-11-12,0.4467730747074183
2018-11-13,0.4561970313666945
2018-11-14,0.4724019179667422
2018-11-15,0.4235837438898491
2018-11-16,0.4312189812186098
2018-11-19,0.4466936319196462
2018-11-20,0.4140571396637176
2018-11-21,0.430074541812167
2018-11-22,0.4384668702204148
2018-11-23,0.4034291790481692
2018-11-26,0.4284067433904814
2018-11-27,0.409578546126994
2018-11-28,0.4177935829959152
2018-11-29,0.3882940591625896
2018-11-30,0.369032434490065
2018-12-03,0.3725785040800451
2018-12-04,0.3447882312672101
2018-12-05,0.3311463013539377
2018-12-06,0.2946934069181042
2018-12-07,0.3292498064648841
2018-12-10,0.3091154534229838
2018-12-11,0.3010056630263618
2018-12-12,0.3194028123157473
2018-12-13,0.3150103139884415
2018-12-14,0.319577885843703
2018-12-17,0.3215132279566024
2018-12-18,0.3100501754381239
2018-12-19,0.3048671622252366
2018-12-20,0.2850425185010232
2018-12-21,0.301981472376025
2018-12-27,0.3039678511314347
2018-12-28,0.316223018423702
2019-01-02,0.2277731720193814
2019-01-03,0.2462275849487483
2019-01-04,0.2746611771045129
2019-01-07,0.2888748335790811
2019-01-08,0.3105817908749722
2019-01-09,0.3011134769877213
2019-01-10,0.2674735772420931
2019-01-11,0.2487008781019892
2019-01-14,0.2426070715739641
2019-01-15,0.2388592302140466
2019-01-16,0.2580422898655383
2019-01-17,0.2672090339938258
2019-01-18,0.2811071406436354
2019-01-21,0.2881681561761904
2019-01-22,0.2680802570460607
2019-01-23,0.2652459915527392
2019-01-24,0.2159525970341627
2019-01-25,0.2245224257989444
2019-01-28,0.2289868402934871
2019-01-29,0.2268015997158632
2019-01-30,0.2152586627451107
2019-01-31,0.1876074798881903
2019-02-01,0.1876056777856991
2019-02-04,0.2057848207517945
2019-02-05,0.2156275055677969
2019-02-06,0.1950841126159166
2019-02-07,0.1473309502632198
2019-02-08,0.1209066788765658
2019-02-11,0.1494672097430349
2019-02-12,0.1776718162281163
2019-02-13,0.1779687473438458
2019-02-14,0.1346361223007073
2019-02-15,0.1493039042508019
2019-02-18,0.156501247709333
2019-02-19,0.1541121528490903
2019-02-20,0.1454993038550047
2019-02-21,0.1839394969591405
2019-02-22,0.1479103895348381
2019-02-25,0.1583176480177206
2019-02-26,0.1601038119487405
2019-02-27,0.1967485204224011
2019-02-28,0.2281325209626938
2019-03-01,0.2549494461534891
2019-03-04,0.2247227033646335
2019-03-05,0.216517984050184
2019-03-06,0.1811138541074211
2019-03-07,0.1309803509597036
2019-03-08,0.1219710544043821
2019-03-11,0.1090820490458961
2019-03-12,0.1147251635682842
2019-03-13,0.1147251635682797
2019-03-14,0.1300044644419218
2019-03-15,0.1310416737271214
2019-03-18,0.1340795395141767
2019-03-19,0.1571049543599576
2019-03-20,0.1368180909245189
2019-03-21,0.0926855715652252
2019-03-22,0.0155754714761329
2019-03-25,0.032600052838323
2019-03-26,0.0280913337258392
2019-03-27,-0.0336564559057279
2019-03-28,-0.0232666246051294
2019-03-29,-0.0134294349958481
2019-04-01,0.0081585304100282
2019-04-02,0.0113446890750634
2019-04-03,0.055835304364467
2019-04-04,0.0442018633669638
2019-04-05,0.0499743692716569
2019-04-08,0.051849131345627
2019-04-09,0.0394865855229134
2019-04-10,0.0127112752718345
2019-04-11,0.0308424818041777
2019-04-12,0.090170766985913
2019-04-15,0.1150477302503643
2019-04-16,0.1072378389019834
2019-04-17,0.1274962291361352
2019-04-18,0.0725736382141772
2019-04-23,0.0845989246841316
2019-04-24,0.0390836468344439
2019-04-25,0.0391228593352925
2019-04-26,0.0304865472921314
2019-04-29,0.0561914214297303
2019-04-30,0.0761878544554783
2019-05-02,0.0593398053985803
2019-05-03,0.0651605071425143
2019-05-06,0.0617863578319615
2019-05-07,0.0193468238560781
2019-05-08,0.0019885055598809
2019-05-09,-0.0053698785817859
2019-05-10,0.0210306412591094
2019-05-13,-0.0012420114929847
2019-05-14,-0.0172238039155092
2019-05-15,-0.053947157757741
2019-05-16,-0.0280312101331166
2019-05-17,-0.0446204000615271
2019-05-20,-0.0279463745283292
2019-05-21,-0.0110129223581578
2019-05-22,-0.0156953901877687
2019-05-23,-0.050595377300898
2019-05-24,-0.0461320958908424
2019-05-27,-0.0727535517885158
2019-05-28,-0.0850865484653629
2019-05-29,-0.1100936805507961
2019-05-30,-0.0986345652019768
2019-05-31,-0.1317339566911721
2019-06-03,-0.1439480990346955
2019-06-04,-0.1462880655729286
2019-06-05,-0.1671417480833614
2019-06-06,-0.1668102519763499
2019-06-07,-0.2058512388002991
2019-06-10,-0.1615216772769203
2019-06-11,-0.1732442800768798
2019-06-12,-0.1754792559113274
2019-06-13,-0.184136216280125
2019-06-14,-0.192624006520115
2019-06-17,-0.1801843625105217
2019-06-18,-0.2541286667618458
2019-06-19,-0.2283185907642408
2019-06-20,-0.2589806351735197
2019-06-21,-0.220985780612763
2019-06-24,-0.236256178446395
2019-06-25,-0.2668973850955889
2019-06-26,-0.2551530776744495
2019-06-27,-0.2476540647390281
2019-06-28,-0.2588942841047439
2019-07-01,-0.2822507044178106
2019-07-02,-0.295684715854378
2019-07-03,-0.3233026522007147
2019-07-04,-0.3386541676528445
2019-07-05,-0.2811771411426611
2019-07-08,-0.3185665538172992
2019-07-09,-0.2828982478013682
2019-07-10,-0.2322518805097879
2019-07-11,-0.2050963058150006
2019-07-12,-0.1802300406916455
2019-07-15,-0.2239930439373068
2019-07-16,-0.2301979167969126
2019-07-17,-0.2663176698717433
2019-07-18,-0.2732295241437557
2019-07-19,-0.2942121540578526
2019-07-22,-0.308391021670733
2019-07-23,-0.3188229363477268
2019-07-24,-0.3556120516892473
2019-07-25,-0.3128483573934599
2019-07-26,-0.3435090809685244
2019-07-29,-0.3699780393391343
2019-07-30,-0.3727334858910356
2019-07-31,-0.3904594031654613
2019-08-01,-0.418788529351183
2019-08-02,-0.4522644373659639
2019-08-05,-0.4904111160493314
2019-08-06,-0.5044519797708062
2019-08-07,-0.5782931035842056
2019-08-08,-0.5273443492965746
2019-08-09,-0.5389426225725074
2019-08-12,-0.55705653084746
2019-08-13,-0.566503042976227
2019-08-14,-0.6154969419987606
2019-08-15,-0.6560361272580888
2019-08-16,-0.6694386680997124
2019-08-19,-0.6035549201196875
2019-08-20,-0.6591605838044821
2019-08-21,-0.6324653342967186
2019-08-22,-0.6009931155429968
2019-08-23,-0.6068446041662208
2019-08-26,-0.6197477039190202
2019-08-27,-0.6423986973704445
2019-08-28,-0.6803128383431969
2019-08-29,-0.6567194182117428
2019-08-30,-0.6526805405710738
2019-09-02,-0.6459338318807459
2019-09-03,-0.6558821046502317
2019-09-04,-0.6093422921739715
2019-09-05,-0.5401369927529736
2019-09-06,-0.587504400343394
2019-09-09,-0.5297917094533093
2019-09-10,-0.5259884867446023
2019-09-11,-0.5217154825725316
2019-09-12,-0.5264382987596723
2019-09-13,-0.4428530465877127
2019-09-16,-0.4300552577409258
2019-09-17,-0.4355409695901002
2019-09-18,-0.4555477016382112
2019-09-19,-0.4564759425948046
2019-09-20,-0.4734546186223682
2019-09-23,-0.539055426277939
2019-09-24,-0.5412999510699241
2019-09-25,-0.5625564984968463
2019-09-26,-0.5330093327805128
2019-09-27,-0.540628427520967
2019-09-30,-0.5210200593301089
2019-10-01,-0.4911456205732021
2019-10-02,-0.4890583508045334
2019-10-03,-0.545025068308433
2019-10-04,-0.5395014143504913
2019-10-07,-0.5358568620820776
2019-10-08,-0.5463180468511566
2019-10-09,-0.5196653222910337
2019-10-10,-0.4355530911837086
2019-10-11,-0.404815146088354
2019-10-14,-0.4109760015739629
2019-10-15,-0.4199959140833309
2019-10-16,-0.3406904201441074
2019-10-17,-0.3533183535963942
2019-10-18,-0.3320884254293594
2019-10-21,-0.2977929654352937
2019-10-22,-0.3260065424401097
2019-10-23,-0.3528551036786362
2019-10-24,-0.354018210845731
2019-10-25,-0.3282783360588817
2019-10-28,-0.2807901987884289
2019-10-29,-0.3011600967122811
2019-10-30,-0.3108008455914759
2019-10-31,-0.3645588719895603
2019-11-01,-0.3441161750711101
2019-11-04,-0.3021454461068025
2019-11-05,-0.2710676566086931
2019-11-06,-0.2787346063823466
2019-11-07,-0.2201532546105151
2019-11-08,-0.2103714368814579
2019-11-11,-0.2123400482789588
2019-11-12,-0.1979308834242665
2019-11-13,-0.2515448649363168
2019-11-14,-0.2868179394782228
2019-11-15,-0.2871831969159881
2019-11-18,-0.2900271193479522
2019-11-19,-0.2841604354693521
2019-11-20,-0.3109123343617468
2019-11-21,-0.272655670494704
2019-11-22,-0.2973916357957993
2019-11-25,-0.3061156040067034
2019-11-26,-0.3272787648525148
2019-11-27,-0.3124069590627201
2019-11-28,-0.3103829971593468
2019-11-29,-0.2973038143639779
2019-12-02,-0.2256774051360315
2019-12-03,-0.2736879642698002
2019-12-04,-0.2799956118351088
2019-12-05,-0.22895993687438
2019-12-06,-0.2352510049178291
2019-12-09,-0.2490349363125705
2019-12-10,-0.2320126396514843
2019-12-11,-0.250099353815663
2019-12-12,-0.23276364955082
2019-12-13,-0.209293288334734
2019-12-16,-0.2336635567080494
2019-12-17,-0.2264504818646728
2019-12-18,-0.1954644282915549
2019-12-19,-0.1588309274253023
2019-12-20,-0.1754136474164531
2019-12-23,-0.1836878146458915
2019-12-27,-0.1911062849224456
2019-12-30,-0.1416139923580766
2020-01-02,-0.1739952290506492
2020-01-03,-0.2229262874035447
2020-01-06,-0.2474256713180889
2020-01-07,-0.2321297946632867
2020-01-08,-0.2045804381697511
2020-01-09,-0.1704795188835031
2020-01-10,-0.1716351285092181
2020-01-13,-0.1406716470596256
2020-01-14,-0.1581516795862603
2020-01-15,-0.1844169430166284
2020-01-16,-0.1952813726951796
2020-01-17,-0.1876597776975583
2020-01-20,-0.1961084729175675
2020-01-21,-0.2024295210555888
2020-01-22,-0.2413260651055151
2020-01-23,-0.274775830234081
2020-01-24,-0.2890709559875732
2020-01-27,-0.3474035493063248
2020-01-28,-0.3346603235730501
2020-01-29,-0.3448154271763561
2020-01-30,-0.3635179596217428
2020-01-31,-0.3982077398358039
2020-02-03,-0.402813896006994
2020-02-04,-0.355814043587328
2020-02-05,-0.3251897667994936
2020-02-06,-0.3121010087922475
2020-02-07,-0.3566917083887873
2020-02-10,-0.3609515216190782
2020-02-11,-0.3585664011272444
2020-02-12,-0.3428180050697578
2020-02-13,-0.348096359725043
2020-02-14,-0.3705077224328503
2020-02-17,-0.3642674431213324
2020-02-18,-0.3628297946670535
2020-02-19,-0.3712332951487851
2020-02-20,-0.3924990118510174
2020-02-21,-0.4108924274161136
2020-02-24,-0.4397553021274061
2020-02-25,-0.4545266652956194
2020-02-26,-0.4496438968959015
2020-02-27,-0.5029516978646975
2020-02-28,-0.5719619376432523
2020-03-02,-0.5880763725897622
2020-03-03,-0.5560707424315745
2020-03-04,-0.5861897239546017
2020-03-05,-0.6207002835710718
2020-03-06,-0.6907591114368969
2020-03-09,-0.8152153483803315
2020-03-10,-0.739890248508448
2020-03-11,-0.7025231014419004
2020-03-12,-0.6823884534583988
2020-03-13,-0.4964854710742976
2020-03-16,-0.3928589740459123
2020-03-17,-0.3574957916003418
2020-03-18,-0.1780639156936012
2020-03-19,-0.1069264996597154
2020-03-20,-0.2482208155816199
2020-03-23,-0.291235780141823
2020-03-24,-0.2663578457315503
2020-03-25,-0.2383652373274745
2020-03-26,-0.2686452399296861
2020-03-27,-0.3952602898250528
2020-03-30,-0.4505475844329756
2020-03-31,-0.4142217275658404
2020-04-01,-0.3792923258915759
2020-04-02,-0.3618051034749845
2020-04-03,-0.3678165416972803
2020-04-06,-0.3326687054384121
2020-04-07,-0.2487718486590724
2020-04-08,-0.2190768577083477
2020-04-09,-0.2522837548004877
2020-04-14,-0.2988593947948299
2020-04-15,-0.3758689460178548
2020-04-16,-0.3737586621562259
2020-04-17,-0.3707949403650108
2020-04-20,-0.3468469364480637
2020-04-21,-0.3702438109681485
2020-04-22,-0.3333140192188724
2020-04-23,-0.3358285909046601
2020-04-24,-0.3625937456042409
2020-04-27,-0.3555674087408658
2020-04-28,-0.3724736202926442
2020-04-29,-0.4120554793862694
2020-04-30,-0.4577088658789732
2020-05-04,-0.4445438869151521
2020-05-05,-0.4497137463667042
2020-05-06,-0.4175174965383055
2020-05-07,-0.4149614266412413
2020-05-08,-0.4204737893138675
2020-05-11,-0.4075834627421506
2020-05-12,-0.3875111130354143
2020-05-13,-0.4225872451115355
2020-05-14,-0.4477477072921043
2020-05-15,-0.458467797394662
2020-05-18,-0.4167596324400104
2020-05-19,-0.3754843147794826
2020-05-20,-0.4019455041177679
2020-05-21,-0.4103757780394184
2020-05-22,-0.3991108371600362
2020-05-25,-0.4033485531642906
2020-05-26,-0.3475946422598603
2020-05-27,-0.330152516124806
2020-05-28,-0.3403945214275654
2020-05-29,-0.3592212288998233
2020-06-01,-0.3183326909071988
2020-06-02,-0.3308349151691883
2020-06-03,-0.2873537356547566
2020-06-04,-0.2466432367094002
2020-06-05,-0.2011248622454076
2020-06-08,-0.2399232584266961
2020-06-09,-0.2569465607478602
2020-06-10,-0.2582867477598141
2020-06-11,-0.3402277341546318
2020-06-12,-0.3550624816158323
2020-06-15,-0.3745102924390311
2020-06-16,-0.3498574643246215
2020-06-17,-0.3633493844474578
2020-06-18,-0.3801660799551247
2020-06-19,-0.3873921899015462
2020-06-22,-0.423582335223907
2020-06-23,-0.3854677716831549
2020-06-24,-0.3785676032424985
2020-06-25,-0.4317089595925036
2020-06-26,-0.4303633793999046
2020-06-29,-0.4206285712497437
2020-06-30,-0.4511601140782186
2020-07-01,-0.3646722682488486
2020-07-02,-0.3868078043952838
2020-07-03,-0.4010754066396234
2020-07-06,-0.3927475129734308
2020-07-07,-0.3961275728936626
2020-07-08,-0.4046544079135743
2020-07-09,-0.4229079331193075
2020-07-10,-0.4523359643399973
2020-07-13,-0.3887019794626258
2020-07-14,-0.4133933435176868
2020-07-15,-0.3935838896794204
2020-07-16,-0.4334242541405415
2020-07-17,-0.4280650570372879
2020-07-20,-0.4451441100187625
2020-07-21,-0.4292295495792557
2020-07-22,-0.4651311290657629
2020-07-23,-0.4566251008242981
2020-07-24,-0.4252819763955449
2020-07-27,-0.4598172096411765
2020-07-28,-0.4746202109197215
2020-07-29,-0.47856820944452
2020-07-30,-0.5257299860719304
2020-07-31,-0.4934549928365368
2020-08-03,-0.4791267995860484
2020-08-04,-0.5326657581051517
2020-08-05,-0.4832810799663196
2020-08-06,-0.5196281607510835
2020-08-07,-0.5072362463236098
2020-08-10,-0.506526845811818
2020-08-11,-0.4526879580656406
2020-08-12,-0.4356647015693595
2020-08-13,-0.3905306668893553
2020-08-14,-0.3951394980824689
2020-08-17,-0.4020355617151439
2020-08-18,-0.4228381425945806
2020-08-19,-0.446293914661847
2020-08-20,-0.4859040806562595
2020-08-21,-0.4764155970889594
2020-08-24,-0.4782246599806603
2020-08-25,-0.4121498534423615
2020-08-26,-0.3908726618361373
2020-08-27,-0.3701596542759735
2020-08-28,-0.3902054514547712
2020-08-31,-0.370767370836389
2020-09-01,-0.3739073245545876
2020-09-02,-0.4270503651526427
2020-09-03,-0.4603707417079281
2020-09-04,-0.4426237235498256
2020-09-07,-0.434112557509938
2020-09-08,-0.465297322710458
2020-09-09,-0.435738335770917
2020-09-10,-0.4085939394935156
2020-09-11,-0.4355379983121357
2020-09-14,-0.4638550524276317
2020-09-15,-0.4530035279044373
2020-09-16,-0.4628874293599914
2020-09-17,-0.4735761258310185
2020-09-18,-0.4729647916791992
2020-09-21,-0.5014623559690459
2020-09-22,-0.4839613130422657
2020-09-23,-0.4806940500421865
2020-09-24,-0.4881484814058701
2020-09-25,-0.4963290679447016
2020-09-28,-0.5001584492716393
2020-09-29,-0.5014359738487459
2020-09-30,-0.4953658691276756
2020-10-01,-0.4853429582467181
2020-10-02,-0.5066794592273816
2020-10-05,-0.4874808719694501
2020-10-06,-0.4921696647913767
2020-10-07,-0.4664222176752703
2020-10-08,-0.4911001528521677
2020-10-09,-0.5156040123577754
2020-10-12,-0.5197315661591118
2020-10-13,-0.5301042033197376
2020-10-14,-0.5539630430253792
2020-10-15,-0.5935013527583859
2020-10-16,-0.5929924224393228
2020-10-19,-0.5837748201340967
2020-10-20,-0.5828554477846564
2020-10-21,-0.5619477989644484
2020-10-22,-0.5493628922720837
2020-10-23,-0.5347056709079472
2020-10-26,-0.5440869293022681
2020-10-27,-0.5840760697426433
2020-10-28,-0.602136529408114
2020-10-29,-0.6030597807678006
2020-10-30,-0.6034864733654897
2020-11-02,-0.6056602920696017
2020-11-03,-0.5981530487713091
2020-11-04,-0.61858764979943
2020-11-05,-0.5994041413612963
2020-11-06,-0.5879951845192029
2020-11-09,-0.505353235919721
2020-11-10,-0.4562919175746351
2020-11-11,-0.4876685275821124
2020-11-12,-0.5074823235409291
2020-11-13,-0.5289951490019491
2020-11-16,-0.5307732834270471
2020-11-17,-0.54408000060462
2020-11-18,-0.5391208655469248
2020-11-19,-0.5533823081298608
2020-11-20,-0.5649592981213831
2020-11-23,-0.555630375166674
2020-11-24,-0.5564149473553304
2020-11-25,-0.5487161480566476
2020-11-26,-0.5578160547899262
2020-11-27,-0.5575061289094765
2020-11-30,-0.5496842544259004
2020-12-01,-0.5156576019209256
2020-12-02,-0.489175404356875
2020-12-03,-0.5285281364203134
2020-12-04,-0.5296154079176629
2020-12-07,-0.5613015189065695
2020-12-08,-0.5884381042211411
2020-12-09,-0.580264468743704
2020-12-10,-0.5835258649396518
2020-12-11,-0.6148095761806123
2020-12-14,-0.5929995565695565
2020-12-15,-0.599475694303583
2020-12-16,-0.5456016619925665
2020-12-17,-0.5701908146163914
2020-12-18,-0.5621708132151224
2020-12-21,-0.5758626630457333
2020-12-22,-0.5736288136004735
2020-12-23,-0.5324507486301204
2020-12-28,-0.5391871813213847
2020-12-29,-0.5599709461497477
2020-12-30,-0.5700079921508663
2021-01-04,-0.5720845536627377
2021-01-05,-0.5750587859195333
2021-01-06,-0.5401835256757694
2021-01-07,-0.5427611275747775
2021-01-08,-0.5446041356699363
2021-01-11,-0.5154055823530368
2021-01-12,-0.4912255062157467
2021-01-13,-0.5260978206321765
2021-01-14,-0.5633570715649387
2021-01-15,-0.5439206382358588
2021-01-18,-0.5311800653228023
2021-01-19,-0.5188665579280682
2021-01-20,-0.5357603655685685
2021-01-21,-0.5006893786269213
2021-01-22,-0.5150580152261877
2021-01-25,-0.5515737942774792
2021-01-26,-0.5405202820206063
2021-01-27,-0.5571614336958302
2021-01-28,-0.5417382582390453
2021-01-29,-0.5122549639975529
2021-02-01,-0.5112039222516493
2021-02-02,-0.4850892939455988
2021-02-03,-0.4657032906223932
2021-02-04,-0.4489231951343231
2021-02-05,-0.4547085137008468
2021-02-08,-0.4200757725602799
2021-02-09,-0.4418373891854568
2021-02-10,-0.4487913236034777
2021-02-11,-0.4552401585888952
2021-02-12,-0.4164291824373607
2021-02-15,-0.3746499994025516
2021-02-16,-0.347939084671101
2021-02-17,-0.3500528991027543
2021-02-18,-0.3157659870889575
2021-02-19,-0.30145744243389
2021-02-22,-0.3286702407023867
2021-02-23,-0.2818750701774855
2021-02-24,-0.259786731388874
2021-02-25,-0.2274242966420905
2021-02-26,-0.245739451145833
2021-03-01,-0.3240427681702531
2021-03-02,-0.3096255270250405
2021-03-03,-0.2935971617921047
2021-03-04,-0.3075997400211574
2021-03-05,-0.2837801146948027
2021-03-08,-0.2756398836959168
2021-03-09,-0.3041652415924818
2021-03-10,-0.2999154739166711
2021-03-11,-0.3243995080552486
2021-03-12,-0.2821945038687952
2021-03-15,-0.2952824407731191
2021-03-16,-0.3259504672604203
2021-03-17,-0.2813992086110062
2021-03-18,-0.2464714097826905
2021-03-19,-0.274255956373123
2021-03-22,-0.2889048975093273
2021-03-23,-0.3228741001659418
2021-03-24,-0.327322229208165
2021-03-25,-0.3596305455753072
2021-03-26,-0.3309516068470874
2021-03-29,-0.3090660643083174
2021-03-30,-0.2595793377934994
2021-03-31,-0.2786500209590494
2021-04-01,-0.304830860730731
2021-04-06,-0.2905626908834082
2021-04-07,-0.3004071885265231
2021-04-08,-0.3278594890271371
2021-04-09,-0.2692333662677901
2021-04-12,-0.2715624054609455
2021-04-13,-0.2734792585214007
2021-04-14,-0.2594569265150683
2021-04-15,-0.2516666822214679
2021-04-16,-0.2312715827945521
2021-04-19,-0.1973086178001786
2021-04-20,-0.2166951278725046
2021-04-21,-0.2530260730267422
2021-04-22,-0.2507764738122979
2021-04-23,-0.2350543082878093
2021-04-26,-0.2399162680823052
2021-04-27,-0.2251622682537033
2021-04-28,-0.2086183250727122
2021-04-29,-0.1578056425094582
2021-04-30,-0.1799941287779782
2021-05-03,-0.1766098041635775
2021-05-04,-0.218911790366802
2021-05-05,-0.2020700265078523
2021-05-06,-0.1967065488030948
2021-05-07,-0.1947493049831803
2021-05-10,-0.1796768068229419
2021-05-11,-0.1317421106752503
2021-05-12,-0.0921718773059616
2021-05-13,-0.0801736211905304
2021-05-14,-0.0956475161210042
2021-05-17,-0.0735833492945357
2021-05-18,-0.0768701104046609
2021-05-19,-0.0682340993103469
2021-05-20,-0.0713681820800298
2021-05-21,-0.1018040069948389
2021-05-24,-0.095090965764903
2021-05-25,-0.1366544228501514
2021-05-26,-0.1784022275369441
2021-05-27,-0.1471088765113632
2021-05-28,-0.1542104755539854
2021-05-31,-0.1464150531334933
2021-06-01,-0.152207882527537
2021-06-02,-0.1685155882174269
2021-06-03,-0.1605521309399908
2021-06-04,-0.186038947336363
2021-06-07,-0.1587290153378706
2021-06-08,-0.1936152276268932
2021-06-09,-0.2328220282494673
2021-06-10,-0.2120931083225241
2021-06-11,-0.254478702000358
2021-06-14,-0.2240491308840866
2021-06-15,-0.2113851744595818
2021-06-16,-0.2123028398520432
2021-06-17,-0.1895070468576549
2021-06-18,-0.2030317764716125
2021-06-21,-0.1752134200073456
2021-06-22,-0.164893215641801
2021-06-23,-0.1876441178191243
2021-06-24,-0.188387495310021
2021-06-25,-0.1714548014961381
2021-06-28,-0.1774516831439974
2021-06-29,-0.1690695598072036
2021-06-30,-0.2031675387389504
2021-07-01,-0.2121342986198175
2021-07-02,-0.2372602808236559
2021-07-05,-0.2189623650178798
2021-07-06,-0.2609668739699926
2021-07-07,-0.3094893728906402
2021-07-08,-0.326775213229264
2021-07-09,-0.2979332082395802
2021-07-12,-0.3045506305888543
2021-07-13,-0.3192123160544624
2021-07-14,-0.3173952816023466
2021-07-15,-0.3408957325298134
2021-07-16,-0.3514391981666995
2021-07-19,-0.3902397494860259
2021-07-20,-0.4276975557635456
2021-07-21,-0.3994580561662491
2021-07-22,-0.4057264040294415
2021-07-23,-0.4160615667264871
2021-07-26,-0.4045311768509201
2021-07-27,-0.4374197824317836
2021-07-28,-0.4315674030822589
2021-07-29,-0.4321667808819338
2021-07-30,-0.4398795835232656
2021-08-02,-0.4598083151093917
2021-08-03,-0.4872730617940939
2021-08-04,-0.5053644737109648
2021-08-05,-0.4993421945540826
2021-08-06,-0.4550069157791023
2021-08-09,-0.4664286456556445
2021-08-10,-0.4707311852289608
2021-08-11,-0.4503548848146632
2021-08-12,-0.4468566124150461
2021-08-13,-0.4561557952919934
2021-08-16,-0.4836275825293423
2021-08-17,-0.4663881331639778
2021-08-18,-0.4751373568367092
2021-08-19,-0.4794708850047562
2021-08-20,-0.487141957176322
2021-08-23,-0.4728179927363807
2021-08-24,-0.4696654969399518
2021-08-25,-0.4261519499252508
2021-08-26,-0.3975559177676162
2021-08-27,-0.3958660488537631
2021-08-30,-0.4159234983665945
2021-08-31,-0.3929337298819684
2021-09-01,-0.3743433299795975
2021-09-02,-0.3830230506841166
2021-09-03,-0.3497512367705693
2021-09-06,-0.3569961266879029
2021-09-07,-0.3098359261518757
2021-09-08,-0.3115153222495874
2021-09-09,-0.3352154340992079
2021-09-10,-0.3304344329611939
2021-09-13,-0.3252545485232527
2021-09-14,-0.3227407955621366
2021-09-15,-0.3073480233518073
2021-09-16,-0.2823180020789371
2021-09-17,-0.265366005242782
2021-09-20,-0.2994678228107301
2021-09-21,-0.3206146192201182
2021-09-22,-0.3066539306160498
2021-09-23,-0.2565487685477845
2021-09-24,-0.2036116638111065
2021-09-27,-0.2045029008023746
2021-09-28,-0.1637617087059744
2021-09-29,-0.2087689159894039
2021-09-30,-0.1701871538638641
2021-10-01,-0.2142392632805152
2021-10-04,-0.1845575526107032
2021-10-05,-0.1792621748698217
2021-10-06,-0.1688008601346844
2021-10-07,-0.1650540570657654
2021-10-08,-0.1356327653192748
2021-10-11,-0.1006233342770381
2021-10-12,-0.0842510424671507
2021-10-13,-0.1149529435862857
2021-10-14,-0.1609909942182619
2021-10-15,-0.1423224307317738
2021-10-18,-0.1270090897455178
2021-10-19,-0.0828883924539019
2021-10-20,-0.102191483664467
2021-10-21,-0.0706682558355535
2021-10-22,-0.076116591538621
2021-10-25,-0.0957020196619637
2021-10-26,-0.1095923418790429
2021-10-27,-0.1625704790323481
2021-10-28,-0.1406448758344813
2021-10-29,-0.0692417043067128
2021-11-01,-0.0856525564091286
2021-11-02,-0.1477414929441622
2021-11-03,-0.1497630475247087
2021-11-04,-0.2147132439814543
2021-11-05,-0.2654504996601829
2021-11-08,-0.2509429367430997
2021-11-09,-0.282661940461554
2021-11-10,-0.2576195497328619
2021-11-11,-0.216510950234285
2021-11-12,-0.243283375531583
2021-11-15,-0.2354397832576529
2021-11-16,-0.2285029979055295
2021-11-17,-0.2314999498417496
2021-11-18,-0.2502216224050904
2021-11-19,-0.3206252528302253
2021-11-22,-0.3126982678988783
2021-11-23,-0.2301393206691808
2021-11-24,-0.2025087038772262
2021-11-25,-0.2403029117318045
2021-11-26,-0.3200984642959916
2021-11-29,-0.2892161953499834
2021-11-30,-0.3500497959956763
2021-12-01,-0.3218840306119443
2021-12-02,-0.3671109809449886
2021-12-03,-0.3534597488388948
2021-12-06,-0.3764084905704945
2021-12-07,-0.3625682418994769
2021-12-08,-0.3194987668384299
2021-12-09,-0.3479578625429007
2021-12-10,-0.3402177053393087
2021-12-13,-0.3587044431052315
2021-12-15,-0.343777875759176
2021-12-16,-0.3319499373767507
2021-12-17,-0.3604547244277594
2021-12-20,-0.3516192954274015
2021-12-21,-0.2984542757639228
2021-12-22,-0.2737624510298655
2021-12-23,-0.2402406394770486
2021-12-24,-0.2401620199852878
2021-12-27,-0.2335021606368932
2021-12-28,-0.2313995748412405
2021-12-29,-0.2001411477556085
2021-12-30,-0.1881837312776673
2021-12-31,-0.1884997053069739
2022-01-03,-0.123137169399619
2022-01-04,-0.1158978985177299
2022-01-05,-0.1072667978168788
2022-01-06,-0.0862795477340641
2022-01-07,-0.0715950553254001
2022-01-10,-0.0458051227585767
2022-01-11,-0.0418130923476076
2022-01-12,-0.0705607664618201
2022-01-13,-0.0936670673989521
2022-01-14,-0.0748330252616291
2022-01-17,-0.0402910242629941
2022-01-18,-0.0385408708116661
2022-01-19,-0.0122407711805405
2022-01-20,-0.0415055667788291
2022-01-21,-0.0795248189290624
2022-01-24,-0.1020203270679886
2022-01-25,-0.0931339547092817
2022-01-26,-0.066074806943118
2022-01-27,-0.0527107771150991
2022-01-28,-0.0329721800991174
2022-01-31,0.027558640324989
2022-02-01,0.0425028285091722
2022-02-02,0.0542394865291484
2022-02-03,0.1346257748132939
2022-02-04,0.1954798665811996
2022-02-07,0.2450817197152626
2022-02-08,0.2885859698683437
2022-02-09,0.2503207994595224
2022-02-10,0.2816895160224535
2022-02-11,0.2856751283727308
2022-02-14,0.2770706769054443
2022-02-15,0.3478562426446649
2022-02-16,0.308208290399772
2022-02-17,0.279857742718842
2022-02-18,0.2494797631292551
2022-02-21,0.2382614998782164
2022-02-22,0.3135429182653817
2022-02-23,0.2986959648035088
2022-02-24,0.2108888911402096
2022-02-25,0.264368946096611
2022-02-28,0.2151889622433027
2022-03-01,0.0326728767741553
2022-03-02,0.0313788001919355
2022-03-03,0.0986786501245822
2022-03-04,-0.0279538172095263
2022-03-07,0.0257350005660987
2022-03-08,0.1554406073608363
2022-03-09,0.2448119681135079
2022-03-10,0.2864708298911778
2022-03-11,0.3092364878513935
2022-03-14,0.3766467897877497
2022-03-15,0.3734059982155764
2022-03-16,0.414851277457978
2022-03-17,0.4171477004904327
2022-03-18,0.3987490696338296
2022-03-21,0.4700392128342219
2022-03-22,0.5377128375407272
2022-03-23,0.5160196143824851
2022-03-24,0.5412645673782679
2022-03-25,0.5955267941147533
2022-03-28,0.5971230811923866
2022-03-29,0.6266184869236298
2022-03-30,0.7262616727631478
2022-03-31,0.6178605132498334
2022-04-01,0.6376400881998646
2022-04-04,0.5638212015520495
2022-04-05,0.6327003093497094
2022-04-06,0.7140711588298412
2022-04-07,0.7409598334456973
2022-04-08,0.7424052427419571
2022-04-11,0.8500642543302709
2022-04-12,0.8294428533612078
2022-04-13,0.8205670789444384
2022-04-14,0.8707334274214256
2022-04-19,0.9807274043125882
2022-04-20,0.8896841718001853
2022-04-21,0.9212113466391624
2022-04-22,0.9770826093159876
2022-04-25,0.8994141718209822
2022-04-26,0.869412766148078
2022-04-27,0.8505607052257548
2022-04-28,0.9421926942053708
2022-04-29,0.9394447549795604
2022-05-02,1.0119890024793636
2022-05-03,0.955000121447678
2022-05-04,1.032893597061021
2022-05-05,1.0355991505275892
2022-05-06,1.1278758557890278
2022-05-09,1.1537167684881773
2022-05-10,1.0557905071782294
2022-05-11,1.0796898595157955
2022-05-12,0.932497559340668
2022-05-13,0.997992660776576
2022-05-16,1.0020727330936592
2022-05-17,1.0901069751904715
2022-05-18,1.0871904846650078
2022-05-19,0.989518819453654
2022-05-20,1.0349083261877432
2022-05-23,1.0471122875579322
2022-05-24,1.072537745028726
2022-05-25,1.0414462283883692
2022-05-26,1.0749233990747251
2022-05-27,1.0513767180138625
2022-05-30,1.1630238702072169
2022-05-31,1.2196374068344555
2022-06-01,1.231256919382106
2022-06-02,1.322099127248351
2022-06-03,1.3546440778384157
2022-06-06,1.38155388687104
2022-06-07,1.3720566981310682
2022-06-08,1.434579426650601
2022-06-09,1.4881532478251698
2022-06-10,1.5283740791613951
2022-06-13,1.6577866441601372
2022-06-14,1.7486188964393516
2022-06-15,1.7083732527105282
2022-06-16,1.8602601255850288
2022-06-17,1.7825017967271577
2022-06-20,1.8018568392585157
2022-06-21,1.8303634168625704
2022-06-22,1.691670775715323
2022-06-23,1.4888644354803915
2022-06-24,1.5846780224807104
2022-06-27,1.601321203516477
2022-06-28,1.728305917484093
2022-06-29,1.6572563742607116
2022-06-30,1.4984395024541597
2022-07-01,1.40449359707607
2022-07-04,1.4500855079014472
2022-07-05,1.3359816612765634
2022-07-06,1.2520810364127006
2022-07-07,1.3637915335368958
2022-07-08,1.373487403218105
2022-07-11,1.3262619371104871
2022-07-12,1.188337429298218
2022-07-13,1.2637967168845847
2022-07-14,1.26360082763897
2022-07-15,1.2206008942091242
2022-07-18,1.29112187846686
2022-07-19,1.3183965226580303
2022-07-20,1.3020400368616825
2022-07-21,1.3546979266927923
2022-07-22,1.100348140245046
2022-07-25,1.1594895227176516
2022-07-26,1.0099462673032429
2022-07-27,1.0222210639902969
2022-07-28,0.895554261778805
2022-07-29,0.928512097752508
2022-08-01,0.8500118733517295
2022-08-02,0.8329552829008375
2022-08-03,0.9255822947200024
2022-08-04,0.8811183128928173
2022-08-05,0.9655672822496744
2022-08-08,0.941478856040774
2022-08-09,1.01087570882033
2022-08-10,0.9400150970600554
2022-08-11,1.0058343118643918
2022-08-12,1.036432717911
2022-08-15,0.9765341543768828
2022-08-16,1.056658086364452
2022-08-17,1.1376288205659262
2022-08-18,1.1587731159949677
2022-08-19,1.2943268073026863
2022-08-22,1.3368816418153266
2022-08-23,1.4136670721554494
2022-08-24,1.4417640801554463
2022-08-25,1.4229719599473691
2022-08-26,1.517125191268235
2022-08-29,1.6057037105909502
2022-08-30,1.5329349273079824
2022-08-31,1.571382059522819
2022-09-01,1.6374362950548536
2022-09-02,1.5440424780596556
2022-09-05,1.629225267260784
2022-09-06,1.6822264297143996
2022-09-07,1.615695937695056
2022-09-08,1.669993818161332
2022-09-09,1.7480318913495032
2022-09-12,1.7101703681378546
2022-09-13,1.7784639540540543
2022-09-14,1.7889513143332223
2022-09-15,1.7660693854223095
2022-09-16,1.8200708250695263
2022-09-19,1.844714329471085
2022-09-20,1.984118966152237
2022-09-21,1.9139652591579668
2022-09-22,1.9926230873741704
2022-09-23,2.0150525783280635
2022-09-26,2.092629043945399
2022-09-27,2.182902996637207
2022-09-28,2.195363054597596
2022-09-29,2.252502887725718
2022-09-30,2.134773480380704
2022-10-03,2.0446937130494645
2022-10-04,1.9360584837570125
2022-10-05,2.039070883668442
2022-10-06,2.150407188219638
2022-10-07,2.2781102728445792
2022-10-10,2.308000918558733
2022-10-11,2.4509962186279277
2022-10-12,2.495448130233568
2022-10-13,2.451889553336256
2022-10-14,2.3909187555657905
2022-10-17,2.3752770721052805
2022-10-18,2.364947146061778
2022-10-19,2.443987972632435
2022-10-20,2.507453193890448
2022-10-21,2.545365806755106
2022-10-24,2.419957817957787
2022-10-25,2.286171709818138
2022-10-26,2.267223634373684
2022-10-27,2.1648593546966497
2022-10-28,2.184664819909778
2022-10-31,2.2391387491331125
2022-11-01,2.253662853998684
2022-11-02,2.234079288009585
2022-11-03,2.3421246873037607
2022-11-04,2.3707304229652677
2022-11-07,2.4263254933335765
2022-11-08,2.389448306372367
2022-11-09,2.3894483063723584
2022-11-10,2.1459360958664395
2022-11-11,2.24068921703696
2022-11-14,2.2087307941064163
2022-11-15,2.1885018253873576
2022-11-16,2.1005971123745377
2022-11-17,2.136140125611406
2022-11-18,2.111657762016943
2022-11-21,2.060945912390832
2022-11-22,2.076606901418831
2022-11-23,2.005300623155428
2022-11-24,1.915166458649799
2022-11-25,2.033214494573974
2022-11-28,2.0604237064610293
2022-11-29,1.9935493464609348
2022-11-30,1.9939423217948185
2022-12-01,1.881787444834684
2022-12-02,1.9049654032906471
2022-12-05,1.9170590334828683
2022-12-06,1.8604547473419173
2022-12-07,1.8503101796890304
2022-12-08,1.8799560373123128
2022-12-09,1.9767511755133584
2022-12-12,1.9485726752460917
2022-12-13,1.9347812882980648
2022-12-14,2.009708006502586
2022-12-15,2.080990858897387
2022-12-16,2.241556243717952
2022-12-19,2.2754029100409885
2022-12-20,2.3612178080033925
2022-12-21,2.3599884455004503
2022-12-22,2.44207858506563
2022-12-23,2.464311874240936
2022-12-27,2.5010535762647668
2022-12-28,2.522042551102518
2022-12-29,2.5267047773509126
2022-12-30,2.555313576346965
2023-01-02,2.5182541193176986
2023-01-03,2.4382219286823594
2023-01-04,2.3543646639454043
2023-01-05,2.415742967111544
2023-01-06,2.3642917157261643
2023-01-09,2.349535816338053
2023-01-10,2.359179639439585
2023-01-11,2.263607933390884
2023-01-12,2.203747568371912
2023-01-13,2.170443058846556
2023-01-16,2.1984303733571404
2023-01-17,2.186919071955929
2023-01-18,2.0324374906750133
2023-01-19,2.08729232802771
2023-01-20,2.196191131302154
2023-01-23,2.2418412593930963
2023-01-24,2.2389853352210247
2023-01-25,2.163417628838445
2023-01-26,2.226586860624061
2023-01-27,2.2928506476499027
2023-01-30,2.3215959950207234
2023-01-31,2.321746829009651
2023-02-01,2.320551355540444
2023-02-02,2.204823466989794
2023-02-03,2.2239657262908032
2023-02-06,2.3212550429795087
2023-02-07,2.3391587843849004
2023-02-08,2.385503320002768
2023-02-09,2.324127957516212
2023-02-10,2.39608248577462
2023-02-13,2.406919030818028
2023-02-14,2.4624399335994624
2023-02-15,2.501264310923427
2023-02-16,2.5759667539916338
2023-02-17,2.51057414553606
2023-02-20,2.487782138619118
2023-02-21,2.5948665318435933
2023-02-22,2.5754450645752485
2023-02-23,2.546118410631453
2023-02-24,2.593268515931665
2023-02-27,2.620550133304117
2023-02-28,2.7593967440187765
2023-03-01,2.7435582579994957
2023-03-02,2.788514593224295
2023-03-03,2.761844112868192
2023-03-06,2.8053553887459097
2023-03-07,2.7393520835294183
2023-03-08,2.701317328864796
2023-03-09,2.7184848371954806
2023-03-10,2.525408734620048
2023-03-13,2.297744556190855
2023-03-14,2.516178106187451
2023-03-15,2.251535668614634
2023-03-16,2.271130822079904
2023-03-17,2.1946188355104232
2023-03-20,2.2058997607419206
2023-03-21,2.332588766703134
2023-03-22,2.4376814186145728
2023-03-23,2.319662673600908
2023-03-24,2.204084023237307
2023-03-27,2.348881150064657
2023-03-28,2.350994641942642
2023-03-29,2.395367387134224
2023-03-30,2.4489750263127967
2023-03-31,2.4053734039225585
2023-04-03,2.387035065269912
2023-04-04,2.4151327410116035
2023-04-05,2.303020825455385
2023-04-06,2.250727967784352
2023-04-11,2.384509277962634
2023-04-12,2.435996832578673
2023-04-13,2.4437101043278555
2023-04-14,2.472042030647635
2023-04-17,2.5477121132204887
2023-04-18,2.5510986395686084
2023-04-19,2.590685961890101
2023-04-20,2.573343385096954
2023-04-21,2.584085999585133
2023-04-24,2.586948147094005
2023-04-25,2.505199817529581
2023-04-26,2.463824134723531
2023-04-27,2.526644670195402
2023-04-28,2.4444445430269903
2023-05-02,2.448127676744327
2023-05-03,2.344989810855426
2023-05-04,2.3586600249053946
2023-05-05,2.3848229445658986
2023-05-08,2.424054778476
2023-05-09,2.424662062081823
2023-05-10,2.38344518562992
2023-05-11,2.3055688137903347
2023-05-12,2.343937983270325
2023-05-15,2.4043196166894694
2023-05-16,2.421305039856424
2023-05-17,2.4280734692060864
2023-05-18,2.5170936978149863
2023-05-19,2.574757246
2023-05-22,2.5547422271
2023-05-23,2.5572139941
2023-05-24,2.5357380252
2023-05-25,2.5851148774
2023-05-26,2.6225550772
2023-05-29,2.5418197439
2023-05-30,2.4603335071
2023-05-31,2.3837639734
2023-06-01,2.3525142584
2023-06-02,2.3991278931
2023-06-05,2.479590491
2023-06-06,2.4666990139
2023-06-07,2.4775996926
2023-06-08,2.5008032137
2023-06-09,2.4973687502
2023-06-12,2.4729858263
2023-06-13,2.4993327518
2023-06-14,2.5475095593
2023-06-15,2.5361437389
2023-06-16,2.5521340864
2023-06-19,2.589633066
2023-06-20,2.506030618
2023-06-21,2.5167563336
2023-06-22,2.5519367845
2023-06-23,2.4134357814
2023-06-26,2.4126217121
2023-06-27,2.3751722746
2023-06-28,2.4030967939
2023-06-29,2.4574849868
2023-06-30,2.5070983224
2023-07-03,2.4839268966
2023-07-04,2.5098375535
2023-07-05,2.5176156948
2023-07-06,2.647373604
2023-07-07,2.6907802965
2023-07-10,2.7256122133
2023-07-11,2.7318971902
2023-07-12,2.6826236171
2023-07-13,2.5723437997
2023-07-14,2.5263080146
2023-07-17,2.5379481465
2023-07-18,2.4392947598
2023-07-19,2.4601343081
2023-07-20,2.5317575206
2023-07-21,2.5046864024
2023-07-24,2.5058932842
2023-07-25,2.4953210537
2023-07-26,2.532469516
2023-07-27,2.4930874937
2023-07-28,2.5420333973
2023-07-31,2.5434072241
2023-08-01,2.5450256148
2023-08-02,2.5697675859
2023-08-03,2.6633518519
2023-08-04,2.663754606
2023-08-07,2.6592784724
2023-08-08,2.5236080032
2023-08-09,2.5678933482
2023-08-10,2.5782225133
2023-08-11,2.6884603794
2023-08-14,2.6924764114
2023-08-15,2.7492159061
2023-08-16,2.7263347302
2023-08-17,2.7599443482
2023-08-18,2.7153016552
2023-08-21,2.7498040078
2023-08-22,2.7348478192
2023-08-23,2.5961695834
2023-08-24,2.6010297109
2023-08-25,2.6219908077
2023-08-28,2.6346870167
2023-08-29,2.6397873111
2023-08-30,2.6075873919
2023-08-31,2.5706069449
2023-09-01,2.6278747898
2023-09-04,2.6385322093
2023-09-05,2.6680758478
2023-09-06,2.6783721017
2023-09-07,2.7128876583
2023-09-08,2.684847041
2023-09-11,2.6896912526
2023-09-12,2.7011827426
2023-09-13,2.7131078162
2023-09-14,2.6842987583
2023-09-15,2.7349477927
2023-09-18,2.7881726159
2023-09-19,2.8076747104
2023-09-20,2.7657704991
2023-09-21,2.8225524569
2023-09-22,2.8196368903
2023-09-25,2.8669855682
2023-09-26,2.8708600458
2023-09-27,2.8599938456
2023-09-28,3.0333501699
2023-09-29,2.8762763259
2023-10-02,2.9328354324
2023-10-03,2.9641872265
2023-10-04,2.9925401129
2023-10-05,2.9472925432
2023-10-06,2.9604325215
2023-10-09,2.8738935511
2023-10-10,2.8643948716
2023-10-11,2.7561586862
2023-10-12,2.7938537924
2023-10-13,2.8835732133
2023-10-16,2.8620178446
2023-10-17,2.9370802435
2023-10-18,2.9527097575
2023-10-19,3.0011097622
2023-10-20,2.9495121221
2023-10-23,2.9765842729
2023-10-24,2.8932419598
2023-10-25,2.9189824464
2023-10-26,2.9033934306
2023-10-27,2.8984970075
2023-10-30,2.9012196761
2023-10-31,2.8226726907
2023-11-01,2.8197946048
2023-11-02,2.7491134356
2023-11-03,2.7005766639
2023-11-06,2.7691646463
2023-11-07,2.7184321682
2023-11-08,2.6835389676
2023-11-09,2.7002831579
2023-11-10,2.7551960877
2023-11-13,2.7881690124
2023-11-14,2.6848069955
2023-11-15,2.6871053051
2023-11-16,2.6349265771
2023-11-17,2.6413046564
2023-11-20,2.6603005277
2023-11-21,2.624200413
2023-11-22,2.5855317528
2023-11-23,2.6657392323
2023-11-24,2.6869213104
2023-11-27,2.6289134686
2023-11-28,2.5892364669
2023-11-29,2.4830794967
2023-11-30,2.5285020009
2023-12-01,2.4797884548
2023-12-04,2.3892714774
2023-12-05,2.3269332366
2023-12-06,2.2782674646
2023-12-07,2.2353317021
2023-12-08,2.3534261872
2023-12-11,2.3371734995
2023-12-12,2.3068463462
2023-12-13,2.2525470525
2023-12-14,2.2116980315
2023-12-15,2.1147842384
2023-12-18,2.1553213039
2023-12-19,2.0913589612
2023-12-20,2.0466529474
2023-12-21,2.0472863063
2023-12-22,2.0192952065
2023-12-27,1.9876091225
2023-12-28,2.0028420209
2023-12-29,2.0808856999
2024-01-02,2.1199493571
2024-01-03,2.1214189676
2024-01-04,2.2072419203
2024-01-05,2.2469256583
2024-01-08,2.2307313873
2024-01-09,2.2570451998
2024-01-10,2.2732383195
2024-01-11,2.2583578869
2024-01-12,2.226207696
2024-01-15,2.2810119759
2024-01-16,2.2599486199
2024-01-17,2.3394291535
2024-01-18,2.363052963
2024-01-19,2.3846269956
2024-01-22,2.3354762926
2024-01-23,2.3886325322
2024-01-24,2.3845432402
2024-01-25,2.3687528773
2024-01-26,2.3883232291
2024-01-29,2.3251514995
2024-01-30,2.3328476651
2024-01-31,2.26580157
2024-02-01,2.2542621453
2024-02-02,2.2752204759
2024-02-05,2.380938321
2024-02-06,2.3871789716
2024-02-07,2.3747592768
2024-02-08,2.4271401791
2024-02-09,2.461190883
2024-02-12,2.4517828411
2024-02-13,2.4619773052
2024-02-14,2.445205132
2024-02-15,2.3870546854
2024-02-16,2.4712489514
2024-02-19,2.471856408
2024-02-20,2.4409811023
2024-02-21,2.4744667685
2024-02-22,2.4798051672
2024-02-23,2.4384341998
2024-02-26,2.467280003
2024-02-27,2.4929769097
2024-02-28,2.5167377375
2024-02-29,2.4801097363
2024-03-01,2.5034683242
2024-03-04,2.4336236988
2024-03-05,2.3635148956
2024-03-06,2.3597086823
2024-03-07,2.3402473323
2024-03-08,2.3031809889
2024-03-11,2.3591203019
2024-03-12,2.3776217828
2024-03-13,2.4038314531
2024-03-14,2.4862550511
2024-03-15,2.4946028896
2024-03-18,2.5102098433
2024-03-19,2.4846293611
2024-03-20,2.4862311056
2024-03-21,2.4697606676
2024-03-22,2.37785216
2024-03-25,2.4260237468
2024-03-26,2.4049985204
2024-03-27,2.3510584666
2024-03-28,2.359935488
2024-04-02,2.4863921225
2024-04-03,2.48413956
2024-04-04,2.4113003171
2024-04-05,2.4361684019
2024-04-08,2.4923312998
2024-04-09,2.4321874511
2024-04-10,2.483955421
2024-04-11,2.5216754851
2024-04-12,2.4069398686
2024-04-15,2.5043256274
2024-04-16,2.565459395
2024-04-17,2.54460631
2024-04-18,2.5551833059
2024-04-19,2.5772617894
2024-04-22,2.5694069878
2024-04-23,2.5613382913
2024-04-24,2.6439607161
2024-04-25,2.6968869031
2024-04-26,2.623464679
2024-04-29,2.5936184515
2024-04-30,2.6368704855
2024-05-02,2.6192687619
2024-05-03,2.545998065
2024-05-06,2.5137096838
2024-05-07,2.4769806556
2024-05-08,2.5155847885
2024-05-09,2.5485134906
2024-05-10,2.5607710993
2024-05-13,2.5539771945
2024-05-14,2.5869324297
2024-05-15,2.4997507148
2024-05-16,2.5059329536
2024-05-17,2.5736443805
2024-05-20,2.5928737019
2024-05-21,2.56338861
2024-05-22,2.5938440854
2024-05-23,2.6421578714
2024-05-24,2.6524141248
2024-05-27,2.5984978775
2024-05-28,2.6248221592
2024-05-29,2.7193243024
2024-05-30,2.7374225597
2024-05-31,2.7015587512
2024-06-03,2.6614829951
2024-06-04,2.597435378
2024-06-05,2.5676072225
2024-06-06,2.6218140315
2024-06-07,2.6867722412
2024-06-10,2.7385184555
2024-06-11,2.70750727
2024-06-12,2.5967936569
2024-06-13,2.5855197162
2024-06-14,2.4086873262
2024-06-17,2.4874036276
2024-06-18,2.476220875
2024-06-19,2.4754923156
2024-06-20,2.5093927539
2024-06-21,2.4501759972
2024-06-24,2.4790816716
2024-06-25,2.4437824241
2024-06-26,2.4887604599
2024-06-27,2.4895226334
2024-06-28,2.5019106798
2024-07-01,2.6351168331
2024-07-02,2.625718203
2024-07-03,2.6278943813
2024-07-04,2.6237373697
2024-07-05,2.5996836001
2024-07-08,2.5707227465
2024-07-09,2.5941446777
2024-07-10,2.5570724353
2024-07-11,2.498110511
2024-07-12,2.5167895001
2024-07-15,2.5140039627
2024-07-16,2.4645170295
2024-07-17,2.4612971986
2024-07-18,2.4367519932
2024-07-19,2.4965557827
2024-07-22,2.5105437773
2024-07-23,2.4776943683
2024-07-24,2.4715110514
2024-07-25,2.4339080215
2024-07-26,2.4245461772
2024-07-29,2.3896297176
2024-07-30,2.3544882773
2024-07-31,2.3290703135
2024-08-01,2.281431255
2024-08-02,2.1969689437
2024-08-05,2.2355219221
2024-08-06,2.2599321468
2024-08-07,2.365213727
2024-08-08,2.3631468252
2024-08-09,2.3179681699
2024-08-12,2.3271464977
2024-08-13,2.2926891188
2024-08-14,2.2853210792
2024-08-15,2.3521344146
2024-08-16,2.3349911132
2024-08-19,2.3506021122
2024-08-20,2.326133018
2024-08-21,2.3059555781
2024-08-22,2.3222276477
2024-08-23,2.3545848339
2024-08-26,2.3611574784
2024-08-27,2.397613636
2024-08-28,2.3663694885
2024-08-29,2.3795267524
2024-08-30,2.3888297669
2024-09-02,2.4485558581
2024-09-03,2.3718172551
2024-09-04,2.3230518592
2024-09-05,2.3052108156
2024-09-06,2.3113879433
2024-09-09,2.2959799036
2024-09-10,2.2834241895
2024-09-11,2.2136942997
2024-09-12,2.2396543029
2024-09-13,2.2602491803
2024-09-16,2.2479888331
2024-09-17,2.2486269095
2024-09-18,2.2985907322
2024-09-19,2.3048459818
2024-09-20,2.3288316667
2024-09-23,2.3026272101
2024-09-24,2.2891839665
2024-09-25,2.291416671
2024-09-26,2.2537673608
2024-09-27,2.2521148846
2024-09-30,2.2367867384
2024-10-01,2.1442488285
2024-10-02,2.2298357908
2024-10-03,2.2890716162
2024-10-04,2.3213268231
2024-10-07,2.3680772013
2024-10-08,2.3786118387
2024-10-09,2.3672195539
2024-10-10,2.3821347867
2024-10-11,2.4091492224
2024-10-14,2.407755502
2024-10-15,2.3391978925
2024-10-16,2.2888657969
2024-10-17,2.3141522729
2024-10-18,2.2940883656
2024-10-21,2.3808484055
2024-10-22,2.3997309158
2024-10-23,2.4337504295
2024-10-24,2.3715160286
2024-10-25,2.397353001
2024-10-28,2.3810519633
2024-10-29,2.4331853634
2024-10-30,2.4724594585
2024-10-31,2.520945558
2024-11-01,2.4894847017
2024-11-04,2.487138698
2024-11-05,2.4983617341
2024-11-06,2.5113246974
2024-11-07,2.5240289566
2024-11-08,2.4700578721
2024-11-11,2.4420946519
2024-11-12,2.4280603265
2024-11-13,2.474171259
2024-11-14,2.4479041589
2024-11-15,2.4575629867
2024-11-18,2.4743486696
2024-11-19,2.4309080958
2024-11-20,2.4474474548
2024-11-21,2.3987406434
2024-11-22,2.3562386849
2024-11-25,2.3014732166
2024-11-26,2.2988076041
2024-11-27,2.261384337
2024-11-28,2.2248257945
2024-11-29,2.1852246483
2024-12-02,2.1381738703
2024-12-03,2.1245018989
2024-12-04,2.1609470857
2024-12-05,2.1952120266
2024-12-06,2.1639756999
2024-12-09,2.1848501571
2024-12-10,2.196991766
2024-12-11,2.2067122243
2024-12-12,2.2590743687
2024-12-13,2.3306589016
2024-12-16,2.3320425144
2024-12-17,2.3137164817
2024-12-18,2.339148239
2024-12-19,2.4054384768
2024-12-20,2.3746841926
2024-12-23,2.4023438214
2024-12-24,2.4054591254
2024-12-27,2.4317999928
2024-12-30,2.4473038368
2025-01-02,2.4331074802
2025-01-03,2.4896138856
2025-01-06,2.5409183981
2025-01-07,2.5483720687
2025-01-08,2.605443235
2025-01-09,2.6162985075
2025-01-10,2.6562443383
2025-01-13,2.6820322585
2025-01-14,2.7186860566
2025-01-15,2.6302772251
2025-01-16,2.6577802953
2025-01-17,2.6010145893
2025-01-20,2.600667827
2025-01-21,2.5925000501
2025-01-22,2.5925000501
2025-01-23,2.618096938
2025-01-24,2.6525212896
2025-01-27,2.6108150355
2025-01-28,2.6246839966
2025-01-29,2.6123247792
2025-01-30,2.5709331179
2025-01-31,2.5304298486
2025-02-03,2.4463815528
2025-02-04,2.4771523668
2025-02-05,2.4214557243
2025-02-06,2.42515982
2025-02-07,2.4627800758
2025-02-10,2.433445967
2025-02-11,2.4999061726
2025-02-12,2.551790004
2025-02-13,2.4889478346
2025-02-14,2.5005053327
2025-02-17,2.5460892565
2025-02-18,2.5581457184
2025-02-19,2.6098058692
2025-02-20,2.6019944882
2025-02-21,2.5384308723
2025-02-24,2.5348958801
2025-02-25,2.5273124962
2025-02-26,2.5050992164
2025-02-27,2.4964724029
2025-02-28,2.4692621079
2025-03-03,2.5783069883
2025-03-04,2.5625702838
2025-03-05,2.7987238935
2025-03-06,2.9449897814
2025-03-07,2.8730944696
2025-03-10,2.8687791491
2025-03-11,2.9343136849
2025-03-12,2.9343006641
2025-03-13,2.9136764885
2025-03-14,2.9461762482
2025-03-17,2.8657476373
2025-03-18,2.8967978782
2025-03-19,2.8579573708
2025-03-20,2.8267165325
2025-03-21,2.845870598
2025-03-24,2.8630915118
2025-03-25,2.8783029162
2025-03-26,2.8656250048
2025-03-27,2.8623507021
2025-03-28,2.8121116226
2025-03-31,2.7817290051
2025-04-01,2.7589206718
2025-04-02,2.7609572069
2025-04-03,2.7337361267
2025-04-04,2.6475520891
2025-04-07,2.6815253471
2025-04-08,2.7532266258
2025-04-09,2.6865951501
2025-04-10,2.6776687173
2025-04-11,2.6037026531
2025-04-14,2.5988022107
2025-04-15,2.6309014142
2025-04-16,2.5995889898
2025-04-17,2.5747046513
2025-04-22,2.5519928801
2025-04-23,2.6001957861
2025-04-24,2.5491160582
2025-04-25,2.5625615399
2025-04-28,2.6074653015
2025-04-29,2.5893451856
2025-04-30,2.5575500372
2025-05-02,2.5959832532
2025-05-05,2.620423616
2025-05-06,2.6544648641
2025-05-07,2.5934141244
2025-05-08,2.6097039476
2025-05-09,2.6665008334
2025-05-12,2.7249722749
2025-05-13,2.7470817086
2025-05-14,2.7702501526
2025-05-15,2.7375363863
2025-05-16,2.675210335
2025-05-19,2.6887073283
2025-05-20,2.7126253145
2025-05-21,2.7335025798
2025-05-22,2.7473508277
2025-05-23,2.6681718095
2025-05-26,2.6721588759
2025-05-27,2.635526298
2025-05-28,2.6447977997
2025-05-29,2.6116381266
2025-05-30,2.6100622245
2025-06-02,2.6226032517
2025-06-03,2.5938344853
2025-06-04,2.623401446
2025-06-05,2.6470041589
2025-06-06,2.6594310994
2025-06-09,2.6758380627
2025-06-10,2.6167971377
2025-06-11,2.6215127886
2025-06-12,2.5777663314
2025-06-13,2.6032135344
2025-06-16,2.621503212
2025-06-17,2.6218424136
2025-06-18,2.6011169546
2025-06-19,2.6019696538
2025-06-20,2.6142932126
2025-06-23,2.6072978004
2025-06-24,2.6498095606
2025-06-25,2.6644491833
2025-06-26,2.6578468297
2025-06-27,2.6867694635
2025-06-30,2.6791846244
2025-07-01,2.6531743058
2025-07-02,2.7236452829
2025-07-03,2.686838963
2025-07-04,2.6526768615
2025-07-07,2.6964270831
2025-07-08,2.7429858162
2025-07-09,2.7333043321
2025-07-10,2.7571538406
2025-07-11,2.7876718173
2025-07-14,2.7890655573
2025-07-15,2.7456990225
2025-07-16,2.7466162704
2025-07-17,2.7365670847
2025-07-18,2.7570410604
2025-07-21,2.6769365906
2025-07-22,2.6601966254
2025-07-23,2.6658356958
2025-07-24,2.7534798034
2025-07-25,2.7933110223
2025-07-28,2.7556048698
2025-07-29,2.7686012088
2025-07-30,2.7787227813
2025-07-31,2.7630604692
2025-08-01,2.7295290489
2025-08-04,2.7031967398
2025-08-05,2.6947844576
2025-08-06,2.7046173201
2025-08-07,2.7076377195
2025-08-08,2.7574342451
2025-08-11,2.7613579972
2025-08-12,2.820188598
2025-08-13,2.76065317
2025-08-14,2.7789766404
2025-08-15,2.8430984141
2025-08-18,2.834415258
2025-08-19,2.8219995437
2025-08-20,2.7889950333
2025-08-21,2.8212272687
2025-08-22,2.8081443795
2025-08-25,2.8420172523
2025-08-26,2.8030227277
2025-08-27,2.7933292442
2025-08-28,2.7720612195
2025-08-29,2.7854844577
2025-09-01,2.8201791164
2025-09-02,2.8583592623
2025-09-03,2.8209325207
2025-09-04,2.7879763494
2025-09-05,2.7458304046
2025-09-08,2.7205978036
2025-09-09,2.7373998786
2025-09-10,2.7348570644
2025-09-11,2.7436534813
2025-09-12,2.7793036167
2025-09-15,2.7663252387
2025-09-16,2.7626046351
2025-09-17,2.7440108714
2025-09-18,2.7887887757
2025-09-19,2.8110521727
2025-09-22,2.8191246144
2025-09-23,2.8183515272
2025-09-24,2.8188696161
2025-09-25,2.8373208625
2025-09-26,2.8197118707
2025-09-29,2.7859915739
2025-09-30,2.7786738794
2025-10-01,2.7687620524
2025-10-02,2.7847770967
2025-10-03,2.7677693726
2025-10-06,2.7855625619
2025-10-07,2.8017768131
2025-10-08,2.7556304465
2025-10-09,2.77268694
2025-10-10,2.7417726722
2025-10-13,2.7065501324
2025-10-14,2.6787360452
2025-10-15,2.6483125542
2025-10-16,2.6626296861
2025-10-17,2.6597042971
2025-10-20,2.6652122756
2025-10-21,2.6315953943
2025-10-22,2.6456476004
2025-10-23,2.6589940943
2025-10-24,2.7104454299
2025-10-27,2.7044797107
2025-10-28,2.6977978987
2025-10-29,2.7029909692
2025-10-30,2.7161619958
2025-10-31,2.721602685
2025-11-03,2.7279838319
2025-11-04,2.7254019371
2025-11-05,2.7361656751
2025-11-06,2.7333402197
2025-11-07,2.7519322513
2025-11-10,2.7473515524
2025-11-11,2.7362460296
2025-11-12,2.7238068417
2025-11-13,2.7505385733
2025-11-14,2.7811559776
2025-11-17,2.7878845539
2025-11-18,2.7725989683
2025-11-19,2.7852349907
2025-11-20,2.8112679169
2025-11-21,2.7864568988
2025-11-24,2.7871165917
2025-11-25,2.7574999568
2025-11-26,2.7670151833
2025-11-27,2.7643499565
2025-11-28,2.7737857403
2025-12-01,2.8399621085
2025-12-02,2.8412252222
2025-12-03,2.8267627658
2025-12-04,2.8490120473
2025-12-05,2.8720493811
2025-12-08,2.9378263285
2025-12-09,2.9324125063
2025-12-10,2.94656011
2025-12-11,2.9270988489
2025-12-12,2.9548449211
2025-12-15,2.9237923869
2025-12-16,2.9447529455
2025-12-17,2.9461023067
2025-12-18,2.9489911753
2025-12-19,2.980259757
2025-12-22,2.9967111658
2025-12-23,2.9609899591
2025-12-24,2.9640520365
2025-12-29,2.9225407917
2025-12-30,2.9493411108
2025-12-31,2.9480486243
2026-01-02,2.9750419729
2026-01-05,2.9626767444
2026-01-06,2.9239136196
2026-01-07,2.9023957433
2026-01-08,2.9216454161
2026-01-09,2.9259088946
2026-01-12,2.8928281343
2026-01-13,2.907038648
2026-01-14,2.8813663514
2026-01-15,2.868695539
2026-01-16,2.8938204257
2026-01-19,2.8903171094
2026-01-20,2.9277343601
2026-01-21,2.9330039598
2026-01-22,2.9368513542
2026-01-23,2.9477958486
2026-01-26,2.9173578501
2026-01-27,2.9211803737
2026-01-28,2.9118536858
2026-01-29,2.8916757502
2026-01-30,2.9033834533
2026-02-02,2.9151073179
2026-02-03,2.9470973297
2026-02-04,2.9291206827
2026-02-05,2.9225426497
2026-02-06,2.9031589073
2026-02-09,2.9046958203
2026-02-10,2.8672634105
2026-02-11,2.8678284988
2026-02-12,2.8433381897
2026-02-13,2.8073208074
2026-02-16,2.8127518027
2026-02-17,2.798196376
2026-02-18,2.8031365285
2026-02-19,2.8077281701
2026-02-20,2.7935676328
2026-02-23,2.7857127411
2026-02-24,2.7714936784
2026-02-25,2.7737465861
2026-02-26,2.7470493584
2026-02-27,2.7266574195
2026-03-02,2.7599649167
2026-03-03,2.840493239
2026-03-04,2.8172759483
2026-03-05,2.8857466383
2026-03-06,2.9087748974
2026-03-09,2.9242332615
2026-03-10,2.8972030409
2026-03-11,2.9743786023
2026-03-12,2.9980538024
2026-03-13,3.0113228114
2026-03-16,2.9882724205
2026-03-17,2.9666154378
2026-03-18,3.0003282288
2026-03-19,3.0117153846
2026-03-20,3.0755425799
2026-03-23,3.0328388945
2026-03-24,3.061914886
2026-03-25,3.0118479104
2026-03-26,3.0944162751
2026-03-27,3.1504113416
2026-03-30,3.0944483571
2026-03-31,3.0729993471
2026-04-01,3.0478936329
2026-04-02,3.0751288521
2026-04-07,3.1060962471
2026-04-08,2.9793275216
2026-04-09,3.072414671
2026-04-10,3.1004415163
2026-04-13,3.1227887328
2026-04-14,3.1121828868
2026-04-15,3.0888161219
2026-04-16,3.0746082746
2026-04-17,3.0250447597
2026-04-20,3.0368533168
2026-04-21,3.0365282223
2026-04-22,3.0510265518
2026-04-23,3.0674643234
2026-04-24,3.0706741038
2026-04-27,3.0816989599
2026-04-28,3.1195622586
2026-04-29,3.142710173
2026-04-30,3.0939583349
2026-05-04,3.105197541
2026-05-05,3.1255068065
2026-05-06,3.048338757
2026-05-07,3.0367988029
2026-05-08,3.0522640098
2026-05-11,3.0796927017
2026-05-12,3.1495267074
2026-05-13,3.1514242492
2026-05-14,3.0994620296
2026-05-15,3.1951239875
2026-05-18,3.1716424255
2026-05-19,3.2197250915
2026-05-20,3.1913866523
2026-05-21,3.1401444666
2026-05-22,3.0830202566
2026-05-25,2.9857408352
2026-05-26,3.0303794025
2026-05-27,3.0265148902
2026-05-28,3.0348986296
2026-05-29,3.016587454
2026-06-01,3.0680734066
2026-06-02,3.0192058236
2026-06-03,3.0612878862
2026-06-04,3.0698375728
2026-06-05,3.0877233984
2026-06-08,3.0920816898
2026-06-09,3.0992230173
2026-06-10,3.1162570344
2026-06-11,3.0798140633
2026-06-12,3.0694748442
2026-06-15,3.0089281275
2026-06-16,2.9923877689
2026-06-17,2.9854852656
2026-06-18,2.9853251782
2026-06-19,3.0367350672
2026-06-22,3.0093670766
2026-06-23,2.9707291005
2026-06-24,2.9379971807
2026-06-25,2.9160405586
2026-06-26,2.9223600013
2026-06-29,2.922896152
2026-06-30,2.9244927445
2026-07-01,2.9633626284
2026-07-02,2.9878649255
2026-07-03,3.0061092915
2026-07-06,3.0156822508
2026-07-07,3.0568869592
2026-07-08,3.1370395898
2026-07-09,3.1292327833
2026-07-10,3.1085540184
2026-07-13,3.1247022419
2026-07-14,3.1462568028
2026-07-15,3.1544621071
2026-07-16,3.1773426637
2026-07-17,3.1521219932
2026-07-20,3.1678464688
2026-07-21,3.2100962672
2026-07-22,3.2040119707
2026-07-23,3.2247334899
