Date,Open,High,Low,Close,Volume
2007-09-10,0.09000000357628,0.09000000357628,0.09000000357628,0.09000000357628,0.0
2007-09-11,0.07000000029802,0.07999999821186,0.07000000029802,0.07999999821186,0.0
2007-09-12,0.09000000357628,0.09000000357628,0.09000000357628,0.09000000357628,0.0
2007-09-13,0.07000000029802,0.07000000029802,0.07000000029802,0.07000000029802,0.0
2007-09-14,0.07999999821186,0.07999999821186,0.07999999821186,0.07000000029802,0.0
2007-09-17,0.07000000029802,0.09000000357628,0.07000000029802,0.07000000029802,0.0
2007-09-18,0.05000000074506,0.0599999986589,0.05000000074506,0.0599999986589,0.0
2007-09-19,0.0599999986589,0.07999999821186,0.0599999986589,0.07999999821186,0.0
2007-09-20,0.07999999821186,0.07999999821186,0.07999999821186,0.07999999821186,0.0
2007-09-21,0.07000000029802,0.07999999821186,0.07000000029802,0.07999999821186,0.0
2007-09-24,0.07999999821186,0.07999999821186,0.07999999821186,0.07999999821186,0.0
2007-09-25,0.07000000029802,0.07000000029802,0.07000000029802,0.07999999821186,0.0
2007-09-26,0.07999999821186,0.07999999821186,0.07999999821186,0.07999999821186,0.0
2007-09-27,0.07999999821186,0.07999999821186,0.07999999821186,0.07999999821186,0.0
2007-09-28,0.07999999821186,0.07999999821186,0.07000000029802,0.07999999821186,0.0
2007-10-01,0.0599999986589,0.0599999986589,0.0599999986589,0.07000000029802,0.0
2007-10-02,0.07999999821186,0.07999999821186,0.07999999821186,0.07999999821186,0.0
2007-10-03,0.0599999986589,0.0599999986589,0.0599999986589,0.07000000029802,0.0
2007-10-04,0.07000000029802,0.07000000029802,0.0599999986589,0.07000000029802,0.0
2007-10-05,0.0599999986589,0.11999999731779,0.0599999986589,0.10999999940395,0.0
2007-10-08,0.07000000029802,0.07000000029802,0.07000000029802,0.07000000029802,0.0
2007-10-09,0.0599999986589,0.0599999986589,0.0599999986589,0.07000000029802,0.0
2007-10-10,0.0599999986589,0.07000000029802,0.0599999986589,0.07000000029802,0.0
2007-10-11,0.07000000029802,0.07000000029802,0.07000000029802,0.07000000029802,0.0
2007-10-12,0.10000000149012,0.10000000149012,0.07000000029802,0.07000000029802,0.0
2007-10-15,0.0599999986589,0.0599999986589,0.0599999986589,0.07000000029802,0.0
2007-10-16,0.07000000029802,0.07000000029802,0.07000000029802,0.07000000029802,0.0
2007-10-17,0.07000000029802,0.07000000029802,0.07000000029802,0.07000000029802,0.0
2007-10-18,0.07000000029802,0.07000000029802,0.07000000029802,0.07000000029802,0.0
2007-10-19,0.07000000029802,0.07000000029802,0.07000000029802,0.07000000029802,0.0
2007-10-22,0.07000000029802,0.07000000029802,0.07000000029802,0.07000000029802,0.0
2007-10-23,0.07000000029802,0.07000000029802,0.07000000029802,0.07000000029802,0.0
2007-10-24,0.07000000029802,0.07000000029802,0.07000000029802,0.07000000029802,0.0
2007-10-25,0.07000000029802,0.07000000029802,0.07000000029802,0.07000000029802,0.0
2007-10-26,0.07000000029802,0.07000000029802,0.07000000029802,0.07000000029802,0.0
2007-10-29,0.07000000029802,0.07000000029802,0.07000000029802,0.07000000029802,0.0
2007-10-30,0.07000000029802,0.07000000029802,0.07000000029802,0.07000000029802,0.0
2007-10-31,0.07000000029802,0.10999999940395,0.07000000029802,0.09000000357628,0.0
2007-11-01,0.07999999821186,0.07999999821186,0.07999999821186,0.07999999821186,0.0
2007-11-02,0.07999999821186,0.07999999821186,0.07999999821186,0.07999999821186,0.0
2007-11-05,0.07999999821186,0.07999999821186,0.07999999821186,0.07000000029802,0.0
2007-11-06,0.0599999986589,0.0599999986589,0.0599999986589,0.07000000029802,0.0
2007-11-07,0.07999999821186,0.10000000149012,0.07000000029802,0.10000000149012,0.0
2007-11-08,0.10000000149012,0.11999999731779,0.10000000149012,0.10999999940395,0.0
2007-11-09,0.10999999940395,0.10999999940395,0.10000000149012,0.10000000149012,0.0
2007-11-12,0.10000000149012,0.10000000149012,0.10000000149012,0.10000000149012,0.0
2007-11-13,0.10000000149012,0.10000000149012,0.09000000357628,0.10000000149012,0.0
2007-11-14,0.09000000357628,0.09000000357628,0.09000000357628,0.09000000357628,0.0
2007-11-15,0.09000000357628,0.09000000357628,0.09000000357628,0.09000000357628,0.0
2007-11-16,0.09000000357628,0.09000000357628,0.09000000357628,0.07999999821186,0.0
2007-11-19,0.07999999821186,0.07999999821186,0.07000000029802,0.07999999821186,0.0
2007-11-20,0.07000000029802,0.07000000029802,0.07000000029802,0.07000000029802,0.0
2007-11-21,0.07000000029802,0.07000000029802,0.07000000029802,0.07000000029802,0.0
2007-11-22,0.07999999821186,0.07999999821186,0.07999999821186,0.07999999821186,0.0
2007-11-23,0.10999999940395,0.10999999940395,0.07999999821186,0.07999999821186,0.0
2007-11-26,0.07000000029802,0.07000000029802,0.07000000029802,0.07000000029802,0.0
2007-11-27,0.07000000029802,0.07000000029802,0.07000000029802,0.07000000029802,0.0
2007-11-28,0.05000000074506,0.0599999986589,0.05000000074506,0.0599999986589,0.0
2007-11-29,0.05000000074506,0.05000000074506,0.01999999955297,0.03999999910593,0.0
2007-11-30,0.02999999932945,0.05000000074506,0.00999999977648,0.00999999977648,0.0
2007-12-03,0.03999999910593,0.03999999910593,0.03999999910593,0.02999999932945,0.0
2007-12-04,0.03999999910593,0.03999999910593,0.02999999932945,0.02999999932945,0.0
2007-12-05,0.02999999932945,0.02999999932945,0.02999999932945,0.02999999932945,0.0
2007-12-06,0.03999999910593,0.03999999910593,0.02999999932945,0.02999999932945,0.0
2007-12-07,0.02999999932945,0.02999999932945,0.01999999955297,0.02999999932945,0.0
2007-12-10,0.01999999955297,0.01999999955297,0.01999999955297,0.02999999932945,0.0
2007-12-11,0.01999999955297,0.02999999932945,0.01999999955297,0.02999999932945,0.0
2007-12-12,0.02999999932945,0.03999999910593,0.02999999932945,0.02999999932945,0.0
2007-12-13,0.02999999932945,0.02999999932945,0.01999999955297,0.02999999932945,0.0
2007-12-14,0.02999999932945,0.03999999910593,0.02999999932945,0.02999999932945,0.0
2007-12-17,0.02999999932945,0.02999999932945,0.00999999977648,0.00999999977648,0.0
2007-12-19,22.5,22.60000038146973,22.26000022888184,22.45000076293945,2746.0
2007-12-20,22.54999923706055,22.54999923706055,22.25,22.29999923706055,1916.0
2007-12-21,22.39999961853027,22.39999961853027,21.79999923706055,21.93000030517578,1689.0
2007-12-24,21.93000030517578,22.03000068664551,21.75,22.0,848.0
2007-12-27,21.72999954223633,22.04000091552734,21.60000038146973,21.8700008392334,1333.0
2007-12-28,21.48999977111816,22.30999946594238,21.48999977111816,22.20999908447266,592.0
2007-12-31,22.10000038146973,22.5,22.10000038146973,22.40999984741211,2775.0
2008-01-02,22.5,23.13999938964844,22.27000045776367,22.92000007629395,2775.0
2008-01-03,23.29999923706055,23.64999961853027,23.06999969482422,23.54000091552734,3312.0
2008-01-04,23.45000076293945,23.70999908447266,23.29999923706055,23.54999923706055,3823.0
2008-01-07,23.25,24.0,23.25,23.65999984741211,4150.0
2008-01-08,23.5,23.84000015258789,23.39999961853027,23.70000076293945,2691.0
2008-01-09,23.60000038146973,23.69000053405762,23.25,23.42000007629395,3607.0
2008-01-10,23.5,23.60000038146973,23.04999923706055,23.11000061035156,3810.0
2008-01-11,23.0,23.39999961853027,22.85000038146973,23.11000061035156,3680.0
2008-01-14,23.0,23.5,23.0,23.40999984741211,2285.0
2008-01-15,23.70000076293945,23.70999908447266,23.05999946594238,23.17000007629395,3986.0
2008-01-16,23.05999946594238,23.25,22.54000091552734,22.75,5648.0
2008-01-17,22.75,23.04999923706055,22.14999961853027,22.22999954223633,6320.0
2008-01-18,22.25,22.45000076293945,22.01000022888184,22.28000068664551,4023.0
2008-01-21,22.20000076293945,22.22999954223633,20.45000076293945,20.84000015258789,7088.0
2008-01-22,20.5,20.5,18.60000038146973,20.30999946594238,9721.0
2008-01-23,20.70000076293945,21.07999992370605,19.57999992370605,20.03000068664551,8615.0
2008-01-24,20.0,20.19000053405762,19.70000076293945,19.76000022888184,5411.0
2008-01-25,20.5,21.29000091552734,20.32999992370605,21.04000091552734,7580.0
2008-01-28,20.79999923706055,21.03000068664551,20.45999908447266,20.64999961853027,3508.0
2008-01-29,20.85000038146973,21.10000038146973,20.54999923706055,20.70000076293945,4277.0
2008-01-30,20.70000076293945,20.70000076293945,19.85000038146973,20.07999992370605,3953.0
2008-01-31,19.5,19.70000076293945,18.70999908447266,19.10000038146973,5196.0
2008-02-01,19.04999923706055,19.5,18.95000076293945,19.21999931335449,5197.0
2008-02-04,19.14999961853027,19.54999923706055,19.04999923706055,19.19000053405762,3060.0
2008-02-05,19.10000038146973,19.29999923706055,18.76000022888184,18.84000015258789,3879.0
2008-02-06,18.85000038146973,20.20000076293945,18.85000038146973,19.96999931335449,9536.0
2008-02-07,19.60000038146973,20.5,19.60000038146973,20.44000053405762,6105.0
2008-02-08,20.54999923706055,21.0,20.20000076293945,20.38999938964844,5142.0
2008-02-11,20.79999923706055,20.95999908447266,19.89999961853027,20.15999984741211,4558.0
2008-02-12,20.29999923706055,20.29999923706055,19.71999931335449,19.96999931335449,3752.0
2008-02-13,19.65999984741211,19.95999908447266,19.61000061035156,19.93000030517578,1503.0
2008-02-14,20.0,20.81999969482422,19.85000038146973,20.71999931335449,5669.0
2008-02-15,20.79999923706055,21.10000038146973,20.61000061035156,20.8700008392334,5396.0
2008-02-18,20.88999938964844,21.04000091552734,20.68000030517578,20.93000030517578,3696.0
2008-02-19,20.89999961853027,21.75,20.70000076293945,21.63999938964844,5970.0
2008-02-20,21.95000076293945,22.04000091552734,21.32999992370605,21.5,4606.0
2008-02-21,21.89999961853027,22.10000038146973,21.56999969482422,21.70000076293945,4517.0
2008-02-22,21.39999961853027,21.67000007629395,21.30999946594238,21.47999954223633,3831.0
2008-02-25,21.89999961853027,21.89999961853027,21.47999954223633,21.59000015258789,3216.0
2008-02-26,21.46999931335449,21.56999969482422,21.04999923706055,21.35000038146973,4293.0
2008-02-27,21.64999961853027,21.76000022888184,21.14999961853027,21.26000022888184,3583.0
2008-02-28,21.03000068664551,21.3799991607666,20.8799991607666,21.15999984741211,3728.0
2008-02-29,21.70999908447266,21.79000091552734,21.20999908447266,21.30999946594238,3405.0
2008-03-03,21.54999923706055,21.54999923706055,20.6200008392334,20.8799991607666,3078.0
2008-03-04,20.54999923706055,20.84000015258789,20.35000038146973,20.67000007629395,5497.0
2008-03-05,20.5,21.45999908447266,20.29999923706055,21.23999977111816,4269.0
2008-03-06,21.5,21.57999992370605,21.13999938964844,21.35000038146973,4468.0
2008-03-07,21.42000007629395,21.57999992370605,21.20000076293945,21.3799991607666,2672.0
2008-03-10,21.26000022888184,21.71999931335449,21.25,21.65999984741211,3227.0
2008-03-11,21.65999984741211,21.98999977111816,21.64999961853027,21.86000061035156,3290.0
2008-03-12,21.98999977111816,22.29999923706055,21.79999923706055,21.95000076293945,2449.0
2008-03-13,22.27000045776367,22.69000053405762,22.26000022888184,22.54999923706055,2801.0
2008-03-14,22.54999923706055,22.61000061035156,22.02000045776367,22.20999908447266,3777.0
2008-03-17,22.20000076293945,22.29000091552734,21.26000022888184,21.43000030517578,3642.0
2008-03-18,21.14999961853027,21.71999931335449,20.89999961853027,21.65999984741211,5428.0
2008-03-19,21.79000091552734,22.20000076293945,21.36000061035156,21.55999946594238,6806.0
2008-03-20,21.17000007629395,22.10000038146973,21.04999923706055,21.96999931335449,5080.0
2008-03-25,21.77000045776367,22.68000030517578,21.77000045776367,22.54000091552734,6578.0
2008-03-26,22.60000038146973,22.79000091552734,22.25,22.51000022888184,5059.0
2008-03-27,22.54999923706055,22.64999961853027,22.04999923706055,22.26000022888184,4908.0
2008-03-28,22.11000061035156,22.14999961853027,21.68000030517578,21.76000022888184,3567.0
2008-03-31,21.71999931335449,22.38999938964844,21.55999946594238,22.27000045776367,4147.0
2008-04-01,21.89999961853027,22.65999984741211,21.79999923706055,22.52000045776367,1755.0
2008-04-02,22.20999908447266,23.56999969482422,22.20999908447266,23.42000007629395,4667.0
2008-04-03,23.29999923706055,24.04999923706055,23.20999908447266,23.46999931335449,2725.0
2008-04-04,23.60000038146973,23.60000038146973,22.96999931335449,23.30999946594238,3386.0
2008-04-07,23.18000030517578,23.89999961853027,23.18000030517578,23.81999969482422,3517.0
2008-04-08,23.95000076293945,24.04999923706055,23.45999908447266,23.51000022888184,5058.0
2008-04-09,23.39999961853027,23.75,23.30999946594238,23.69000053405762,4772.0
2008-04-10,23.8700008392334,24.6200008392334,23.70999908447266,24.44000053405762,3865.0
2008-04-11,24.45000076293945,24.60000038146973,24.25,24.3799991607666,3497.0
2008-04-14,24.25,25.04999923706055,24.18000030517578,25.0,5206.0
2008-04-15,25.20000076293945,25.3799991607666,24.84000015258789,25.13999938964844,5597.0
2008-04-16,24.90999984741211,25.1200008392334,24.45000076293945,24.79999923706055,5763.0
2008-04-17,24.70000076293945,24.85000038146973,24.45999908447266,24.69000053405762,4652.0
2008-04-18,24.60000038146973,24.60000038146973,24.25,24.51000022888184,3058.0
2008-04-21,24.60000038146973,25.5,24.59000015258789,25.22999954223633,6390.0
2008-04-22,25.3799991607666,25.67000007629395,25.27000045776367,25.34000015258789,5308.0
2008-04-23,25.31999969482422,25.31999969482422,24.79999923706055,25.0,4218.0
2008-04-24,25.10000038146973,25.29000091552734,24.36000061035156,24.51000022888184,5045.0
2008-04-25,24.29000091552734,24.79999923706055,24.20000076293945,24.73999977111816,6482.0
2008-04-28,24.93000030517578,25.04999923706055,24.45000076293945,24.6299991607666,3875.0
2008-04-29,24.35000038146973,24.45000076293945,23.89999961853027,24.19000053405762,4257.0
2008-04-30,24.0,24.20000076293945,23.70000076293945,23.8799991607666,3872.0
2008-05-01,23.70999908447266,23.97999954223633,23.52000045776367,23.55999946594238,1959.0
2008-05-02,23.63999938964844,24.70000076293945,23.60000038146973,24.5,2576.0
2008-05-06,25.10000038146973,25.39999961853027,25.04999923706055,25.30999946594238,4926.0
2008-05-07,25.45000076293945,25.45000076293945,24.85000038146973,25.03000068664551,3022.0
2008-05-08,25.25,25.29999923706055,24.79999923706055,24.90999984741211,1985.0
2008-05-09,25.02000045776367,25.28000068664551,24.96999931335449,25.17000007629395,2183.0
2008-05-12,25.29999923706055,25.79999923706055,25.29999923706055,25.38999938964844,1984.0
2008-05-13,25.20000076293945,25.39999961853027,24.93000030517578,25.04000091552734,4913.0
2008-05-14,25.10000038146973,25.15999984741211,24.35000038146973,24.45999908447266,5241.0
2008-05-15,24.35000038146973,24.89999961853027,24.35000038146973,24.68000030517578,2593.0
2008-05-16,24.70000076293945,24.95000076293945,24.60000038146973,24.88999938964844,4660.0
2008-05-19,24.98999977111816,25.39999961853027,24.98999977111816,25.30999946594238,3752.0
2008-05-20,25.29999923706055,25.44000053405762,25.04999923706055,25.36000061035156,4051.0
2008-05-21,25.73999977111816,25.79000091552734,25.39999961853027,25.72999954223633,5158.0
2008-05-22,26.0,26.54999923706055,25.90999984741211,26.05999946594238,5244.0
2008-05-23,26.10000038146973,26.27000045776367,25.80999946594238,26.11000061035156,3733.0
2008-05-26,26.01000022888184,26.5,26.01000022888184,26.3799991607666,519.0
2008-05-27,26.39999961853027,26.68000030517578,26.21999931335449,26.34000015258789,4906.0
2008-05-28,26.07999992370605,26.3700008392334,25.92000007629395,26.19000053405762,5380.0
2008-05-29,26.39999961853027,26.85000038146973,26.17000007629395,26.59000015258789,4972.0
2008-05-30,26.1299991607666,26.18000030517578,25.86000061035156,26.10000038146973,6043.0
2008-06-02,26.10000038146973,26.5,25.88999938964844,26.34000015258789,7801.0
2008-06-03,26.3799991607666,27.25,26.20999908447266,27.1299991607666,10125.0
2008-06-04,27.0,27.0,26.56999969482422,26.60000038146973,5296.0
2008-06-05,26.35000038146973,26.65999984741211,26.26000022888184,26.44000053405762,4975.0
2008-06-06,27.20000076293945,27.57999992370605,26.96999931335449,27.54000091552734,8648.0
2008-06-09,28.06999969482422,28.45000076293945,27.35000038146973,27.48999977111816,6230.0
2008-06-10,27.29999923706055,27.39999961853027,26.89999961853027,27.20000076293945,7112.0
2008-06-11,27.0,27.60000038146973,26.77000045776367,27.31999969482422,5423.0
2008-06-12,27.5,27.78000068664551,27.11000061035156,27.15999984741211,8057.0
2008-06-13,27.54999923706055,27.56999969482422,26.95000076293945,27.0,3670.0
2008-06-16,26.95000076293945,27.5,26.64999961853027,27.1299991607666,5613.0
2008-06-17,27.0,27.38999938964844,26.89999961853027,27.23999977111816,3722.0
2008-06-18,27.10000038146973,27.70000076293945,26.89999961853027,27.5,4704.0
2008-06-19,27.75,28.09000015258789,27.45000076293945,27.63999938964844,6902.0
2008-06-20,27.5,27.5,27.25,27.40999984741211,3945.0
2008-06-23,27.59000015258789,27.81999969482422,27.54000091552734,27.77000045776367,3989.0
2008-06-24,27.8799991607666,27.97999954223633,27.55999946594238,27.78000068664551,4930.0
2008-06-25,27.82999992370605,28.06999969482422,27.45999908447266,27.59000015258789,5465.0
2008-06-26,27.6200008392334,28.0,27.29999923706055,27.8799991607666,7151.0
2008-06-27,27.45000076293945,28.60000038146973,27.45000076293945,28.34000015258789,6047.0
2008-06-30,28.70000076293945,28.8799991607666,28.60000038146973,28.77000045776367,4854.0
2008-07-01,28.78000068664551,29.39999961853027,28.70999908447266,29.32999992370605,5672.0
2008-07-02,29.60000038146973,29.69000053405762,26.81999969482422,27.98999977111816,11551.0
2008-07-03,28.72999954223633,28.89999961853027,27.35000038146973,27.45000076293945,9724.0
2008-07-04,27.5,28.07999992370605,27.25,27.63999938964844,4218.0
2008-07-07,27.70000076293945,27.77000045776367,27.09000015258789,27.51000022888184,6051.0
2008-07-08,27.64999961853027,27.64999961853027,25.64999961853027,25.79000091552734,9520.0
2008-07-09,25.75,26.40999984741211,25.54999923706055,26.02000045776367,8833.0
2008-07-10,25.75,27.0,25.20000076293945,26.68000030517578,12214.0
2008-07-11,27.48999977111816,27.72999954223633,27.25,27.45000076293945,9459.0
2008-07-14,27.60000038146973,27.64999961853027,26.81999969482422,27.26000022888184,4585.0
2008-07-15,27.29999923706055,27.45999908447266,25.79999923706055,26.31999969482422,6463.0
2008-07-16,26.39999961853027,26.6299991607666,24.60000038146973,25.03000068664551,7280.0
2008-07-17,25.54999923706055,25.8799991607666,24.6200008392334,25.76000022888184,8473.0
2008-07-18,24.55999946594238,24.98999977111816,24.20000076293945,24.5,7785.0
2008-07-21,24.64999961853027,25.04999923706055,24.39999961853027,24.48999977111816,6970.0
2008-07-22,24.79000091552734,25.20000076293945,24.43000030517578,24.67000007629395,8787.0
2008-07-23,24.5,24.89999961853027,24.30999946594238,24.73999977111816,6379.0
2008-07-24,24.60000038146973,25.32999992370605,24.5,25.13999938964844,7191.0
2008-07-25,25.5,25.60000038146973,24.89999961853027,24.94000053405762,3182.0
2008-07-28,24.95000076293945,24.95000076293945,24.14999961853027,24.40999984741211,4435.0
2008-07-29,24.70000076293945,24.70000076293945,23.45000076293945,23.6299991607666,4981.0
2008-07-30,23.5,23.69000053405762,22.36000061035156,22.70000076293945,7945.0
2008-07-31,23.45000076293945,23.89999961853027,21.75,22.05999946594238,7339.0
2008-08-01,21.39999961853027,21.98999977111816,20.70999908447266,21.3799991607666,8690.0
2008-08-04,21.35000038146973,21.79000091552734,20.70999908447266,21.20999908447266,5558.0
2008-08-05,20.71999931335449,21.85000038146973,20.40999984741211,21.67000007629395,9425.0
2008-08-06,21.60000038146973,22.70000076293945,21.5,22.26000022888184,8783.0
2008-08-07,22.39999961853027,23.25,22.36000061035156,22.81999969482422,5750.0
2008-08-08,22.85000038146973,23.38999938964844,22.29999923706055,22.61000061035156,4823.0
2008-08-11,22.88999938964844,23.06999969482422,22.47999954223633,22.64999961853027,2873.0
2008-08-12,22.30999946594238,23.60000038146973,22.29999923706055,23.30999946594238,5956.0
2008-08-13,23.29000091552734,24.04999923706055,23.29000091552734,23.67000007629395,6342.0
2008-08-14,23.82999992370605,24.39999961853027,23.31999969482422,23.43000030517578,5919.0
2008-08-15,23.36000061035156,23.39999961853027,23.01000022888184,23.19000053405762,2943.0
2008-08-18,23.48999977111816,23.8799991607666,23.48999977111816,23.59000015258789,3365.0
2008-08-19,23.36000061035156,23.85000038146973,23.36000061035156,23.72999954223633,3579.0
2008-08-20,23.89999961853027,24.75,23.80999946594238,24.42000007629395,6773.0
2008-08-21,24.8700008392334,25.10000038146973,24.53000068664551,24.71999931335449,5974.0
2008-08-22,24.79999923706055,24.95000076293945,24.45999908447266,24.57999992370605,2046.0
2008-08-25,24.29999923706055,24.55999946594238,24.29999923706055,24.3700008392334,665.0
2008-08-26,24.39999961853027,24.78000068664551,24.03000068664551,24.71999931335449,3575.0
2008-08-27,24.75,25.29999923706055,24.64999961853027,25.13999938964844,4347.0
2008-08-28,25.21999931335449,25.46999931335449,24.79999923706055,25.17000007629395,3174.0
2008-08-29,25.0,25.34000015258789,24.86000061035156,25.19000053405762,2872.0
2008-09-01,25.17000007629395,25.43000030517578,24.89999961853027,24.95999908447266,3513.0
2008-09-02,24.89999961853027,24.95000076293945,24.35000038146973,24.71999931335449,4862.0
2008-09-03,24.60000038146973,24.86000061035156,24.36000061035156,24.45000076293945,3256.0
2008-09-04,24.54999923706055,24.85000038146973,24.44000053405762,24.64999961853027,4865.0
2008-09-05,24.54999923706055,24.69000053405762,24.29999923706055,24.39999961853027,3526.0
2008-09-08,24.20000076293945,24.75,23.93000030517578,24.19000053405762,4208.0
2008-09-09,23.85000038146973,23.85000038146973,22.75,22.86000061035156,10168.0
2008-09-10,23.02000045776367,23.10000038146973,22.56999969482422,22.77000045776367,4708.0
2008-09-11,22.85000038146973,23.39999961853027,22.69000053405762,23.06999969482422,8759.0
2008-09-12,23.17000007629395,24.0,23.0,23.89999961853027,6097.0
2008-09-15,23.25,23.6299991607666,22.70000076293945,23.03000068664551,6182.0
2008-09-16,22.39999961853027,22.98999977111816,22.20999908447266,22.90999984741211,6983.0
2008-09-17,23.14999961853027,23.68000030517578,22.95999908447266,23.25,7497.0
2008-09-18,23.39999961853027,23.97999954223633,22.81999969482422,23.78000068664551,6899.0
2008-09-19,23.89999961853027,24.8700008392334,23.85000038146973,24.68000030517578,5574.0
2008-09-22,25.10000038146973,25.35000038146973,24.75,24.85000038146973,7235.0
2008-09-23,25.18000030517578,25.20999908447266,24.79999923706055,25.05999946594238,8562.0
2008-09-24,25.0,25.0,24.5,24.64999961853027,5792.0
2008-09-25,24.39999961853027,24.73999977111816,24.36000061035156,24.67000007629395,4558.0
2008-09-26,24.75,24.89999961853027,24.25,24.45000076293945,4537.0
2008-09-29,24.30999946594238,24.38999938964844,23.0,23.19000053405762,5834.0
2008-09-30,22.5,22.86000061035156,21.56999969482422,22.35000038146973,10453.0
2008-10-01,22.95000076293945,23.26000022888184,22.63999938964844,22.82999992370605,9444.0
2008-10-02,23.5,23.59000015258789,23.09000015258789,23.13999938964844,8178.0
2008-10-03,23.0,23.13999938964844,22.60000038146973,23.06999969482422,4080.0
2008-10-06,22.54999923706055,22.70000076293945,21.80999946594238,22.07999992370605,6776.0
2008-10-07,21.85000038146973,22.38999938964844,21.85000038146973,22.25,7357.0
2008-10-08,21.70000076293945,22.35000038146973,21.30999946594238,21.80999946594238,12001.0
2008-10-09,21.89999961853027,22.84000015258789,21.79999923706055,22.5,11704.0
2008-10-10,21.61000061035156,22.25,21.60000038146973,22.04000091552734,6467.0
2008-10-13,22.44000053405762,23.13999938964844,22.15999984741211,22.84000015258789,4862.0
2008-10-14,23.06999969482422,23.6200008392334,22.89999961853027,23.29000091552734,9285.0
2008-10-15,22.76000022888184,23.14999961853027,22.65999984741211,22.81999969482422,6381.0
2008-10-16,22.39999961853027,22.39999961853027,21.6200008392334,21.90999984741211,8058.0
2008-10-17,22.35000038146973,22.35000038146973,21.5,21.68000030517578,7009.0
2008-10-20,21.79999923706055,22.10000038146973,21.64999961853027,21.79999923706055,8993.0
2008-10-21,21.89999961853027,22.26000022888184,21.10000038146973,21.25,6481.0
2008-10-22,20.70000076293945,20.89999961853027,19.60000038146973,19.89999961853027,9285.0
2008-10-23,19.75,20.25,19.35000038146973,20.19000053405762,17672.0
2008-10-24,19.70000076293945,20.25,18.54999923706055,19.13999938964844,11159.0
2008-10-27,19.14999961853027,19.14999961853027,17.39999961853027,17.8700008392334,10356.0
2008-10-28,18.25,18.70000076293945,17.5,17.6299991607666,7584.0
2008-10-29,17.85000038146973,18.56999969482422,17.78000068664551,18.45000076293945,7415.0
2008-10-30,18.32999992370605,19.0,17.92000007629395,18.1200008392334,11776.0
2008-10-31,17.80999946594238,17.98999977111816,17.10000038146973,17.94000053405762,6260.0
2008-11-03,18.25,18.3799991607666,17.75,18.25,6696.0
2008-11-04,18.10000038146973,19.0,17.80999946594238,18.94000053405762,7062.0
2008-11-05,19.0,19.14999961853027,18.36000061035156,18.54000091552734,7322.0
2008-11-06,18.07999992370605,18.5,17.89999961853027,18.20000076293945,8964.0
2008-11-07,18.09000015258789,18.88999938964844,17.89999961853027,18.69000053405762,6575.0
2008-11-10,18.89999961853027,19.20000076293945,18.36000061035156,18.51000022888184,4996.0
2008-11-11,18.15999984741211,18.43000030517578,17.85000038146973,17.94000053405762,7414.0
2008-11-12,17.95000076293945,18.29000091552734,17.71999931335449,17.95000076293945,7401.0
2008-11-13,17.80999946594238,18.20000076293945,17.5,17.95000076293945,7393.0
2008-11-14,18.21999931335449,18.29999923706055,17.25,17.43000030517578,4902.0
2008-11-17,17.60000038146973,17.60000038146973,16.81999969482422,17.03000068664551,6928.0
2008-11-18,16.77000045776367,16.89999961853027,16.51000022888184,16.54999923706055,5153.0
2008-11-19,16.64999961853027,16.78000068664551,16.11000061035156,16.32999992370605,6514.0
2008-11-20,16.0,16.19000053405762,14.80000019073486,14.92000007629395,10315.0
2008-11-21,14.85999965667725,15.39999961853027,14.77999973297119,15.02999973297119,5368.0
2008-11-24,14.89999961853027,16.04999923706055,14.85999965667725,15.85999965667725,4599.0
2008-11-25,15.9399995803833,16.29999923706055,15.64999961853027,15.76000022888184,6447.0
2008-11-26,15.68000030517578,15.81999969482422,15.23999977111816,15.63000011444092,4401.0
2008-11-27,15.64999961853027,16.36000061035156,15.60000038146973,16.30999946594238,4631.0
2008-11-28,16.29999923706055,16.35000038146973,15.44999980926514,15.52000045776367,4525.0
2008-12-01,15.30000019073486,16.10000038146973,15.13000011444092,15.52999973297119,3712.0
2008-12-02,14.89999961853027,15.84000015258789,14.89999961853027,15.35999965667725,5026.0
2008-12-03,15.10000038146973,15.5,15.0,15.22000026702881,4462.0
2008-12-04,15.01000022888184,15.14999961853027,14.77000045776367,14.81999969482422,1826.0
2008-12-05,14.46000003814697,14.75,13.5,13.72000026702881,2414.0
2008-12-08,14.30000019073486,14.60000038146973,13.80000019073486,14.44999980926514,2816.0
2008-12-09,14.55000019073486,14.80000019073486,14.14999961853027,14.27999973297119,2418.0
2008-12-10,14.25,14.86999988555908,14.25,14.36999988555908,3052.0
2008-12-11,14.59000015258789,15.11999988555908,14.47000026702881,14.85999965667725,3214.0
2008-12-12,14.5,15.14999961853027,14.5,14.88000011444092,3786.0
2008-12-15,15.14999961853027,15.60000038146973,15.14999961853027,15.30000019073486,4610.0
2008-12-16,15.47000026702881,15.47000026702881,15.47000026702881,15.47000026702881,0.0
2008-12-17,15.64999961853027,15.64999961853027,15.64999961853027,15.47000026702881,10.0
2008-12-18,15.26000022888184,15.26000022888184,15.26000022888184,15.26000022888184,0.0
2008-12-19,15.28999996185303,15.28999996185303,15.28999996185303,15.28999996185303,0.0
2008-12-22,15.67000007629395,15.67000007629395,15.67000007629395,15.67000007629395,0.0
2008-12-23,16.01000022888184,16.01000022888184,16.01000022888184,15.35999965667725,1.0
2008-12-24,15.27999973297119,15.27999973297119,15.27999973297119,15.27999973297119,0.0
2008-12-26,15.27999973297119,15.27999973297119,15.27999973297119,15.27999973297119,0.0
2008-12-29,15.35999965667725,15.35999965667725,15.35999965667725,15.35999965667725,0.0
2008-12-30,15.56999969482422,15.56999969482422,15.56999969482422,15.56999969482422,0.0
2008-12-31,15.44999980926514,15.44999980926514,15.44999980926514,15.44999980926514,0.0
2009-01-02,15.10000038146973,15.10000038146973,15.10000038146973,15.10000038146973,0.0
2009-01-05,14.93000030517578,14.93000030517578,14.93000030517578,14.93000030517578,5.0
2009-01-06,15.27000045776367,15.27000045776367,15.27000045776367,15.27000045776367,0.0
2009-01-07,15.02000045776367,15.02000045776367,15.02000045776367,15.02000045776367,0.0
2009-01-08,15.05000019073486,15.05000019073486,15.0,14.32999992370605,21.0
2009-01-09,14.25,14.55000019073486,14.25,14.01000022888184,7.0
2009-01-12,13.75,13.75,13.39999961853027,13.51000022888184,84.0
2009-01-13,13.5,13.75,13.5,13.44999980926514,15.0
2009-01-14,13.69999980926514,13.69999980926514,13.35000038146973,12.97999954223633,10.0
2009-01-15,12.97000026702881,12.97000026702881,12.97000026702881,12.93000030517578,5.0
2009-01-16,12.43000030517578,12.43000030517578,12.43000030517578,12.31999969482422,10.0
2009-01-19,12.05000019073486,12.05000019073486,12.05000019073486,11.34000015258789,35.0
2009-01-20,11.23999977111816,11.23999977111816,11.23999977111816,11.23999977111816,0.0
2009-01-21,11.22000026702881,11.22000026702881,11.22000026702881,11.22000026702881,0.0
2009-01-22,11.47000026702881,11.47000026702881,11.47000026702881,11.47000026702881,0.0
2009-01-23,11.39999961853027,11.39999961853027,11.39999961853027,11.39999961853027,50.0
2009-01-26,11.89999961853027,11.89999961853027,11.89999961853027,11.77999973297119,7.0
2009-01-27,11.73999977111816,11.73999977111816,11.73999977111816,11.63000011444092,930.0
2009-01-28,11.4399995803833,11.4399995803833,11.4399995803833,11.4399995803833,310.0
2009-01-29,11.77999973297119,11.77999973297119,11.77999973297119,11.60999965667725,25.0
2009-01-30,11.69999980926514,11.69999980926514,11.69999980926514,11.56999969482422,3.0
2009-02-02,11.06999969482422,11.06999969482422,11.06999969482422,11.01000022888184,5.0
2009-02-03,10.77000045776367,10.77000045776367,10.77000045776367,10.35999965667725,5.0
2009-02-04,10.18000030517578,10.18000030517578,10.18000030517578,10.18000030517578,0.0
2009-02-05,10.5,10.5,10.42000007629395,9.97000026702881,8.0
2009-02-06,9.86999988555908,9.86999988555908,9.86999988555908,9.86999988555908,200.0
2009-02-09,9.94999980926514,9.94999980926514,9.94999980926514,9.90999984741211,5.0
2009-02-10,9.17000007629395,9.17000007629395,9.17000007629395,9.17000007629395,0.0
2009-02-11,8.35000038146973,8.35000038146973,8.35000038146973,8.35000038146973,0.0
2009-02-12,8.0600004196167,8.0600004196167,8.0600004196167,8.0600004196167,0.0
2009-02-13,8.44999980926514,8.44999980926514,8.44999980926514,8.44999980926514,5.0
2009-02-16,8.27000045776367,8.27000045776367,8.27000045776367,8.27000045776367,0.0
2009-02-17,8.5,8.60999965667725,8.5,8.47999954223633,11.0
2009-02-18,9.09000015258789,9.60000038146973,8.69999980926514,9.52000045776367,62.0
2009-02-19,10.30000019073486,10.64999961853027,10.30000019073486,10.60000038146973,85.0
2009-02-20,9.76000022888184,9.76000022888184,9.76000022888184,9.76000022888184,0.0
2009-02-23,9.4399995803833,9.4399995803833,9.4399995803833,9.4399995803833,0.0
2009-02-24,9.1899995803833,9.1899995803833,9.1899995803833,9.1899995803833,0.0
2009-02-25,9.56999969482422,9.56999969482422,9.56999969482422,9.56999969482422,0.0
2009-02-26,10.43000030517578,10.43000030517578,10.43000030517578,10.43000030517578,0.0
2009-02-27,9.96000003814697,9.96000003814697,9.96000003814697,9.96000003814697,0.0
2009-03-02,9.94999980926514,9.94999980926514,9.94999980926514,9.94999980926514,0.0
2009-03-03,10.5,10.5600004196167,10.5,10.80000019073486,61.0
2009-03-04,11.64999961853027,11.85000038146973,11.31999969482422,11.47000026702881,15.0
2009-03-05,11.10999965667725,11.10999965667725,11.10999965667725,11.10999965667725,0.0
2009-03-06,10.64999961853027,10.64999961853027,10.64999961853027,10.64999961853027,0.0
2009-03-09,10.88000011444092,11.51000022888184,10.5,11.48999977111816,187.0
2009-03-10,11.52999973297119,11.60000038146973,11.52999973297119,11.77999973297119,160.0
2009-03-11,11.35000038146973,11.5,11.35000038146973,11.48999977111816,10.0
2009-03-12,11.25,11.60000038146973,11.25,11.60000038146973,271.0
2009-03-13,12.03999996185303,12.05000019073486,11.89999961853027,12.05000019073486,25.0
2009-03-16,11.90999984741211,11.90999984741211,11.90999984741211,12.27999973297119,5.0
2009-03-17,12.64999961853027,12.64999961853027,12.64999961853027,12.64999961853027,0.0
2009-03-18,11.97000026702881,11.97000026702881,11.97000026702881,11.97000026702881,0.0
2009-03-19,11.36999988555908,11.36999988555908,11.36999988555908,11.36999988555908,1650.0
2009-03-20,10.96000003814697,10.96000003814697,10.96000003814697,10.96000003814697,1700.0
2009-03-23,11.61999988555908,11.61999988555908,11.61999988555908,11.61999988555908,0.0
2009-03-24,11.25,11.25,11.19999980926514,10.96000003814697,215.0
2009-03-25,10.25,10.35000038146973,10.05000019073486,10.30000019073486,2449.0
2009-03-26,10.61999988555908,10.61999988555908,10.61999988555908,10.61999988555908,693.0
2009-03-27,10.64999961853027,10.89999961853027,10.5,10.89999961853027,2211.0
2009-03-30,10.85000038146973,10.85000038146973,10.85000038146973,10.89000034332275,25.0
2009-03-31,11.44999980926514,11.44999980926514,11.44999980926514,11.44999980926514,0.0
2009-04-01,11.89999961853027,11.89999961853027,11.89999961853027,11.89999961853027,0.0
2009-04-02,11.78999996185303,11.78999996185303,11.78999996185303,11.78999996185303,0.0
2009-04-03,12.18000030517578,12.18000030517578,12.18000030517578,12.18000030517578,0.0
2009-04-06,12.38000011444092,12.38000011444092,12.38000011444092,12.38000011444092,0.0
2009-04-07,12.11999988555908,12.11999988555908,12.11999988555908,12.11999988555908,0.0
2009-04-08,12.5600004196167,12.5600004196167,12.5600004196167,12.5600004196167,0.0
2009-04-09,13.0600004196167,13.0600004196167,13.0600004196167,13.0600004196167,0.0
2009-04-13,13.0600004196167,13.0600004196167,13.0600004196167,13.0600004196167,0.0
2009-04-14,13.89999961853027,13.89999961853027,13.89999961853027,13.89999961853027,0.0
2009-04-15,13.55000019073486,13.55000019073486,13.55000019073486,13.55000019073486,0.0
2009-04-16,13.67000007629395,13.67000007629395,13.67000007629395,13.67000007629395,0.0
2009-04-17,13.60000038146973,13.60000038146973,13.60000038146973,13.60000038146973,25.0
2009-04-20,12.86999988555908,12.86999988555908,12.86999988555908,12.86999988555908,0.0
2009-04-21,12.94999980926514,12.94999980926514,12.94999980926514,12.94999980926514,0.0
2009-04-22,13.31999969482422,13.31999969482422,13.31999969482422,13.31999969482422,0.0
2009-04-23,13.19999980926514,13.19999980926514,13.19999980926514,13.19999980926514,0.0
2009-04-24,13.5,13.5,13.5,13.5,0.0
2009-04-27,13.28999996185303,13.28999996185303,13.28999996185303,13.28999996185303,0.0
2009-04-28,13.17000007629395,13.17000007629395,13.17000007629395,13.17000007629395,0.0
2009-04-29,13.46000003814697,13.46000003814697,13.46000003814697,13.46000003814697,0.0
2009-04-30,13.92000007629395,13.92000007629395,13.92000007629395,13.92000007629395,0.0
2009-05-01,14.14999961853027,14.14999961853027,14.14999961853027,14.14999961853027,0.0
2009-05-04,14.51000022888184,14.51000022888184,14.51000022888184,14.51000022888184,0.0
2009-05-05,13.89999961853027,13.89999961853027,13.89999961853027,13.89999961853027,0.0
2009-05-06,14.27000045776367,14.27000045776367,14.27000045776367,14.27000045776367,0.0
2009-05-07,14.57999992370605,14.57999992370605,14.57999992370605,14.57999992370605,0.0
2009-05-08,15.22999954223633,15.22999954223633,15.22999954223633,15.22999954223633,0.0
2009-05-11,15.63000011444092,15.63000011444092,15.63000011444092,15.63000011444092,0.0
2009-05-12,14.86999988555908,14.86999988555908,14.86999988555908,14.86999988555908,0.0
2009-05-13,14.44999980926514,14.44999980926514,14.44999980926514,14.44999980926514,0.0
2009-05-14,14.15999984741211,14.15999984741211,14.15999984741211,14.15999984741211,0.0
2009-05-15,13.8100004196167,13.8100004196167,13.8100004196167,13.8100004196167,0.0
2009-05-18,14.09000015258789,14.09000015258789,14.09000015258789,14.09000015258789,0.0
2009-05-19,14.34000015258789,14.34000015258789,14.34000015258789,14.34000015258789,0.0
2009-05-20,14.96000003814697,14.96000003814697,14.96000003814697,14.96000003814697,0.0
2009-05-21,14.75,14.75,14.75,14.75,0.0
2009-05-22,14.89000034332275,14.89000034332275,14.89000034332275,14.89000034332275,0.0
2009-05-25,14.89000034332275,14.89000034332275,14.89000034332275,14.89000034332275,0.0
2009-05-26,14.73999977111816,14.73999977111816,14.73999977111816,14.73999977111816,0.0
2009-05-27,14.94999980926514,14.94999980926514,14.94999980926514,14.94999980926514,0.0
2009-05-28,14.92000007629395,14.92000007629395,14.92000007629395,14.92000007629395,0.0
2009-05-29,14.64999961853027,14.64999961853027,14.64999961853027,14.64999961853027,0.0
2009-06-01,14.93000030517578,14.93000030517578,14.93000030517578,14.93000030517578,0.0
2009-06-02,14.71000003814697,14.71000003814697,14.71000003814697,14.71000003814697,0.0
2009-06-03,14.10000038146973,14.10000038146973,14.10000038146973,14.10000038146973,0.0
2009-06-04,14.01000022888184,14.01000022888184,14.01000022888184,14.01000022888184,0.0
2009-06-05,13.89000034332275,13.89000034332275,13.89000034332275,13.89000034332275,0.0
2009-06-08,13.13000011444092,13.13000011444092,13.13000011444092,13.13000011444092,0.0
2009-06-09,12.98999977111816,12.98999977111816,12.98999977111816,12.98999977111816,0.0
2009-06-10,13.11999988555908,13.11999988555908,13.11999988555908,13.11999988555908,0.0
2009-06-11,13.22000026702881,13.22000026702881,13.22000026702881,13.22000026702881,0.0
2009-06-12,12.85000038146973,12.85000038146973,12.85000038146973,12.85000038146973,0.0
2009-06-15,12.1899995803833,12.1899995803833,12.1899995803833,12.1899995803833,0.0
2009-06-16,12.76000022888184,12.76000022888184,12.76000022888184,12.76000022888184,0.0
2009-06-17,12.72999954223633,12.72999954223633,12.72999954223633,12.72999954223633,0.0
2009-06-18,12.68000030517578,12.68000030517578,12.68000030517578,12.68000030517578,0.0
2009-06-19,13.14999961853027,13.14999961853027,13.14999961853027,13.14999961853027,0.0
2009-06-22,12.77999973297119,12.77999973297119,12.77999973297119,12.77999973297119,0.0
2009-06-23,12.85000038146973,12.85000038146973,12.85000038146973,12.85000038146973,0.0
2009-06-24,13.14999961853027,13.14999961853027,13.14999961853027,13.14999961853027,0.0
2009-06-25,13.31999969482422,13.31999969482422,13.31999969482422,13.31999969482422,0.0
2009-06-26,13.25,13.25,13.25,13.25,0.0
2009-06-29,13.40999984741211,13.40999984741211,13.40999984741211,13.40999984741211,0.0
2009-06-30,13.14999961853027,13.14999961853027,13.14999961853027,13.14999961853027,0.0
2009-07-01,13.13000011444092,13.13000011444092,13.13000011444092,13.13000011444092,0.0
2009-07-02,13.02000045776367,13.02000045776367,13.02000045776367,13.02000045776367,0.0
2009-07-03,12.96000003814697,12.96000003814697,12.96000003814697,12.96000003814697,0.0
2009-07-06,12.97999954223633,12.97999954223633,12.97999954223633,12.97999954223633,0.0
2009-07-07,13.10000038146973,13.10000038146973,13.10000038146973,13.10000038146973,0.0
2009-07-08,13.35000038146973,13.35000038146973,13.35000038146973,13.35000038146973,0.0
2009-07-09,13.72999954223633,13.72999954223633,13.72999954223633,13.72999954223633,0.0
2009-07-10,13.93000030517578,13.93000030517578,13.93000030517578,13.93000030517578,0.0
2009-07-13,14.60999965667725,14.60999965667725,14.60999965667725,14.60999965667725,0.0
2009-07-14,14.1899995803833,14.1899995803833,14.1899995803833,14.1899995803833,0.0
2009-07-15,14.44999980926514,14.44999980926514,14.44999980926514,14.44999980926514,0.0
2009-07-16,14.47000026702881,14.47000026702881,14.47000026702881,14.47000026702881,0.0
2009-07-17,14.02000045776367,14.02000045776367,14.02000045776367,14.02000045776367,0.0
2009-07-20,14.09000015258789,14.09000015258789,14.09000015258789,14.09000015258789,0.0
2009-07-21,14.4399995803833,14.4399995803833,14.4399995803833,14.4399995803833,0.0
2009-07-22,14.35000038146973,14.35000038146973,14.35000038146973,14.35000038146973,0.0
2009-07-23,14.39000034332275,14.39000034332275,14.39000034332275,14.39000034332275,10.0
2009-07-24,14.27000045776367,14.27000045776367,14.27000045776367,14.27000045776367,0.0
2009-07-27,14.07999992370605,14.07999992370605,14.07999992370605,14.07999992370605,0.0
2009-07-28,13.73999977111816,13.73999977111816,13.73999977111816,13.73999977111816,0.0
2009-07-29,13.5600004196167,13.5600004196167,13.5600004196167,13.5600004196167,0.0
2009-07-30,13.67000007629395,13.67000007629395,13.67000007629395,13.67000007629395,0.0
2009-07-31,13.65999984741211,13.65999984741211,13.65999984741211,13.65999984741211,0.0
2009-08-03,14.36999988555908,14.36999988555908,14.36999988555908,14.36999988555908,0.0
2009-08-04,14.53999996185303,14.53999996185303,14.53999996185303,14.53999996185303,0.0
2009-08-05,14.27999973297119,14.27999973297119,14.27999973297119,14.27999973297119,0.0
2009-08-06,14.30000019073486,14.30000019073486,14.30000019073486,14.30000019073486,0.0
2009-08-07,14.26000022888184,14.26000022888184,14.26000022888184,14.26000022888184,0.0
2009-08-10,14.13000011444092,14.13000011444092,14.13000011444092,14.13000011444092,0.0
2009-08-11,14.09000015258789,14.09000015258789,14.09000015258789,14.09000015258789,0.0
2009-08-12,14.28999996185303,14.28999996185303,14.28999996185303,14.28999996185303,0.0
2009-08-13,14.27999973297119,14.27999973297119,14.27999973297119,14.27999973297119,0.0
2009-08-14,14.31999969482422,14.31999969482422,14.31999969482422,14.31999969482422,10.0
2009-08-17,14.43000030517578,14.43000030517578,14.43000030517578,14.43000030517578,10.0
2009-08-18,14.71000003814697,14.71000003814697,14.71000003814697,14.71000003814697,0.0
2009-08-19,14.85999965667725,14.85999965667725,14.85999965667725,14.85999965667725,0.0
2009-08-20,15.05000019073486,15.10000038146973,15.05000019073486,15.06999969482422,300.0
2009-08-21,15.31999969482422,15.31999969482422,15.31999969482422,15.31999969482422,0.0
2009-08-24,15.30000019073486,15.30000019073486,15.30000019073486,15.14000034332275,50.0
2009-08-25,15.14999961853027,15.14999961853027,15.14999961853027,15.14999961853027,0.0
2009-08-26,15.14000034332275,15.14000034332275,15.14000034332275,15.14000034332275,0.0
2009-08-27,15.10000038146973,15.10000038146973,15.10000038146973,15.10000038146973,0.0
2009-08-28,15.13000011444092,15.13000011444092,15.13000011444092,15.13000011444092,0.0
2009-08-31,14.89000034332275,14.89000034332275,14.89000034332275,14.89000034332275,0.0
2009-09-01,14.77000045776367,14.77000045776367,14.77000045776367,14.77000045776367,0.0
2009-09-02,14.98999977111816,14.98999977111816,14.98999977111816,14.98999977111816,0.0
2009-09-03,15.31999969482422,15.31999969482422,15.31999969482422,15.31999969482422,0.0
2009-09-04,15.18000030517578,15.18000030517578,15.18000030517578,15.18000030517578,0.0
2009-09-07,15.28999996185303,15.28999996185303,15.28999996185303,15.28999996185303,0.0
2009-09-08,15.42000007629395,15.42000007629395,15.42000007629395,15.42000007629395,0.0
2009-09-09,15.11999988555908,15.11999988555908,15.11999988555908,15.11999988555908,0.0
2009-09-10,15.05000019073486,15.05000019073486,15.05000019073486,15.05000019073486,0.0
2009-09-11,14.52999973297119,14.52999973297119,14.52999973297119,14.52999973297119,0.0
2009-09-14,13.85999965667725,13.85999965667725,13.85999965667725,13.85999965667725,0.0
2009-09-15,14.22999954223633,14.22999954223633,14.22999954223633,14.22999954223633,0.0
2009-09-16,14.01000022888184,14.01000022888184,14.01000022888184,14.01000022888184,0.0
2009-09-17,13.5600004196167,13.5600004196167,13.5600004196167,13.5600004196167,0.0
2009-09-18,13.60000038146973,13.60000038146973,13.60000038146973,13.60000038146973,0.0
2009-09-21,13.80000019073486,13.89999961853027,13.80000019073486,13.89999961853027,143.0
2009-09-22,13.67000007629395,13.67000007629395,13.67000007629395,13.67000007629395,0.0
2009-09-23,13.44999980926514,13.44999980926514,13.10000038146973,13.28999996185303,207.0
2009-09-24,12.75,12.75,12.75,12.75,0.0
2009-09-25,13.0600004196167,13.0600004196167,13.0600004196167,13.0600004196167,45.0
2009-09-28,13.4399995803833,13.4399995803833,13.4399995803833,13.4399995803833,0.0
2009-09-29,13.5,13.53999996185303,13.03999996185303,13.10000038146973,11668.0
2009-09-30,13.19999980926514,13.39000034332275,12.89999961853027,13.35999965667725,11877.0
2009-10-01,13.44999980926514,13.46000003814697,13.1899995803833,13.22000026702881,12158.0
2009-10-02,13.06999969482422,13.18000030517578,12.96000003814697,13.05000019073486,6629.0
2009-10-05,12.94999980926514,13.23999977111816,12.92000007629395,13.11999988555908,5798.0
2009-10-06,13.25,13.80000019073486,13.25,13.72999954223633,12189.0
2009-10-07,13.8100004196167,13.94999980926514,13.57999992370605,13.60999965667725,11222.0
2009-10-08,13.6899995803833,13.78999996185303,13.25,13.42000007629395,12394.0
2009-10-09,13.5,13.86999988555908,13.27000045776367,13.77999973297119,8427.0
2009-10-12,13.93000030517578,14.38000011444092,13.77999973297119,14.27999973297119,11041.0
2009-10-13,14.27999973297119,14.52000045776367,14.11999988555908,14.31999969482422,10754.0
2009-10-14,14.5,14.8100004196167,14.42000007629395,14.4399995803833,9103.0
2009-10-15,14.46000003814697,14.47000026702881,14.10999965667725,14.22000026702881,7841.0
2009-10-16,14.27000045776367,14.39999961853027,14.02000045776367,14.14000034332275,7599.0
2009-10-18,14.15499973297119,14.15499973297119,14.15499973297119,14.15499973297119,0.0
2009-10-19,14.23999977111816,14.5,14.09000015258789,14.4399995803833,5773.0
2009-10-20,14.53999996185303,14.80000019073486,14.5,14.57999992370605,11283.0
2009-10-21,14.64999961853027,15.03999996185303,14.47000026702881,14.97000026702881,11949.0
2009-10-22,15.01000022888184,15.03999996185303,14.39999961853027,14.46000003814697,14115.0
2009-10-23,14.5,14.73999977111816,14.31999969482422,14.39000034332275,9548.0
2009-10-25,14.39000034332275,14.39000034332275,14.39000034332275,14.39000034332275,0.0
2009-10-26,14.3100004196167,14.53999996185303,14.19999980926514,14.34000015258789,6925.0
2009-10-27,14.30000019073486,14.47000026702881,14.17000007629395,14.26000022888184,9608.0
2009-10-28,14.35999965667725,14.35999965667725,14.11999988555908,14.23999977111816,8135.0
2009-10-29,14.06999969482422,14.77000045776367,14.06999969482422,14.75,9935.0
2009-10-30,14.77000045776367,14.89999961853027,14.52000045776367,14.53999996185303,8311.0
2009-11-01,14.5649995803833,14.5649995803833,14.5649995803833,14.5649995803833,0.0
2009-11-02,14.71000003814697,14.71000003814697,14.39000034332275,14.53999996185303,7204.0
2009-11-03,14.52999973297119,14.55000019073486,14.30000019073486,14.39000034332275,8639.0
2009-11-04,14.5,14.5,14.27999973297119,14.35999965667725,6752.0
2009-11-05,14.35000038146973,14.44999980926514,14.18000030517578,14.36999988555908,8467.0
2009-11-06,14.44999980926514,14.47000026702881,13.94999980926514,13.97000026702881,9897.0
2009-11-08,13.96500015258789,13.96500015258789,13.96500015258789,13.96500015258789,0.0
2009-11-09,14.05000019073486,14.05000019073486,13.60000038146973,13.86999988555908,11942.0
2009-11-10,13.71000003814697,13.94999980926514,13.5600004196167,13.72000026702881,12559.0
2009-11-11,13.69999980926514,13.69999980926514,13.47999954223633,13.52000045776367,8872.0
2009-11-12,13.46000003814697,13.52999973297119,13.17000007629395,13.3100004196167,12233.0
2009-11-13,13.3100004196167,13.46000003814697,13.25,13.40999984741211,7402.0
2009-11-15,13.41499996185303,13.41499996185303,13.41499996185303,13.41499996185303,0.0
2009-11-16,13.35000038146973,13.75,13.35000038146973,13.73999977111816,8207.0
2009-11-17,13.77999973297119,13.77999973297119,13.31999969482422,13.35000038146973,9076.0
2009-11-18,13.47000026702881,13.51000022888184,13.30000019073486,13.5,7512.0
2009-11-19,13.51000022888184,13.55000019073486,13.26000022888184,13.39000034332275,7505.0
2009-11-20,13.39000034332275,13.44999980926514,12.97999954223633,13.06999969482422,8596.0
2009-11-22,13.09500026702881,13.09500026702881,13.09500026702881,13.09500026702881,0.0
2009-11-23,13.09000015258789,13.15999984741211,12.97999954223633,13.10000038146973,10375.0
2009-11-24,13.05000019073486,13.05000019073486,12.5,12.63000011444092,11918.0
2009-11-25,12.64000034332275,12.92000007629395,12.47000026702881,12.88000011444092,9439.0
2009-11-26,12.8100004196167,13.22000026702881,12.80000019073486,12.93000030517578,9943.0
2009-11-27,12.93000030517578,13.21000003814697,12.51000022888184,13.18000030517578,9972.0
2009-11-29,13.16499996185303,13.16499996185303,13.16499996185303,13.16499996185303,0.0
2009-11-30,13.18000030517578,13.27000045776367,12.97000026702881,13.14000034332275,8328.0
2009-12-01,13.27000045776367,13.5,12.97000026702881,13.48999977111816,8378.0
2009-12-02,13.43000030517578,13.67000007629395,13.36999988555908,13.56999969482422,5819.0
2009-12-03,13.5,14.02000045776367,13.5,13.85000038146973,7598.0
2009-12-04,13.84000015258789,14.15999984741211,13.75,14.11999988555908,4319.0
2009-12-06,14.11999988555908,14.11999988555908,14.11999988555908,14.11999988555908,0.0
2009-12-07,14.10000038146973,14.77999973297119,14.10000038146973,14.76000022888184,7665.0
2009-12-08,14.76000022888184,14.93000030517578,14.05000019073486,14.09000015258789,8383.0
2009-12-09,14.06999969482422,14.28999996185303,13.94999980926514,14.17000007629395,8082.0
2009-12-10,14.10000038146973,14.36999988555908,14.0,14.17000007629395,7045.0
2009-12-11,14.10999965667725,14.44999980926514,14.10999965667725,14.35999965667725,7532.0
2009-12-13,14.39000034332275,14.39000034332275,14.39000034332275,14.39000034332275,0.0
2009-12-14,14.35000038146973,14.72000026702881,14.34000015258789,14.36999988555908,4278.0
2009-12-15,14.47999954223633,14.47999954223633,14.47999954223633,14.47000026702881,1.0
2009-12-16,14.30000019073486,14.30000019073486,14.30000019073486,14.17000007629395,1.0
2009-12-17,13.5,13.60000038146973,13.5,13.40999984741211,2.0
2009-12-18,13.39000034332275,13.39000034332275,13.39000034332275,13.39000034332275,0.0
2009-12-20,13.59500026702881,13.59500026702881,13.59500026702881,13.59500026702881,0.0
2009-12-21,12.25,12.25,12.25,12.25,0.0
2009-12-22,12.48999977111816,12.48999977111816,12.48999977111816,12.48999977111816,0.0
2009-12-23,12.77999973297119,12.77999973297119,12.77999973297119,12.77999973297119,0.0
2009-12-24,12.55000019073486,12.55000019073486,12.55000019073486,12.55000019073486,0.0
2009-12-25,12.73999977111816,12.73999977111816,12.73999977111816,12.73999977111816,0.0
2009-12-28,12.55000019073486,12.55000019073486,12.55000019073486,12.55000019073486,0.0
2009-12-29,12.4399995803833,12.4399995803833,12.4399995803833,12.4399995803833,0.0
2009-12-30,12.44999980926514,12.44999980926514,12.44999980926514,12.44999980926514,0.0
2009-12-31,12.3100004196167,12.3100004196167,12.3100004196167,12.3100004196167,0.0
2010-01-01,12.52000045776367,12.52000045776367,12.52000045776367,12.52000045776367,0.0
2010-01-04,12.90999984741211,12.90999984741211,12.90999984741211,12.90999984741211,0.0
2010-01-05,12.52000045776367,12.52000045776367,12.52000045776367,12.52000045776367,0.0
2010-01-06,12.22000026702881,12.22000026702881,12.22000026702881,12.22000026702881,0.0
2010-01-07,12.56999969482422,12.56999969482422,12.56999969482422,12.56999969482422,0.0
2010-01-08,12.81999969482422,12.81999969482422,12.81999969482422,12.81999969482422,0.0
2010-01-11,13.0,13.0,13.0,13.0,0.0
2010-01-12,12.71000003814697,12.71000003814697,12.71000003814697,12.71000003814697,0.0
2010-01-13,12.9399995803833,12.9399995803833,12.9399995803833,12.9399995803833,0.0
2010-01-14,13.4399995803833,13.4399995803833,13.4399995803833,13.4399995803833,0.0
2010-01-15,13.22999954223633,13.22999954223633,13.22999954223633,13.22999954223633,0.0
2010-01-18,13.55000019073486,13.55000019073486,13.55000019073486,13.55000019073486,0.0
2010-01-19,13.63000011444092,13.63000011444092,13.63000011444092,13.63000011444092,0.0
2010-01-20,13.21000003814697,13.21000003814697,13.21000003814697,13.21000003814697,0.0
2010-01-21,13.06999969482422,13.06999969482422,13.06999969482422,13.06999969482422,0.0
2010-01-22,12.97000026702881,12.97000026702881,12.97000026702881,12.97000026702881,0.0
2010-01-25,13.27999973297119,13.27999973297119,13.27999973297119,13.27999973297119,0.0
2010-01-26,13.46000003814697,13.46000003814697,13.46000003814697,13.46000003814697,0.0
2010-01-27,13.48999977111816,13.48999977111816,13.48999977111816,13.25,1.0
2010-01-28,12.98999977111816,12.98999977111816,12.98999977111816,12.98999977111816,0.0
2010-01-29,12.71000003814697,12.71000003814697,12.71000003814697,12.71000003814697,0.0
2010-01-31,12.85000038146973,12.85000038146973,12.85000038146973,12.85000038146973,0.0
2010-02-01,12.56999969482422,12.56999969482422,12.56999969482422,12.56999969482422,0.0
2010-02-02,12.59000015258789,12.59000015258789,12.59000015258789,12.59000015258789,0.0
2010-02-03,12.59000015258789,12.59000015258789,12.59000015258789,12.59000015258789,500.0
2010-02-04,13.0600004196167,13.0600004196167,13.0600004196167,13.0600004196167,0.0
2010-02-05,13.10999965667725,13.10999965667725,13.10999965667725,13.10999965667725,0.0
2010-02-08,13.60000038146973,13.60000038146973,13.60000038146973,13.60000038146973,0.0
2010-02-09,13.40999984741211,13.40999984741211,13.40999984741211,13.40999984741211,50.0
2010-02-10,13.11999988555908,13.11999988555908,13.11999988555908,13.11999988555908,0.0
2010-02-11,13.0600004196167,13.0600004196167,13.0600004196167,13.0600004196167,0.0
2010-02-12,12.81999969482422,12.81999969482422,12.81999969482422,12.81999969482422,0.0
2010-02-15,13.0,13.0,13.0,13.0,0.0
2010-02-16,13.15999984741211,13.15999984741211,13.15999984741211,13.15999984741211,0.0
2010-02-17,13.19999980926514,13.19999980926514,13.19999980926514,12.78999996185303,6.0
2010-02-18,12.82999992370605,12.82999992370605,12.82999992370605,12.82999992370605,0.0
2010-02-19,12.35999965667725,12.35999965667725,12.35999965667725,12.35999965667725,10.0
2010-02-22,12.63000011444092,12.63000011444092,12.63000011444092,12.63000011444092,0.0
2010-02-23,12.57999992370605,12.57999992370605,12.57999992370605,12.57999992370605,0.0
2010-02-24,12.92000007629395,12.92000007629395,12.92000007629395,12.92000007629395,0.0
2010-02-25,12.76000022888184,12.76000022888184,12.76000022888184,12.76000022888184,0.0
2010-02-26,12.85999965667725,12.85999965667725,12.85999965667725,12.85999965667725,0.0
2010-03-01,13.1899995803833,13.1899995803833,13.1899995803833,13.1899995803833,0.0
2010-03-02,13.15999984741211,13.15999984741211,13.15999984741211,13.15999984741211,0.0
2010-03-03,13.39999961853027,13.39999961853027,13.39999961853027,13.39999961853027,0.0
2010-03-04,12.97999954223633,12.97999954223633,12.97999954223633,12.97999954223633,0.0
2010-03-05,13.15999984741211,13.15999984741211,13.15999984741211,13.15999984741211,0.0
2010-03-08,12.96000003814697,12.96000003814697,12.96000003814697,12.96000003814697,0.0
2010-03-09,12.98999977111816,12.98999977111816,12.98999977111816,12.98999977111816,0.0
2010-03-10,13.09000015258789,13.09000015258789,13.09000015258789,13.09000015258789,72.0
2010-03-11,12.85000038146973,12.85000038146973,12.85000038146973,12.85000038146973,72.0
2010-03-12,12.76000022888184,12.76000022888184,12.76000022888184,12.76000022888184,0.0
2010-03-15,12.92000007629395,12.92000007629395,12.92000007629395,12.92000007629395,0.0
2010-03-16,12.84000015258789,12.84000015258789,12.84000015258789,12.84000015258789,0.0
2010-03-17,12.88000011444092,12.88000011444092,12.88000011444092,12.88000011444092,0.0
2010-03-18,12.94999980926514,12.94999980926514,12.94999980926514,12.94999980926514,0.0
2010-03-19,12.96000003814697,12.96000003814697,12.96000003814697,12.96000003814697,1.0
2010-03-22,12.97000026702881,12.97000026702881,12.97000026702881,12.97000026702881,0.0
2010-03-23,12.78999996185303,12.78999996185303,12.78999996185303,12.78999996185303,0.0
2010-03-24,12.67000007629395,12.67000007629395,12.67000007629395,12.67000007629395,0.0
2010-03-25,12.55000019073486,12.55000019073486,12.55000019073486,12.55000019073486,0.0
2010-03-26,12.8100004196167,12.8100004196167,12.8100004196167,12.8100004196167,0.0
2010-03-29,12.67000007629395,12.67000007629395,12.67000007629395,12.67000007629395,0.0
2010-03-30,12.72999954223633,12.72999954223633,12.72999954223633,12.72999954223633,0.0
2010-03-31,12.71000003814697,12.71000003814697,12.71000003814697,12.71000003814697,0.0
2010-04-01,12.97999954223633,12.97999954223633,12.97999954223633,12.97999954223633,0.0
2010-04-05,12.97999954223633,12.97999954223633,12.97999954223633,12.97999954223633,0.0
2010-04-06,13.32999992370605,13.32999992370605,13.32999992370605,13.32999992370605,0.0
2010-04-07,13.42000007629395,13.42000007629395,13.42000007629395,13.42000007629395,0.0
2010-04-08,13.44999980926514,13.44999980926514,13.44999980926514,13.44999980926514,0.0
2010-04-09,13.59000015258789,13.59000015258789,13.59000015258789,13.59000015258789,0.0
2010-04-12,13.60000038146973,13.60000038146973,13.60000038146973,13.60000038146973,0.0
2010-04-13,13.59000015258789,13.59000015258789,13.59000015258789,13.59000015258789,0.0
2010-04-14,14.10999965667725,14.10999965667725,14.10999965667725,14.10999965667725,0.0
2010-04-15,14.03999996185303,14.03999996185303,14.03999996185303,14.03999996185303,40.0
2010-04-16,14.3100004196167,14.3100004196167,14.3100004196167,14.3100004196167,0.0
2010-04-19,14.47000026702881,14.47000026702881,14.47000026702881,14.47000026702881,150.0
2010-04-20,14.63000011444092,14.63000011444092,14.63000011444092,14.63000011444092,0.0
2010-04-21,14.56999969482422,14.56999969482422,14.56999969482422,14.56999969482422,0.0
2010-04-22,14.56999969482422,14.56999969482422,14.56999969482422,14.56999969482422,0.0
2010-04-23,14.85000038146973,14.85000038146973,14.85000038146973,14.85000038146973,0.0
2010-04-26,15.48999977111816,15.48999977111816,15.48999977111816,15.48999977111816,0.0
2010-04-27,15.14999961853027,15.14999961853027,15.14999961853027,15.14999961853027,0.0
2010-04-28,14.88000011444092,14.88000011444092,14.88000011444092,14.88000011444092,0.0
2010-04-29,15.25,15.25,15.25,15.25,0.0
2010-04-30,15.84000015258789,15.84000015258789,15.84000015258789,15.84000015258789,0.0
2010-05-03,16.42000007629395,16.42000007629395,16.42000007629395,16.42000007629395,0.0
2010-05-04,15.81999969482422,15.81999969482422,15.81999969482422,15.81999969482422,0.0
2010-05-05,15.88000011444092,15.88000011444092,15.88000011444092,15.88000011444092,0.0
2010-05-06,16.06999969482422,16.06999969482422,16.06999969482422,16.06999969482422,0.0
2010-05-07,15.42000007629395,15.42000007629395,15.42000007629395,15.42000007629395,0.0
2010-05-10,15.14000034332275,15.14000034332275,15.14000034332275,15.14000034332275,0.0
2010-05-11,15.56999969482422,15.56999969482422,15.56999969482422,15.56999969482422,0.0
2010-05-12,15.61999988555908,15.61999988555908,15.61999988555908,15.61999988555908,0.0
2010-05-13,15.72999954223633,15.72999954223633,15.72999954223633,15.72999954223633,0.0
2010-05-14,15.5600004196167,15.5600004196167,15.5600004196167,15.5600004196167,100.0
2010-05-17,15.01000022888184,15.01000022888184,15.01000022888184,15.01000022888184,0.0
2010-05-18,15.19999980926514,15.19999980926514,15.19999980926514,15.19999980926514,0.0
2010-05-19,14.63000011444092,14.63000011444092,14.63000011444092,14.63000011444092,0.0
2010-05-20,14.60999965667725,14.60999965667725,14.60999965667725,14.60999965667725,0.0
2010-05-21,14.76000022888184,14.76000022888184,14.76000022888184,14.76000022888184,0.0
2010-05-24,15.32999992370605,15.32999992370605,15.32999992370605,15.32999992370605,0.0
2010-05-25,15.10999965667725,15.10999965667725,15.10999965667725,15.10999965667725,0.0
2010-05-26,15.60999965667725,15.60999965667725,15.60999965667725,15.60999965667725,0.0
2010-05-27,15.39999961853027,15.39999961853027,15.39999961853027,15.39999961853027,0.0
2010-05-28,15.02000045776367,15.02000045776367,15.02000045776367,15.02000045776367,0.0
2010-05-31,15.02000045776367,15.02000045776367,15.02000045776367,15.02000045776367,0.0
2010-06-01,15.05000019073486,15.05000019073486,15.05000019073486,15.05000019073486,0.0
2010-06-02,15.18000030517578,15.18000030517578,15.18000030517578,15.18000030517578,0.0
2010-06-03,15.17000007629395,15.17000007629395,15.17000007629395,15.17000007629395,0.0
2010-06-04,15.25,15.25,15.25,15.25,0.0
2010-06-07,15.13000011444092,15.13000011444092,15.13000011444092,15.13000011444092,0.0
2010-06-08,15.60000038146973,15.60000038146973,15.60000038146973,15.60000038146973,0.0
2010-06-09,15.67000007629395,15.67000007629395,15.67000007629395,15.67000007629395,0.0
2010-06-10,15.36999988555908,15.36999988555908,15.36999988555908,15.36999988555908,0.0
2010-06-11,15.52999973297119,15.52999973297119,15.52999973297119,15.52999973297119,0.0
2010-06-14,15.76000022888184,15.76000022888184,15.76000022888184,15.76000022888184,0.0
2010-06-15,15.64000034332275,15.64000034332275,15.64000034332275,15.64000034332275,0.0
2010-06-16,15.42000007629395,15.42000007629395,15.42000007629395,15.42000007629395,0.0
2010-06-17,15.55000019073486,15.55000019073486,15.55000019073486,15.5600004196167,1.0
2010-06-18,15.61999988555908,15.61999988555908,15.61999988555908,15.61999988555908,0.0
2010-06-21,15.69999980926514,15.69999980926514,15.69999980926514,15.69999980926514,0.0
2010-06-22,15.19999980926514,15.19999980926514,15.19999980926514,15.19999980926514,0.0
2010-06-23,15.22999954223633,15.22999954223633,15.22999954223633,15.22999954223633,0.0
2010-06-24,15.10999965667725,15.10999965667725,15.10999965667725,15.10999965667725,20.0
2010-06-25,15.27999973297119,15.27999973297119,15.27999973297119,15.27999973297119,0.0
2010-06-28,15.28999996185303,15.28999996185303,15.28999996185303,15.28999996185303,1.0
2010-06-29,15.14999961853027,15.14999961853027,15.14999961853027,15.14999961853027,100.0
2010-06-30,15.1899995803833,15.1899995803833,15.1899995803833,15.1899995803833,0.0
2010-07-01,15.18000030517578,15.18000030517578,15.18000030517578,15.18000030517578,100.0
2010-07-02,15.28999996185303,15.28999996185303,15.28999996185303,15.28999996185303,0.0
2010-07-04,15.35000038146973,15.35000038146973,15.35000038146973,15.35000038146973,0.0
2010-07-05,15.28999996185303,15.28999996185303,15.28999996185303,15.28999996185303,0.0
2010-07-06,15.07999992370605,15.07999992370605,15.07999992370605,15.07999992370605,0.0
2010-07-07,14.73999977111816,14.73999977111816,14.73999977111816,14.73999977111816,0.0
2010-07-08,14.28999996185303,14.28999996185303,14.28999996185303,14.28999996185303,0.0
2010-07-09,14.55000019073486,14.55000019073486,14.55000019073486,14.55000019073486,0.0
2010-07-11,14.66499996185303,14.66499996185303,14.66499996185303,14.66499996185303,0.0
2010-07-12,13.98999977111816,13.98999977111816,13.98999977111816,13.98999977111816,0.0
2010-07-13,13.77000045776367,13.77000045776367,13.77000045776367,13.77000045776367,0.0
2010-07-14,13.9399995803833,13.9399995803833,13.9399995803833,13.9399995803833,10.0
2010-07-15,13.88000011444092,13.88000011444092,13.88000011444092,13.88000011444092,0.0
2010-07-16,14.1899995803833,14.1899995803833,14.1899995803833,14.1899995803833,0.0
2010-07-18,14.28499984741211,14.28499984741211,14.28499984741211,14.28499984741211,0.0
2010-07-19,14.47999954223633,14.47999954223633,14.47999954223633,14.47999954223633,0.0
2010-07-20,14.15999984741211,14.15999984741211,14.15999984741211,14.15999984741211,0.0
2010-07-21,13.86999988555908,13.86999988555908,13.86999988555908,13.86999988555908,0.0
2010-07-22,14.18000030517578,14.18000030517578,14.18000030517578,14.18000030517578,0.0
2010-07-23,13.9399995803833,13.9399995803833,13.9399995803833,13.9399995803833,0.0
2010-07-25,13.98999977111816,13.98999977111816,13.98999977111816,13.98999977111816,0.0
2010-07-26,13.46000003814697,13.46000003814697,13.46000003814697,13.46000003814697,0.0
2010-07-27,13.64999961853027,13.64999961853027,13.64999961853027,13.64999961853027,0.0
2010-07-28,13.69999980926514,13.69999980926514,13.69999980926514,13.69999980926514,0.0
2010-07-29,13.94999980926514,13.94999980926514,13.94999980926514,13.94999980926514,0.0
2010-07-30,14.07999992370605,14.07999992370605,14.07999992370605,14.07999992370605,0.0
2010-08-01,14.14000034332275,14.14000034332275,14.14000034332275,14.14000034332275,0.0
2010-08-02,14.43000030517578,14.43000030517578,14.43000030517578,14.43000030517578,0.0
2010-08-03,14.36999988555908,14.36999988555908,14.36999988555908,14.36999988555908,0.0
2010-08-04,14.27000045776367,14.27000045776367,14.27000045776367,14.27000045776367,0.0
2010-08-05,14.27999973297119,14.27999973297119,14.27999973297119,14.27999973297119,0.0
2010-08-06,14.17000007629395,14.17000007629395,14.17000007629395,14.17000007629395,0.0
2010-08-08,14.24499988555908,14.24499988555908,14.24499988555908,14.24499988555908,0.0
2010-08-09,14.51000022888184,14.51000022888184,14.51000022888184,14.51000022888184,0.0
2010-08-10,14.4399995803833,14.4399995803833,14.4399995803833,14.4399995803833,0.0
2010-08-11,14.34000015258789,14.34000015258789,14.34000015258789,14.34000015258789,0.0
2010-08-12,14.35999965667725,14.35999965667725,14.35999965667725,14.35999965667725,0.0
2010-08-13,14.42000007629395,14.42000007629395,14.42000007629395,14.42000007629395,0.0
2010-08-15,14.47999954223633,14.47999954223633,14.47999954223633,14.47999954223633,0.0
2010-08-16,14.34000015258789,14.34000015258789,14.34000015258789,14.34000015258789,0.0
2010-08-17,14.42000007629395,14.42000007629395,14.42000007629395,14.42000007629395,0.0
2010-08-18,14.32999992370605,14.32999992370605,14.32999992370605,14.32999992370605,0.0
2010-08-19,14.85000038146973,14.85000038146973,14.85000038146973,14.85000038146973,0.0
2010-08-20,15.0,15.0,15.0,15.0,0.0
2010-08-22,15.09000015258789,15.09000015258789,15.09000015258789,15.09000015258789,0.0
2010-08-23,14.76000022888184,14.76000022888184,14.76000022888184,14.76000022888184,0.0
2010-08-24,14.89999961853027,14.89999961853027,14.89999961853027,14.89999961853027,0.0
2010-08-25,15.31999969482422,15.31999969482422,15.31999969482422,15.31999969482422,0.0
2010-08-26,15.18000030517578,15.18000030517578,15.18000030517578,15.18000030517578,0.0
2010-08-27,15.22000026702881,15.22000026702881,15.22000026702881,15.22000026702881,0.0
2010-08-29,15.3149995803833,15.3149995803833,15.3149995803833,15.3149995803833,0.0
2010-08-30,15.39000034332275,15.39000034332275,15.39000034332275,15.39000034332275,0.0
2010-08-31,15.22000026702881,15.22000026702881,15.22000026702881,15.22000026702881,0.0
2010-09-01,15.34000015258789,15.34000015258789,15.34000015258789,15.34000015258789,0.0
2010-09-02,15.72999954223633,15.72999954223633,15.72999954223633,15.72999954223633,0.0
2010-09-03,15.6899995803833,15.6899995803833,15.6899995803833,15.6899995803833,0.0
2010-09-05,15.75500011444092,15.75500011444092,15.75500011444092,15.75500011444092,0.0
2010-09-06,15.67000007629395,15.67000007629395,15.67000007629395,15.67000007629395,0.0
2010-09-07,15.6899995803833,15.6899995803833,15.6899995803833,15.6899995803833,0.0
2010-09-08,15.5600004196167,15.5600004196167,15.5600004196167,15.5600004196167,0.0
2010-09-09,15.46000003814697,15.46000003814697,15.46000003814697,15.46000003814697,0.0
2010-09-10,15.22999954223633,15.22999954223633,15.22999954223633,15.22999954223633,0.0
2010-09-12,15.30500030517578,15.30500030517578,15.30500030517578,15.30500030517578,0.0
2010-09-13,15.25,15.25,15.25,15.25,0.0
2010-09-14,15.22000026702881,15.22000026702881,15.22000026702881,15.22000026702881,0.0
2010-09-15,15.36999988555908,15.36999988555908,15.36999988555908,15.36999988555908,0.0
2010-09-16,15.21000003814697,15.21000003814697,15.21000003814697,15.21000003814697,0.0
2010-09-17,15.26000022888184,15.26000022888184,15.26000022888184,15.26000022888184,0.0
2010-09-20,14.97000026702881,14.97000026702881,14.97000026702881,14.97000026702881,0.0
2010-09-21,14.86999988555908,14.86999988555908,14.86999988555908,14.86999988555908,0.0
2010-09-22,14.98999977111816,14.98999977111816,14.98999977111816,14.98999977111816,0.0
2010-09-23,14.82999992370605,14.82999992370605,14.82999992370605,14.82999992370605,0.0
2010-09-24,15.02999973297119,15.02999973297119,15.02999973297119,15.22999954223633,10.0
2010-09-27,15.31999969482422,15.31999969482422,15.31999969482422,15.31999969482422,0.0
2010-09-28,15.39000034332275,15.76000022888184,15.22000026702881,15.67000007629395,11318.0
2010-09-29,15.69999980926514,15.75,15.55000019073486,15.64999961853027,6808.0
2010-09-30,15.60000038146973,15.64999961853027,15.35000038146973,15.40999984741211,8721.0
2010-10-01,15.36999988555908,15.47999954223633,15.22999954223633,15.35999965667725,6133.0
2010-10-04,15.30000019073486,15.36999988555908,15.21000003814697,15.27000045776367,5976.0
2010-10-05,15.30000019073486,15.59000015258789,15.27999973297119,15.56999969482422,7288.0
2010-10-06,15.57999992370605,15.60999965667725,15.43000030517578,15.56999969482422,7821.0
2010-10-07,15.60000038146973,15.61999988555908,15.39999961853027,15.47000026702881,9754.0
2010-10-08,15.48999977111816,15.57999992370605,15.40999984741211,15.56999969482422,5903.0
2010-10-11,15.68000030517578,15.89999961853027,15.60000038146973,15.84000015258789,10090.0
2010-10-12,15.85999965667725,15.86999988555908,15.60000038146973,15.75,13015.0
2010-10-13,15.5,15.82999992370605,15.35000038146973,15.63000011444092,6914.0
2010-10-14,15.59000015258789,15.6899995803833,15.46000003814697,15.53999996185303,8285.0
2010-10-15,15.5,15.5600004196167,15.43000030517578,15.44999980926514,4673.0
2010-10-18,15.4399995803833,15.5,15.25,15.38000011444092,8251.0
2010-10-19,15.39999961853027,15.43000030517578,15.0,15.02999973297119,14131.0
2010-10-20,15.0,15.18000030517578,14.90999984741211,15.14999961853027,9776.0
2010-10-21,15.13000011444092,15.19999980926514,14.77999973297119,14.85999965667725,12259.0
2010-10-22,14.89000034332275,15.10999965667725,14.82999992370605,15.06999969482422,9459.0
2010-10-25,15.10000038146973,15.21000003814697,15.09000015258789,15.15999984741211,7280.0
2010-10-26,15.14999961853027,15.17000007629395,14.96000003814697,15.0,7847.0
2010-10-27,15.10999965667725,15.1899995803833,14.92000007629395,15.10000038146973,10038.0
2010-10-28,15.06999969482422,15.07999992370605,14.84000015258789,14.90999984741211,10730.0
2010-10-29,14.89999961853027,14.90999984741211,14.59000015258789,14.63000011444092,8396.0
2010-11-01,14.59000015258789,14.72000026702881,14.52999973297119,14.6899995803833,6035.0
2010-11-02,14.64999961853027,14.77000045776367,14.64999961853027,14.71000003814697,6419.0
2010-11-03,14.76000022888184,14.88000011444092,14.64000034332275,14.6899995803833,6710.0
2010-11-04,14.67000007629395,14.71000003814697,14.34000015258789,14.38000011444092,15735.0
2010-11-05,14.38000011444092,14.53999996185303,14.35000038146973,14.51000022888184,8229.0
2010-11-08,14.5,14.53999996185303,14.15999984741211,14.23999977111816,11667.0
2010-11-09,14.21000003814697,14.32999992370605,14.14999961853027,14.30000019073486,6097.0
2010-11-10,14.31999969482422,14.53999996185303,14.28999996185303,14.48999977111816,8813.0
2010-11-11,14.52000045776367,14.85000038146973,14.52000045776367,14.84000015258789,12507.0
2010-11-12,14.75,15.01000022888184,14.67000007629395,14.89999961853027,11698.0
2010-11-15,14.94999980926514,15.13000011444092,14.9399995803833,15.10999965667725,10255.0
2010-11-16,15.10999965667725,15.10999965667725,14.60999965667725,14.63000011444092,10516.0
2010-11-17,14.72999954223633,14.94999980926514,14.5600004196167,14.88000011444092,10296.0
2010-11-18,14.82999992370605,15.05000019073486,14.82999992370605,14.9399995803833,11101.0
2010-11-19,14.96000003814697,15.09000015258789,14.8100004196167,14.96000003814697,10854.0
2010-11-22,14.98999977111816,15.15999984741211,14.94999980926514,15.07999992370605,10343.0
2010-11-23,15.0,15.13000011444092,14.85000038146973,15.02000045776367,9969.0
2010-11-24,15.0,15.18000030517578,14.9399995803833,15.14999961853027,11879.0
2010-11-25,15.15999984741211,15.36999988555908,15.0600004196167,15.07999992370605,10382.0
2010-11-26,15.02000045776367,15.09000015258789,14.89000034332275,15.07999992370605,7374.0
2010-11-29,15.0,15.06999969482422,14.81999969482422,14.94999980926514,8725.0
2010-11-30,14.94999980926514,14.94999980926514,14.52999973297119,14.76000022888184,11788.0
2010-12-01,14.69999980926514,14.88000011444092,14.6899995803833,14.84000015258789,7942.0
2010-12-02,14.77999973297119,15.06999969482422,14.61999988555908,14.67000007629395,10431.0
2010-12-03,14.80000019073486,14.89000034332275,14.61999988555908,14.75,5764.0
2010-12-06,14.89000034332275,14.9399995803833,14.8100004196167,14.86999988555908,9550.0
2010-12-07,14.82999992370605,14.89000034332275,14.69999980926514,14.78999996185303,8990.0
2010-12-08,14.93000030517578,14.93000030517578,14.63000011444092,14.67000007629395,6592.0
2010-12-09,14.64999961853027,14.64999961853027,14.47000026702881,14.52999973297119,8828.0
2010-12-10,14.5,14.60000038146973,14.35000038146973,14.59000015258789,8735.0
2010-12-12,14.59500026702881,14.59500026702881,14.59500026702881,14.59500026702881,0.0
2010-12-13,14.64999961853027,14.82999992370605,14.48999977111816,14.52999973297119,8186.0
2010-12-14,14.65999984741211,14.65999984741211,14.42000007629395,14.46000003814697,6047.0
2010-12-15,14.60000038146973,14.60000038146973,14.21000003814697,14.34000015258789,9046.0
2010-12-16,14.32999992370605,14.42000007629395,14.25,14.26000022888184,16367.0
2010-12-17,14.21000003814697,14.3100004196167,13.97000026702881,13.97999954223633,8037.0
2010-12-20,13.85000038146973,14.05000019073486,13.69999980926514,13.89999961853027,4578.0
2010-12-21,13.96000003814697,13.96000003814697,13.96000003814697,13.96000003814697,0.0
2010-12-22,14.10000038146973,14.10000038146973,14.10000038146973,14.10000038146973,0.0
2010-12-23,13.85999965667725,13.85999965667725,13.85999965667725,13.85999965667725,0.0
2010-12-24,13.86999988555908,13.86999988555908,13.86999988555908,13.86999988555908,0.0
2010-12-29,14.0600004196167,14.0600004196167,14.0600004196167,14.0600004196167,0.0
2010-12-30,13.9399995803833,13.9399995803833,13.9399995803833,13.9399995803833,0.0
2010-12-31,14.02000045776367,14.02000045776367,14.02000045776367,14.02000045776367,0.0
2011-01-03,14.02000045776367,14.02000045776367,14.02000045776367,14.02000045776367,0.0
2011-01-04,14.21000003814697,14.21000003814697,14.21000003814697,14.21000003814697,0.0
2011-01-05,14.3100004196167,14.3100004196167,14.3100004196167,14.3100004196167,0.0
2011-01-06,14.47000026702881,14.47000026702881,14.47000026702881,14.47000026702881,0.0
2011-01-07,14.40999984741211,14.40999984741211,14.40999984741211,14.40999984741211,0.0
2011-01-10,14.01000022888184,14.01000022888184,14.01000022888184,14.01000022888184,0.0
2011-01-11,14.09000015258789,14.09000015258789,14.09000015258789,14.09000015258789,0.0
2011-01-12,14.02999973297119,14.02999973297119,14.02999973297119,14.02999973297119,30.0
2011-01-13,14.0600004196167,14.0600004196167,14.0600004196167,14.0600004196167,0.0
2011-01-14,14.27000045776367,14.27000045776367,14.27000045776367,14.27000045776367,0.0
2011-01-17,14.35000038146973,14.35000038146973,14.35000038146973,14.34000015258789,2.0
2011-01-18,14.39000034332275,14.39000034332275,14.39000034332275,14.39000034332275,27.0
2011-01-19,14.15999984741211,14.15999984741211,14.15999984741211,14.15999984741211,0.0
2011-01-20,14.14999961853027,14.14999961853027,14.14999961853027,14.14999961853027,20.0
2011-01-21,14.26000022888184,14.26000022888184,14.26000022888184,14.26000022888184,0.0
2011-01-23,14.48999977111816,14.48999977111816,14.48999977111816,14.48999977111816,0.0
2011-01-24,14.36999988555908,14.36999988555908,14.36999988555908,14.36999988555908,0.0
2011-01-25,14.68000030517578,14.68000030517578,14.68000030517578,14.68000030517578,0.0
2011-01-26,14.6899995803833,14.6899995803833,14.6899995803833,14.6899995803833,14.0
2011-01-27,14.51000022888184,14.51000022888184,14.51000022888184,14.51000022888184,0.0
2011-01-28,14.53999996185303,14.53999996185303,14.53999996185303,14.53999996185303,0.0
2011-01-31,14.76000022888184,14.76000022888184,14.76000022888184,14.76000022888184,0.0
2011-02-01,14.64000034332275,14.64000034332275,14.64000034332275,14.64000034332275,0.0
2011-02-02,14.76000022888184,14.76000022888184,14.76000022888184,14.76000022888184,0.0
2011-02-03,14.47000026702881,14.47000026702881,14.47000026702881,14.47000026702881,0.0
2011-02-04,14.48999977111816,14.48999977111816,14.48999977111816,14.48999977111816,0.0
2011-02-07,14.42000007629395,14.42000007629395,14.42000007629395,14.42000007629395,0.0
2011-02-08,14.48999977111816,14.48999977111816,14.48999977111816,14.48999977111816,0.0
2011-02-09,14.46000003814697,14.46000003814697,14.46000003814697,14.46000003814697,0.0
2011-02-10,14.47000026702881,14.47000026702881,14.47000026702881,14.47000026702881,0.0
2011-02-11,14.67000007629395,14.67000007629395,14.67000007629395,14.67000007629395,43.0
2011-02-14,14.67000007629395,14.67000007629395,14.67000007629395,14.67000007629395,40.0
2011-02-15,14.56999969482422,14.56999969482422,14.56999969482422,14.56999969482422,120.0
2011-02-16,14.39000034332275,14.39000034332275,14.39000034332275,14.46000003814697,1.0
2011-02-17,14.55000019073486,14.63000011444092,14.53999996185303,14.59000015258789,530.0
2011-02-18,14.59000015258789,14.64999961853027,14.57999992370605,14.63000011444092,752.0
2011-02-21,15.03999996185303,15.03999996185303,15.03999996185303,15.03999996185303,0.0
2011-02-22,15.02000045776367,15.02000045776367,15.02000045776367,15.02000045776367,1150.0
2011-02-23,14.96000003814697,14.96000003814697,14.96000003814697,14.96000003814697,1050.0
2011-02-24,14.89999961853027,15.05000019073486,14.89999961853027,15.05000019073486,17.0
2011-02-25,15.21000003814697,15.21000003814697,15.21000003814697,15.21000003814697,0.0
2011-02-28,15.11999988555908,15.11999988555908,15.05000019073486,15.30000019073486,23.0
2011-03-01,15.27999973297119,15.27999973297119,15.27999973297119,15.27999973297119,0.0
2011-03-02,15.0600004196167,15.23999977111816,15.0600004196167,15.19999980926514,50.0
2011-03-03,15.25,15.25,15.10000038146973,15.17000007629395,16.0
2011-03-04,15.17000007629395,15.25,15.17000007629395,15.5,270.0
2011-03-07,15.25,15.38000011444092,15.25,15.39000034332275,72.0
2011-03-08,15.14999961853027,15.25,15.14999961853027,15.3100004196167,40.0
2011-03-09,15.5,15.5,15.30000019073486,15.35999965667725,518.0
2011-03-10,15.3100004196167,15.31999969482422,15.14999961853027,15.30000019073486,160.0
2011-03-11,15.28999996185303,15.34000015258789,15.19999980926514,15.30000019073486,513.0
2011-03-14,15.60000038146973,16.05999946594238,15.60000038146973,16.02000045776367,412.0
2011-03-15,16.38999938964844,16.85000038146973,16.10000038146973,16.67000007629395,605.0
2011-03-16,17.14999961853027,17.20000076293945,16.51000022888184,16.70999908447266,1109.0
2011-03-17,16.95000076293945,16.95000076293945,16.35000038146973,16.28000068664551,722.0
2011-03-18,16.60000038146973,16.67000007629395,16.25,16.76000022888184,368.0
2011-03-21,16.54999923706055,16.75,16.43000030517578,16.35000038146973,1129.0
2011-03-22,16.34000015258789,16.47999954223633,16.29000091552734,16.42000007629395,2659.0
2011-03-23,16.53000068664551,16.57999992370605,16.38999938964844,16.42000007629395,1930.0
2011-03-24,16.35000038146973,16.38999938964844,15.98999977111816,16.05999946594238,1275.0
2011-03-25,16.10000038146973,16.31999969482422,16.10000038146973,16.32999992370605,2201.0
2011-03-28,16.56999969482422,16.77000045776367,16.55999946594238,16.79000091552734,3582.0
2011-03-29,16.69000053405762,16.69000053405762,16.69000053405762,16.69000053405762,0.0
2011-03-30,17.02000045776367,17.02000045776367,16.60000038146973,16.65999984741211,45.0
2011-03-31,16.73999977111816,16.79999923706055,16.73999977111816,16.8799991607666,30.0
2011-04-01,16.75,16.75,16.75,16.75,0.0
2011-04-04,16.82999992370605,16.82999992370605,16.82999992370605,16.82999992370605,0.0
2011-04-05,16.54999923706055,16.60000038146973,16.54999923706055,16.6200008392334,23.0
2011-04-06,16.85000038146973,16.85000038146973,16.70000076293945,16.73999977111816,105.0
2011-04-07,16.70000076293945,16.70000076293945,16.60000038146973,16.57999992370605,48.0
2011-04-08,16.60000038146973,16.60000038146973,16.60000038146973,16.60000038146973,0.0
2011-04-11,16.36000061035156,16.36000061035156,16.36000061035156,16.36000061035156,0.0
2011-04-12,16.20000076293945,16.20000076293945,16.20000076293945,16.20000076293945,150.0
2011-04-13,16.20000076293945,16.26000022888184,16.20000076293945,16.25,97.0
2011-04-14,16.25,16.39999961853027,16.25,16.3799991607666,292.0
2011-04-15,16.45000076293945,16.70000076293945,16.39999961853027,16.69000053405762,152.0
2011-04-18,16.29999923706055,16.29999923706055,16.29999923706055,16.29999923706055,5.0
2011-04-19,16.17000007629395,16.36000061035156,16.17000007629395,16.40999984741211,86.0
2011-04-20,16.6200008392334,16.6200008392334,16.6200008392334,16.6200008392334,0.0
2011-04-21,16.51000022888184,16.51000022888184,16.51000022888184,16.5,10.0
2011-04-22,16.8700008392334,16.8700008392334,16.8700008392334,16.8700008392334,0.0
2011-04-26,16.52000045776367,16.52000045776367,16.52000045776367,16.52000045776367,0.0
2011-04-27,16.52000045776367,16.60000038146973,16.52000045776367,16.61000061035156,50.0
2011-04-28,16.70000076293945,16.75,16.70000076293945,16.77000045776367,113.0
2011-04-29,16.64999961853027,16.64999961853027,16.6200008392334,16.70000076293945,50.0
2011-05-02,16.60000038146973,16.6200008392334,16.60000038146973,17.03000068664551,40.0
2011-05-03,16.79999923706055,16.79999923706055,16.79999923706055,16.80999946594238,109.0
2011-05-04,16.81999969482422,16.81999969482422,16.73999977111816,16.70000076293945,151.0
2011-05-05,16.75,16.75,16.5,16.57999992370605,156.0
2011-05-06,16.45000076293945,16.5,16.45000076293945,16.65999984741211,44.0
2011-05-09,17.20000076293945,17.20000076293945,16.60000038146973,16.6299991607666,192.0
2011-05-10,16.60000038146973,16.60000038146973,16.5,16.55999946594238,241.0
2011-05-11,16.54999923706055,16.54999923706055,16.43000030517578,16.44000053405762,139.0
2011-05-12,16.45000076293945,16.45000076293945,16.45000076293945,16.52000045776367,8.0
2011-05-13,16.54999923706055,16.65999984741211,16.54999923706055,16.3799991607666,312.0
2011-05-16,16.54999923706055,16.54999923706055,16.54999923706055,16.54999923706055,0.0
2011-05-17,16.20999908447266,16.20999908447266,16.20999908447266,16.20999908447266,0.0
2011-05-18,16.19000053405762,16.19000053405762,16.19000053405762,16.19000053405762,0.0
2011-05-19,16.11000061035156,16.11000061035156,16.11000061035156,16.11000061035156,0.0
2011-05-20,15.98999977111816,15.98999977111816,15.98999977111816,15.98999977111816,0.0
2011-05-23,15.8100004196167,15.8100004196167,15.8100004196167,15.8100004196167,0.0
2011-05-24,16.0,16.0,16.0,16.04999923706055,255.0
2011-05-25,15.89999961853027,16.04999923706055,15.89999961853027,16.04999923706055,1182.0
2011-05-26,16.07999992370605,16.1299991607666,16.04999923706055,16.04999923706055,2095.0
2011-05-27,16.1200008392334,16.54000091552734,16.1200008392334,16.60000038146973,328.0
2011-05-31,16.8799991607666,16.93000030517578,16.64999961853027,16.69000053405762,724.0
2011-06-01,16.73999977111816,16.73999977111816,16.45000076293945,16.51000022888184,360.0
2011-06-02,16.35000038146973,16.52000045776367,16.25,16.45999908447266,269.0
2011-06-03,16.56999969482422,16.60000038146973,16.36000061035156,16.53000068664551,233.0
2011-06-06,16.43000030517578,16.43000030517578,16.43000030517578,16.38999938964844,42.0
2011-06-07,16.36000061035156,16.43000030517578,16.36000061035156,16.35000038146973,1146.0
2011-06-08,16.22999954223633,16.29999923706055,16.20999908447266,16.20999908447266,409.0
2011-06-09,16.29999923706055,16.29999923706055,16.20000076293945,16.3799991607666,143.0
2011-06-10,16.3799991607666,16.3799991607666,16.28000068664551,16.3700008392334,219.0
2011-06-13,16.29999923706055,16.40999984741211,16.29999923706055,16.39999961853027,480.0
2011-06-14,16.23999977111816,16.25,16.20999908447266,16.20999908447266,387.0
2011-06-15,16.03000068664551,16.04999923706055,15.94999980926514,15.97999954223633,1029.0
2011-06-16,15.8100004196167,15.8100004196167,15.80000019073486,15.81999969482422,240.0
2011-06-17,15.65999984741211,15.68000030517578,15.55000019073486,15.39999961853027,625.0
2011-06-20,15.15999984741211,15.15999984741211,15.05000019073486,15.02000045776367,53.0
2011-06-21,15.17000007629395,15.17000007629395,14.05000019073486,14.55000019073486,382.0
2011-06-22,14.6899995803833,14.69999980926514,14.5,14.53999996185303,761.0
2011-06-23,13.89999961853027,13.89999961853027,13.89999961853027,13.14999961853027,616.0
2011-06-24,13.32999992370605,13.32999992370605,13.25,12.06999969482422,475.0
2011-06-27,12.22000026702881,12.90999984741211,12.10000038146973,12.76000022888184,343.0
2011-06-28,12.8100004196167,13.1899995803833,12.8100004196167,13.31999969482422,6.0
2011-06-29,12.82999992370605,12.82999992370605,12.82999992370605,12.82999992370605,0.0
2011-06-30,13.06999969482422,13.14000034332275,13.06999969482422,13.35999965667725,5.0
2011-07-01,13.10999965667725,13.10999965667725,13.10999965667725,13.10999965667725,0.0
2011-07-04,13.23999977111816,13.23999977111816,13.23999977111816,13.23999977111816,0.0
2011-07-05,13.35000038146973,13.35000038146973,13.30000019073486,13.38000011444092,9.0
2011-07-06,13.01000022888184,13.01000022888184,13.01000022888184,13.01000022888184,0.0
2011-07-07,13.02000045776367,13.02000045776367,12.76000022888184,12.85000038146973,20.0
2011-07-08,12.31999969482422,12.5,12.31999969482422,12.53999996185303,100.0
2011-07-11,11.98999977111816,12.05000019073486,11.85000038146973,11.9399995803833,33.0
2011-07-12,11.59000015258789,11.64999961853027,11.59000015258789,12.25,92.0
2011-07-13,11.85000038146973,11.94999980926514,11.80000019073486,11.84000015258789,27.0
2011-07-14,12.10000038146973,12.19999980926514,12.10000038146973,12.14999961853027,249.0
2011-07-15,12.02000045776367,12.35000038146973,12.02000045776367,12.26000022888184,65.0
2011-07-18,12.05000019073486,12.05000019073486,12.05000019073486,12.07999992370605,110.0
2011-07-19,12.14999961853027,12.30000019073486,12.14999961853027,12.25,227.0
2011-07-20,12.3100004196167,12.5600004196167,12.28999996185303,12.64000034332275,166.0
2011-07-21,12.89999961853027,12.97000026702881,12.89999961853027,12.94999980926514,533.0
2011-07-22,12.97000026702881,12.97000026702881,12.60000038146973,12.84000015258789,105.0
2011-07-25,12.78999996185303,12.78999996185303,12.78999996185303,12.78999996185303,200.0
2011-07-26,12.86999988555908,12.86999988555908,12.86999988555908,12.75,11.0
2011-07-27,12.27999973297119,12.27999973297119,12.27999973297119,12.27999973297119,0.0
2011-07-28,12.27999973297119,12.36999988555908,12.27999973297119,12.36999988555908,41.0
2011-07-29,12.0,12.0,12.0,12.10999965667725,9.0
2011-08-01,12.14999961853027,12.14999961853027,11.94999980926514,11.88000011444092,97.0
2011-08-02,11.64999961853027,11.64999961853027,11.44999980926514,11.60999965667725,45.0
2011-08-03,11.1899995803833,11.27000045776367,11.0,11.30000019073486,111.0
2011-08-04,11.25,11.25,11.19999980926514,11.17000007629395,38.0
2011-08-05,10.71000003814697,10.75,10.5,10.57999992370605,142.0
2011-08-08,10.5600004196167,10.5600004196167,10.5600004196167,10.61999988555908,30.0
2011-08-09,10.96000003814697,11.25,10.60000038146973,11.30000019073486,97.0
2011-08-10,11.39999961853027,11.57999992370605,11.30000019073486,11.47000026702881,653.0
2011-08-11,11.82999992370605,11.82999992370605,11.67000007629395,12.13000011444092,285.0
2011-08-12,12.14999961853027,12.30000019073486,12.10000038146973,12.32999992370605,324.0
2011-08-15,12.09000015258789,12.17000007629395,12.0600004196167,12.34000015258789,208.0
2011-08-16,12.10000038146973,12.25,12.0600004196167,12.25,793.0
2011-08-17,12.47000026702881,12.63000011444092,12.47000026702881,12.67000007629395,166.0
2011-08-18,13.0,13.0,12.14999961853027,12.19999980926514,361.0
2011-08-19,12.05000019073486,12.22000026702881,12.03999996185303,12.35999965667725,167.0
2011-08-22,12.32999992370605,12.40999984741211,12.32999992370605,12.43000030517578,55.0
2011-08-23,12.52000045776367,12.60000038146973,12.47000026702881,12.77999973297119,82.0
2011-08-24,12.77999973297119,13.05000019073486,12.77999973297119,13.02999973297119,221.0
2011-08-25,13.0,13.0,12.73999977111816,12.88000011444092,99.0
2011-08-26,12.78999996185303,12.96000003814697,12.78999996185303,13.05000019073486,11.0
2011-08-29,12.96000003814697,13.05000019073486,12.8100004196167,13.18000030517578,143.0
2011-08-30,13.10000038146973,13.32999992370605,13.01000022888184,13.38000011444092,408.0
2011-08-31,13.27999973297119,13.35999965667725,13.01000022888184,12.84000015258789,261.0
2011-09-01,12.69999980926514,12.69999980926514,12.6899995803833,12.80000019073486,57.0
2011-09-02,12.51000022888184,12.51000022888184,12.51000022888184,12.51000022888184,0.0
2011-09-05,12.25,12.26000022888184,12.14999961853027,12.28999996185303,202.0
2011-09-06,12.32999992370605,12.32999992370605,12.14000034332275,12.09000015258789,421.0
2011-09-07,12.1899995803833,12.32999992370605,12.1899995803833,12.34000015258789,44.0
2011-09-08,12.35000038146973,12.35000038146973,12.13000011444092,12.15999984741211,194.0
2011-09-09,12.09000015258789,12.09000015258789,11.72999954223633,11.78999996185303,201.0
2011-09-12,11.52999973297119,11.96000003814697,11.52999973297119,11.8100004196167,173.0
2011-09-13,11.82999992370605,11.98999977111816,11.72999954223633,11.9399995803833,295.0
2011-09-14,11.69999980926514,12.11999988555908,11.69999980926514,12.13000011444092,214.0
2011-09-15,12.27000045776367,12.31999969482422,12.21000003814697,12.27999973297119,366.0
2011-09-16,12.14999961853027,12.21000003814697,12.10999965667725,12.0600004196167,311.0
2011-09-19,11.97000026702881,11.97999954223633,11.69999980926514,11.72000026702881,208.0
2011-09-20,11.72000026702881,11.82999992370605,11.60999965667725,11.81999969482422,417.0
2011-09-21,11.76000022888184,11.82999992370605,11.64999961853027,11.72000026702881,200.0
2011-09-22,11.26000022888184,11.34000015258789,11.19999980926514,11.25,245.0
2011-09-23,11.25,11.26000022888184,10.92000007629395,11.27000045776367,223.0
2011-09-26,11.01000022888184,11.02000045776367,10.78999996185303,10.8100004196167,2306.0
2011-09-27,10.77000045776367,10.85000038146973,10.60999965667725,10.73999977111816,380.0
2011-09-28,10.44999980926514,10.52999973297119,10.39999961853027,10.42000007629395,845.0
2011-09-29,10.61999988555908,10.82999992370605,10.61999988555908,10.85000038146973,188.0
2011-09-30,10.63000011444092,10.63000011444092,10.55000019073486,10.65999984741211,46.0
2011-10-03,10.25,10.25,10.05000019073486,10.09000015258789,25.0
2011-10-04,9.75,10.05000019073486,9.75,10.02000045776367,216.0
2011-10-05,10.14999961853027,10.27000045776367,10.14999961853027,10.14999961853027,663.0
2011-10-06,10.52000045776367,10.52000045776367,10.35000038146973,10.39999961853027,1787.0
2011-10-07,10.35000038146973,10.35000038146973,10.30000019073486,10.39999961853027,835.0
2011-10-10,10.47999954223633,10.61999988555908,10.47999954223633,10.65999984741211,557.0
2011-10-11,10.44999980926514,10.56999969482422,10.44999980926514,10.60999965667725,531.0
2011-10-12,10.55000019073486,10.77999973297119,10.55000019073486,10.64000034332275,157.0
2011-10-13,10.39000034332275,10.39000034332275,10.23999977111816,10.23999977111816,463.0
2011-10-14,10.22999954223633,10.22999954223633,10.22999954223633,10.35999965667725,102.0
2011-10-17,10.52999973297119,10.52999973297119,10.27999973297119,10.28999996185303,203.0
2011-10-18,10.0600004196167,10.21000003814697,10.0600004196167,10.25,1972.0
2011-10-19,10.07999992370605,10.07999992370605,9.98999977111816,9.97000026702881,553.0
2011-10-20,10.10999965667725,10.14999961853027,10.10999965667725,10.14000034332275,221.0
2011-10-21,10.14000034332275,10.31999969482422,10.0600004196167,10.3100004196167,744.0
2011-10-24,10.47999954223633,10.47999954223633,10.47000026702881,10.48999977111816,46.0
2011-10-25,10.42000007629395,10.42000007629395,10.25,10.35999965667725,428.0
2011-10-26,10.19999980926514,10.22999954223633,10.19999980926514,10.06999969482422,94.0
2011-10-27,10.31999969482422,10.36999988555908,10.3100004196167,10.38000011444092,278.0
2011-10-28,10.31999969482422,10.38000011444092,10.31999969482422,10.36999988555908,403.0
2011-10-31,10.11999988555908,10.11999988555908,10.10000038146973,10.11999988555908,454.0
2011-11-01,9.85000038146973,9.85000038146973,9.85000038146973,9.85000038146973,4.0
2011-11-02,9.67000007629395,9.67000007629395,9.56999969482422,9.47000026702881,38.0
2011-11-03,9.56999969482422,9.63000011444092,9.5600004196167,9.65999984741211,607.0
2011-11-04,9.39000034332275,9.39000034332275,9.39000034332275,9.39000034332275,0.0
2011-11-07,9.93000030517578,9.93000030517578,9.93000030517578,9.93000030517578,80.0
2011-11-08,10.06999969482422,10.06999969482422,10.06999969482422,10.06999969482422,0.0
2011-11-09,9.86999988555908,9.86999988555908,9.86999988555908,9.86999988555908,20.0
2011-11-10,9.76000022888184,9.80000019073486,9.6899995803833,9.80000019073486,30.0
2011-11-11,10.10999965667725,10.10999965667725,10.10999965667725,10.10999965667725,0.0
2011-11-14,10.09000015258789,10.09000015258789,9.97999954223633,10.03999996185303,203.0
2011-11-15,9.98999977111816,10.06999969482422,9.92000007629395,10.01000022888184,50.0
2011-11-16,9.84000015258789,9.85999965667725,9.75,9.85000038146973,209.0
2011-11-17,9.56999969482422,9.64999961853027,9.52999973297119,9.63000011444092,209.0
2011-11-18,9.26000022888184,9.27999973297119,9.26000022888184,9.32999992370605,87.0
2011-11-21,8.85000038146973,8.89999961853027,8.85000038146973,8.88000011444092,92.0
2011-11-22,9.10999965667725,9.10999965667725,9.02000045776367,9.07999992370605,148.0
2011-11-23,8.48999977111816,8.52000045776367,8.38000011444092,8.42000007629395,144.0
2011-11-24,8.47999954223633,8.47999954223633,7.76000022888184,7.8600001335144,230.0
2011-11-25,7.82999992370605,7.82999992370605,6.98000001907349,7.69000005722046,348.0
2011-11-28,8.39000034332275,8.39000034332275,8.39000034332275,7.96999979019165,189.0
2011-11-29,8.0600004196167,8.10000038146973,7.59999990463257,7.98000001907349,15093.0
2011-11-30,7.82999992370605,8.57999992370605,7.67000007629395,8.35000038146973,21748.0
2011-12-01,8.43000030517578,8.43000030517578,7.86999988555908,7.92999982833862,9996.0
2011-12-02,7.90000009536743,8.01000022888184,7.73000001907349,7.82000017166138,5233.0
2011-12-05,7.84999990463257,7.84999990463257,7.28000020980835,7.30999994277954,10036.0
2011-12-06,7.30000019073486,7.40000009536743,6.76999998092651,7.32000017166138,19572.0
2011-12-07,7.36999988555908,7.65000009536743,7.05000019073486,7.21000003814697,12132.0
2011-12-08,7.15999984741211,7.69999980926514,6.94999980926514,7.6399998664856,14306.0
2011-12-09,7.75,7.98999977111816,7.34999990463257,7.84000015258789,11443.0
2011-12-11,8.21000003814697,8.21000003814697,8.21000003814697,8.21000003814697,0.0
2011-12-12,7.84000015258789,8.31999969482422,7.44999980926514,7.53999996185303,12213.0
2011-12-13,7.53999996185303,7.53999996185303,6.98000001907349,7.03000020980835,15383.0
2011-12-14,6.90000009536743,7.03000020980835,6.30000019073486,6.44999980926514,16253.0
2011-12-15,6.44999980926514,6.8899998664856,6.38000011444092,6.76999998092651,8143.0
2011-12-16,6.80000019073486,7.05000019073486,6.5,6.75,7183.0
2011-12-19,6.76999998092651,7.03999996185303,6.5,6.98000001907349,4032.0
2011-12-20,7.26000022888184,9.0,7.26000022888184,8.53999996185303,392.0
2011-12-21,8.22999954223633,8.22999954223633,7.75,7.98000001907349,103.0
2011-12-22,7.80000019073486,7.80000019073486,7.80000019073486,7.71000003814697,3.0
2011-12-23,7.75,7.75,7.75,7.84999990463257,98.0
2011-12-25,8.06999969482422,8.06999969482422,8.06999969482422,8.06999969482422,0.0
2011-12-26,8.06999969482422,8.06999969482422,8.06999969482422,8.06999969482422,0.0
2011-12-28,7.69999980926514,7.69999980926514,7.67999982833862,7.42000007629395,256.0
2011-12-29,6.90999984741211,6.90999984741211,6.90999984741211,6.90999984741211,165.0
2011-12-30,7.0,7.0,6.94999980926514,6.96999979019165,0.0
2012-01-02,7.14499998092651,7.14499998092651,7.14499998092651,7.14499998092651,0.0
2012-01-03,6.59999990463257,6.59999990463257,6.36999988555908,6.28000020980835,307.0
2012-01-04,6.15000009536743,6.15000009536743,6.15000009536743,6.26999998092651,2203.0
2012-01-05,6.44000005722046,6.5,6.28000020980835,6.42999982833862,298.0
2012-01-06,6.21999979019165,6.21999979019165,6.17999982833862,6.30000019073486,662.0
2012-01-09,6.51000022888184,6.51000022888184,6.51000022888184,6.51000022888184,160.0
2012-01-10,6.84999990463257,7.01999998092651,6.80000019073486,6.84000015258789,382.0
2012-01-11,6.80000019073486,6.8899998664856,6.73999977111816,6.75,163.0
2012-01-12,7.01999998092651,7.01999998092651,6.94999980926514,6.92000007629395,666.0
2012-01-13,6.80000019073486,6.80000019073486,6.71999979019165,6.73000001907349,443.0
2012-01-16,6.48000001907349,6.51999998092651,6.44999980926514,6.46999979019165,330.0
2012-01-17,6.69000005722046,6.69000005722046,6.59999990463257,6.48000001907349,547.0
2012-01-18,6.55000019073486,6.84999990463257,6.5,6.6100001335144,1787.0
2012-01-19,6.65999984741211,7.01999998092651,6.65999984741211,7.07000017166138,397.0
2012-01-20,7.05999994277954,7.15000009536743,6.94999980926514,7.01999998092651,345.0
2012-01-23,6.8899998664856,6.8899998664856,6.76000022888184,6.8600001335144,661.0
2012-01-24,6.88000011444092,7.30999994277954,6.8600001335144,7.26000022888184,594.0
2012-01-25,7.30000019073486,7.30000019073486,7.26999998092651,7.32999992370605,708.0
2012-01-26,7.44000005722046,7.57000017166138,7.40000009536743,7.48999977111816,2692.0
2012-01-27,7.63000011444092,7.90000009536743,7.6100001335144,7.96999979019165,2490.0
2012-01-30,7.75,7.88000011444092,7.55999994277954,7.55000019073486,3343.0
2012-01-31,7.59999990463257,7.78999996185303,7.59999990463257,7.84000015258789,4.0
2012-02-01,8.09000015258789,8.25,8.09000015258789,8.26000022888184,396.0
2012-02-02,8.5,8.60999965667725,8.47999954223633,8.52999973297119,366.0
2012-02-03,8.39999961853027,8.39999961853027,8.30000019073486,8.28999996185303,400.0
2012-02-06,8.44999980926514,8.48999977111816,8.35000038146973,8.48999977111816,46.0
2012-02-07,8.44999980926514,8.52000045776367,8.44999980926514,8.52999973297119,119.0
2012-02-08,8.48999977111816,8.48999977111816,8.14999961853027,8.11999988555908,1166.0
2012-02-09,8.10000038146973,8.10000038146973,7.82000017166138,7.78999996185303,1036.0
2012-02-10,7.71000003814697,7.78999996185303,7.53999996185303,7.71000003814697,1116.0
2012-02-13,7.63000011444092,7.63000011444092,7.44999980926514,7.46000003814697,55.0
2012-02-14,7.67000007629395,7.82999992370605,7.65000009536743,7.8899998664856,2427.0
2012-02-15,8.06999969482422,8.14999961853027,8.0600004196167,8.14000034332275,125.0
2012-02-16,7.96000003814697,8.77000045776367,7.94999980926514,8.77000045776367,136.0
2012-02-17,9.01000022888184,9.10000038146973,9.01000022888184,9.03999996185303,208.0
2012-02-20,8.73999977111816,8.85000038146973,8.73999977111816,8.53999996185303,98.0
2012-02-21,8.57999992370605,8.90999984741211,8.57999992370605,8.96000003814697,306.0
2012-02-22,9.10999965667725,9.14000034332275,8.89999961853027,8.93000030517578,136.0
2012-02-23,8.81999969482422,8.89999961853027,8.44999980926514,8.61999988555908,151.0
2012-02-24,8.97000026702881,9.19999980926514,8.94999980926514,9.1899995803833,1199.0
2012-02-27,9.25,9.35000038146973,9.25,9.27999973297119,322.0
2012-02-28,9.17000007629395,9.17000007629395,8.68000030517578,8.80000019073486,126.0
2012-02-29,8.68000030517578,8.68000030517578,8.44999980926514,8.34000015258789,226.0
2012-03-01,8.56999969482422,8.64000034332275,8.56999969482422,8.64999961853027,1038.0
2012-03-02,8.88000011444092,9.0,8.88000011444092,8.82999992370605,414.0
2012-03-05,8.68000030517578,8.69999980926514,8.57999992370605,8.61999988555908,912.0
2012-03-06,8.44999980926514,8.48999977111816,8.25,8.35000038146973,2452.0
2012-03-07,8.44999980926514,8.55000019073486,8.36999988555908,8.39999961853027,683.0
2012-03-08,8.47999954223633,8.47999954223633,8.27000045776367,8.25,268.0
2012-03-09,8.17000007629395,8.19999980926514,7.67000007629395,7.90000009536743,1169.0
2012-03-12,7.73999977111816,7.73999977111816,7.57000017166138,7.65999984741211,271.0
2012-03-13,7.71999979019165,7.71999979019165,7.51999998092651,7.61999988555908,920.0
2012-03-14,7.76000022888184,7.98999977111816,7.71000003814697,7.94999980926514,3655.0
2012-03-15,7.8899998664856,8.02000045776367,7.78000020980835,7.82999992370605,674.0
2012-03-16,7.80999994277954,7.80999994277954,7.57999992370605,7.59999990463257,1149.0
2012-03-19,7.65999984741211,7.65999984741211,7.51000022888184,7.61999988555908,1055.0
2012-03-20,7.51000022888184,7.51000022888184,7.17000007629395,7.01999998092651,1640.0
2012-03-21,6.96999979019165,7.28000020980835,6.92999982833862,7.26000022888184,1109.0
2012-03-22,7.15000009536743,7.15000009536743,6.80999994277954,6.71000003814697,1703.0
2012-03-23,6.90000009536743,6.90000009536743,6.67000007629395,6.86999988555908,1204.0
2012-03-26,6.65999984741211,6.84999990463257,6.5,6.84000015258789,1174.0
2012-03-27,7.09000015258789,7.15000009536743,6.98000001907349,7.11999988555908,623.0
2012-03-28,7.15999984741211,7.19999980926514,7.01000022888184,7.03999996185303,214.0
2012-03-29,7.07999992370605,7.19999980926514,6.71999979019165,6.71000003814697,202.0
2012-03-30,6.8899998664856,6.94000005722046,6.76000022888184,6.98000001907349,255.0
2012-04-02,6.8899998664856,6.8899998664856,6.55999994277954,6.21000003814697,132.0
2012-04-03,6.0,6.30000019073486,5.94000005722046,6.34999990463257,134.0
2012-04-04,6.23999977111816,6.23999977111816,5.8899998664856,6.07999992370605,324.0
2012-04-05,6.42999982833862,6.59999990463257,6.19000005722046,6.67999982833862,210.0
2012-04-10,6.51999998092651,6.76999998092651,6.51999998092651,6.78000020980835,18.0
2012-04-11,6.69999980926514,6.69999980926514,6.63000011444092,6.92000007629395,397.0
2012-04-12,6.8899998664856,6.90000009536743,6.84999990463257,7.05999994277954,265.0
2012-04-13,7.09999990463257,7.19999980926514,7.09999990463257,7.11999988555908,248.0
2012-04-16,6.84999990463257,6.84999990463257,6.76000022888184,6.78999996185303,210.0
2012-04-17,6.90999984741211,7.05999994277954,6.90999984741211,7.05000019073486,362.0
2012-04-18,7.13000011444092,7.21999979019165,7.13000011444092,7.19999980926514,233.0
2012-04-19,7.09999990463257,7.34000015258789,7.01000022888184,7.32999992370605,557.0
2012-04-20,7.36999988555908,7.38000011444092,7.32000017166138,7.32000017166138,258.0
2012-04-23,7.25,7.25,7.09999990463257,7.07000017166138,77.0
2012-04-24,7.0,7.09000015258789,6.96999979019165,7.07000017166138,729.0
2012-04-25,7.09000015258789,7.09000015258789,7.05000019073486,7.03000020980835,160.0
2012-04-26,7.01999998092651,7.23999977111816,7.01999998092651,7.21999979019165,154.0
2012-04-27,7.15000009536743,7.26999998092651,7.13000011444092,7.23999977111816,162.0
2012-04-30,7.32000017166138,7.5,7.32000017166138,7.48000001907349,1155.0
2012-05-01,7.46999979019165,7.46999979019165,7.46999979019165,7.46999979019165,25.0
2012-05-02,7.5,7.5,7.15000009536743,7.11999988555908,42.0
2012-05-03,7.01000022888184,7.03000020980835,7.01000022888184,7.05999994277954,17.0
2012-05-04,6.75,6.75,6.6399998664856,6.59999990463257,854.0
2012-05-07,6.48000001907349,6.63000011444092,6.48000001907349,6.6100001335144,26.0
2012-05-08,6.57999992370605,6.80999994277954,6.57999992370605,6.73999977111816,168.0
2012-05-09,6.65000009536743,6.65999984741211,6.65000009536743,6.67999982833862,52.0
2012-05-10,6.73000001907349,6.73000001907349,6.69999980926514,6.65000009536743,6.0
2012-05-11,6.57000017166138,6.73999977111816,6.57000017166138,6.73000001907349,243.0
2012-05-14,6.44000005722046,6.48000001907349,6.44000005722046,6.55999994277954,52.0
2012-05-15,6.5,6.53000020980835,6.5,6.44999980926514,59.0
2012-05-16,6.25,6.55000019073486,6.25,6.5,257.0
2012-05-17,6.44999980926514,6.44999980926514,6.44999980926514,6.44999980926514,25.0
2012-05-18,6.32000017166138,6.44999980926514,6.32000017166138,6.32999992370605,1397.0
2012-05-21,6.44000005722046,6.57999992370605,6.44000005722046,6.59999990463257,378.0
2012-05-22,6.75,6.8600001335144,6.67000007629395,6.88000011444092,189.0
2012-05-23,6.67999982833862,6.69999980926514,6.61999988555908,6.67999982833862,399.0
2012-05-24,6.69999980926514,6.75,6.69999980926514,6.78000020980835,195.0
2012-05-25,6.71999979019165,6.80000019073486,6.71999979019165,6.80000019073486,455.0
2012-05-28,6.88000011444092,6.88000011444092,6.88000011444092,6.67999982833862,36.0
2012-05-29,6.6100001335144,6.6399998664856,6.51999998092651,6.53999996185303,140.0
2012-05-30,6.42000007629395,6.42000007629395,6.32000017166138,6.40000009536743,959.0
2012-05-31,6.30000019073486,6.30000019073486,6.21999979019165,6.26999998092651,1634.0
2012-06-01,6.15999984741211,6.3899998664856,6.15999984741211,6.38000011444092,258.0
2012-06-04,6.40000009536743,6.40000009536743,6.40000009536743,6.38000011444092,5.0
2012-06-05,6.42000007629395,6.42000007629395,6.42000007629395,6.38000011444092,5.0
2012-06-06,6.3600001335144,6.3600001335144,6.3600001335144,6.3600001335144,22.0
2012-06-07,6.44999980926514,6.44999980926514,6.44999980926514,6.44999980926514,100.0
2012-06-08,6.48000001907349,6.55000019073486,6.48000001907349,6.59999990463257,125.0
2012-06-11,6.65000009536743,6.69999980926514,6.59999990463257,6.61999988555908,105.0
2012-06-12,6.65000009536743,6.65000009536743,6.65000009536743,6.65000009536743,10.0
2012-06-13,6.63000011444092,6.69999980926514,6.59000015258789,6.71000003814697,248.0
2012-06-14,6.63000011444092,6.63000011444092,6.63000011444092,6.84000015258789,259.0
2012-06-15,7.19999980926514,7.19999980926514,7.19000005722046,7.23000001907349,268.0
2012-06-18,7.26999998092651,7.28000020980835,7.26999998092651,7.32999992370605,39.0
2012-06-19,7.3899998664856,7.5,7.38000011444092,7.5,87.0
2012-06-20,7.46000003814697,7.46000003814697,7.46000003814697,7.44000005722046,40.0
2012-06-21,7.32999992370605,7.34000015258789,7.32999992370605,7.5,34.0
2012-06-22,7.65000009536743,8.09000015258789,7.65000009536743,8.09000015258789,1822.0
2012-06-25,7.76999998092651,7.92999982833862,7.76000022888184,7.98000001907349,55.0
2012-06-26,8.07999992370605,8.07999992370605,7.96999979019165,7.98000001907349,1010.0
2012-06-27,7.94999980926514,7.94999980926514,7.94999980926514,7.8899998664856,550.0
2012-06-28,7.84000015258789,7.8600001335144,7.84000015258789,7.90999984741211,383.0
2012-06-29,8.01000022888184,8.36999988555908,8.01000022888184,8.19999980926514,96.0
2012-07-01,8.23999977111816,8.23999977111816,8.23999977111816,8.23999977111816,0.0
2012-07-02,8.06999969482422,8.06999969482422,8.06999969482422,8.06999969482422,0.0
2012-07-03,8.25,8.25,8.25,8.25,25.0
2012-07-04,8.19999980926514,8.19999980926514,8.19999980926514,8.21000003814697,20.0
2012-07-05,8.22000026702881,8.23999977111816,8.22000026702881,8.27000045776367,337.0
2012-07-06,8.19999980926514,8.21000003814697,8.19999980926514,7.98999977111816,547.0
2012-07-09,7.90999984741211,7.90999984741211,7.82000017166138,7.92999982833862,62.0
2012-07-10,7.82000017166138,7.8600001335144,7.82000017166138,7.86999988555908,365.0
2012-07-11,7.94000005722046,8.0,7.76000022888184,7.82000017166138,452.0
2012-07-12,7.59999990463257,7.59999990463257,7.59999990463257,7.59000015258789,3079.0
2012-07-13,7.48000001907349,7.57999992370605,7.48000001907349,7.59000015258789,3622.0
2012-07-16,7.51000022888184,7.51000022888184,7.51000022888184,7.51000022888184,1190.0
2012-07-17,7.69999980926514,7.69999980926514,7.55000019073486,7.61999988555908,20.0
2012-07-18,7.15000009536743,7.17000007629395,7.07000017166138,7.09000015258789,2091.0
2012-07-19,6.84999990463257,6.84999990463257,6.73000001907349,6.82000017166138,48.0
2012-07-20,7.07999992370605,7.07999992370605,7.07999992370605,7.07999992370605,400.0
2012-07-23,7.07000017166138,7.07000017166138,7.07000017166138,7.07000017166138,0.0
2012-07-24,7.11999988555908,7.11999988555908,7.11999988555908,7.1399998664856,3254.0
2012-07-25,7.23000001907349,7.23999977111816,6.71999979019165,6.80000019073486,58.0
2012-07-26,6.59999990463257,6.88000011444092,6.59999990463257,6.92000007629395,29.0
2012-07-27,6.80000019073486,6.86999988555908,6.80000019073486,6.8600001335144,520.0
2012-07-30,6.55000019073486,6.57000017166138,6.5,6.53999996185303,3493.0
2012-07-31,6.59000015258789,6.65000009536743,6.59000015258789,6.88000011444092,35.0
2012-08-01,6.90999984741211,6.96000003814697,6.90999984741211,6.92000007629395,15.0
2012-08-02,7.0,7.19999980926514,7.0,7.03000020980835,84.0
2012-08-03,7.07999992370605,7.15999984741211,7.07999992370605,7.05999994277954,75.0
2012-08-06,7.03999996185303,7.19000005722046,7.03999996185303,7.15999984741211,119.0
2012-08-07,7.23000001907349,7.25,7.19999980926514,7.26999998092651,302.0
2012-08-08,7.23000001907349,7.23000001907349,7.23000001907349,7.19000005722046,106.0
2012-08-09,7.09000015258789,7.09000015258789,7.09000015258789,7.09999990463257,4.0
2012-08-10,7.03000020980835,7.03000020980835,7.03000020980835,7.15999984741211,4.0
2012-08-13,7.30000019073486,7.44999980926514,7.30000019073486,7.44999980926514,75.0
2012-08-14,7.6100001335144,7.6100001335144,7.6100001335144,7.6100001335144,75.0
2012-08-15,7.46999979019165,7.48000001907349,7.44000005722046,7.44000005722046,2042.0
2012-08-16,7.61999988555908,7.61999988555908,7.61999988555908,7.65999984741211,255.0
2012-08-17,7.59000015258789,7.61999988555908,7.59000015258789,7.65999984741211,116.0
2012-08-20,7.59999990463257,7.59999990463257,7.59999990463257,7.59999990463257,126.0
2012-08-21,7.88000011444092,7.88000011444092,7.88000011444092,7.88000011444092,135.0
2012-08-22,7.88000011444092,7.88000011444092,7.84000015258789,7.98999977111816,30.0
2012-08-23,8.09000015258789,8.09000015258789,8.0600004196167,8.11999988555908,86.0
2012-08-24,8.06999969482422,8.06999969482422,8.03999996185303,8.13000011444092,25.0
2012-08-26,8.18000030517578,8.18000030517578,8.18000030517578,8.18000030517578,0.0
2012-08-27,8.0600004196167,8.09000015258789,8.0600004196167,8.10000038146973,28.0
2012-08-28,8.30000019073486,8.30000019073486,7.90000009536743,7.92999982833862,139.0
2012-08-29,7.8899998664856,7.8899998664856,7.65999984741211,7.67000007629395,45.0
2012-08-30,7.55999994277954,7.55999994277954,7.51999998092651,7.6399998664856,148.0
2012-08-31,7.69999980926514,8.02000045776367,7.69999980926514,8.02999973297119,101.0
2012-09-03,8.14999961853027,8.14999961853027,8.09000015258789,8.22000026702881,1381.0
2012-09-04,8.27999973297119,8.27999973297119,8.10000038146973,8.17000007629395,100.0
2012-09-05,8.0,8.07999992370605,8.0,8.19999980926514,2090.0
2012-09-06,8.19999980926514,8.19999980926514,8.02999973297119,8.21000003814697,320.0
2012-09-07,8.15999984741211,8.35000038146973,8.14999961853027,8.32999992370605,30.0
2012-09-10,8.35999965667725,8.35999965667725,7.82000017166138,7.78999996185303,519.0
2012-09-11,7.73000001907349,7.73000001907349,7.73000001907349,7.69999980926514,127.0
2012-09-12,7.84999990463257,7.8600001335144,7.84999990463257,7.8899998664856,176.0
2012-09-13,7.75,7.75,7.75,7.75,60.0
2012-09-14,7.69999980926514,7.76000022888184,7.69999980926514,7.40000009536743,1226.0
2012-09-16,7.44000005722046,7.44000005722046,7.44000005722046,7.44000005722046,0.0
2012-09-17,7.3899998664856,7.3899998664856,7.26000022888184,7.34999990463257,27.0
2012-09-18,7.30000019073486,7.46999979019165,7.30000019073486,7.40000009536743,120.0
2012-09-19,7.3600001335144,7.55000019073486,7.30000019073486,7.51999998092651,373.0
2012-09-20,7.5,7.63000011444092,7.5,7.63000011444092,148.0
2012-09-21,7.40999984741211,7.40999984741211,7.40999984741211,7.40999984741211,168.0
2012-09-24,7.38000011444092,7.38000011444092,7.21000003814697,7.21999979019165,878.0
2012-09-25,7.44999980926514,7.44999980926514,7.44999980926514,7.44999980926514,300.0
2012-09-26,7.40000009536743,7.6100001335144,7.3899998664856,7.59999990463257,75.0
2012-09-27,7.71999979019165,7.82000017166138,7.71999979019165,7.80999994277954,150.0
2012-09-28,8.05000019073486,8.05000019073486,7.80000019073486,7.92999982833862,245.0
2012-10-01,7.88000011444092,7.88000011444092,7.78999996185303,7.92000007629395,109.0
2012-10-02,7.84000015258789,7.84000015258789,7.84000015258789,7.84000015258789,50.0
2012-10-03,7.78000020980835,7.78000020980835,7.53000020980835,7.55999994277954,207.0
2012-10-04,7.65999984741211,7.92000007629395,7.63000011444092,7.59999990463257,55.0
2012-10-05,7.75,7.75,7.75,7.76999998092651,1.0
2012-10-07,7.80999994277954,7.80999994277954,7.80999994277954,7.80999994277954,0.0
2012-10-08,7.71000003814697,7.80000019073486,7.69000005722046,7.8899998664856,13.0
2012-10-09,7.90999984741211,7.96999979019165,7.82999992370605,7.8600001335144,23.0
2012-10-10,7.71999979019165,7.71999979019165,7.65999984741211,7.69000005722046,16.0
2012-10-11,7.67000007629395,7.76000022888184,7.65000009536743,7.76999998092651,26.0
2012-10-12,7.84999990463257,7.84999990463257,7.73000001907349,7.80000019073486,35.0
2012-10-14,7.84999990463257,7.84999990463257,7.84999990463257,7.84999990463257,0.0
2012-10-15,7.67999982833862,7.73999977111816,7.65000009536743,7.65999984741211,73.0
2012-10-16,7.78000020980835,7.94999980926514,7.75,7.96000003814697,3636.0
2012-10-17,8.0,8.22000026702881,8.0,8.23999977111816,3596.0
2012-10-18,8.07999992370605,8.07999992370605,8.02000045776367,8.03999996185303,44.0
2012-10-19,8.11999988555908,8.19999980926514,7.90999984741211,7.94000005722046,1737.0
2012-10-22,7.90999984741211,7.98000001907349,7.82000017166138,7.86999988555908,1128.0
2012-10-23,7.84999990463257,7.84999990463257,7.78999996185303,7.8600001335144,265.0
2012-10-24,7.84999990463257,7.90000009536743,7.67000007629395,7.65000009536743,69.0
2012-10-25,7.55999994277954,7.65000009536743,7.55999994277954,7.65999984741211,830.0
2012-10-26,7.63000011444092,7.63000011444092,7.63000011444092,7.8600001335144,135.0
2012-10-29,7.82999992370605,8.07999992370605,7.80000019073486,8.05000019073486,515.0
2012-10-30,8.13000011444092,8.13000011444092,8.13000011444092,8.13000011444092,0.0
2012-10-31,8.05000019073486,8.18000030517578,8.0,8.22999954223633,420.0
2012-11-01,8.13000011444092,8.13000011444092,8.13000011444092,8.03999996185303,10.0
2012-11-02,7.98000001907349,8.10000038146973,7.98000001907349,8.10000038146973,75.0
2012-11-05,8.10999965667725,8.13000011444092,8.06999969482422,8.25,30.0
2012-11-06,8.21000003814697,8.32999992370605,8.21000003814697,8.34000015258789,550.0
2012-11-07,8.23999977111816,8.23999977111816,8.23999977111816,8.22000026702881,53.0
2012-11-08,8.22999954223633,8.22999954223633,8.1899995803833,8.27000045776367,21.0
2012-11-09,8.19999980926514,8.28999996185303,8.19999980926514,8.31999969482422,105.0
2012-11-12,8.35000038146973,8.47999954223633,8.35000038146973,9.06999969482422,507.0
2012-11-13,8.75,8.75,8.38000011444092,8.39999961853027,78.0
2012-11-14,8.19999980926514,8.19999980926514,7.67999982833862,7.90999984741211,62.0
2012-11-15,7.94999980926514,7.94999980926514,7.15000009536743,7.11999988555908,115.0
2012-11-16,7.01000022888184,7.09000015258789,6.86999988555908,6.8899998664856,242.0
2012-11-19,6.78999996185303,6.78999996185303,6.63000011444092,6.71000003814697,885.0
2012-11-20,6.53000020980835,6.76999998092651,6.51999998092651,6.73999977111816,260.0
2012-11-21,6.61999988555908,6.88000011444092,6.61999988555908,6.76999998092651,137.0
2012-11-22,6.59000015258789,6.73000001907349,6.59000015258789,6.78000020980835,348.0
2012-11-23,6.82000017166138,7.03000020980835,6.76999998092651,7.01000022888184,974.0
2012-11-26,7.01000022888184,7.01999998092651,6.80999994277954,6.84000015258789,2090.0
2012-11-27,6.78000020980835,6.86999988555908,6.65999984741211,6.84999990463257,15140.0
2012-11-28,6.82999992370605,6.90000009536743,6.76000022888184,6.82999992370605,11068.0
2012-11-29,6.82999992370605,6.84000015258789,6.55000019073486,6.57999992370605,22778.0
2012-11-30,6.40000009536743,6.40000009536743,5.8899998664856,6.19999980926514,20271.0
2012-12-02,6.19999980926514,6.19999980926514,6.19999980926514,6.19999980926514,0.0
2012-12-03,6.07999992370605,6.19999980926514,5.92000007629395,5.94999980926514,24245.0
2012-12-04,5.94999980926514,5.94999980926514,5.67999982833862,5.71999979019165,22122.0
2012-12-05,5.69000005722046,6.25,5.6100001335144,6.15000009536743,23319.0
2012-12-06,6.15000009536743,6.5,6.0,6.3899998664856,24184.0
2012-12-07,6.30999994277954,6.84000015258789,6.1399998664856,6.78000020980835,52581.0
2012-12-10,6.69999980926514,7.09999990463257,6.51999998092651,7.07000017166138,30313.0
2012-12-11,7.07000017166138,7.13000011444092,6.73000001907349,6.84000015258789,30497.0
2012-12-12,6.80000019073486,6.90000009536743,6.65999984741211,6.75,27500.0
2012-12-13,6.65999984741211,6.71000003814697,6.53999996185303,6.67000007629395,20081.0
2012-12-14,6.61999988555908,6.67999982833862,6.51999998092651,6.57000017166138,20079.0
2012-12-17,6.6399998664856,6.6399998664856,6.23000001907349,6.46999979019165,10919.0
2012-12-18,6.48000001907349,6.75,6.46999979019165,6.69999980926514,410.0
2012-12-19,6.75,7.09999990463257,6.71999979019165,7.03000020980835,241.0
2012-12-20,6.94999980926514,7.21000003814697,6.94999980926514,7.17000007629395,269.0
2012-12-21,7.1100001335144,7.15999984741211,7.05999994277954,7.0,229.0
2012-12-24,6.92000007629395,6.92000007629395,6.92000007629395,6.92000007629395,50.0
2012-12-26,7.07999992370605,7.07999992370605,7.07999992370605,7.07999992370605,0.0
2012-12-27,6.8600001335144,6.8600001335144,6.80000019073486,6.84000015258789,127.0
2012-12-28,6.75,6.75,6.5,6.5,36.0
2012-12-31,6.44000005722046,6.44999980926514,6.44000005722046,6.44999980926514,41.0
2013-01-02,6.5,6.55000019073486,6.30000019073486,6.36999988555908,68.0
2013-01-03,6.23999977111816,6.30999994277954,6.15999984741211,6.19999980926514,4684.0
2013-01-04,6.17999982833862,6.17999982833862,6.1100001335144,6.1399998664856,1373.0
2013-01-07,6.34000015258789,6.46999979019165,6.30999994277954,6.46000003814697,2941.0
2013-01-08,6.46000003814697,6.46000003814697,6.17999982833862,6.26999998092651,2072.0
2013-01-09,6.21000003814697,6.21999979019165,6.01999998092651,6.01999998092651,3605.0
2013-01-10,5.96000003814697,6.05999994277954,5.86999988555908,5.8600001335144,2198.0
2013-01-11,5.80999994277954,5.80999994277954,5.67999982833862,5.71999979019165,5423.0
2013-01-14,5.69000005722046,5.69000005722046,5.59999990463257,5.71000003814697,3389.0
2013-01-15,5.67999982833862,5.98000001907349,5.67999982833862,5.88000011444092,2229.0
2013-01-16,5.92000007629395,5.92000007629395,5.48999977111816,5.46999979019165,2944.0
2013-01-17,5.46000003814697,5.48999977111816,5.40000009536743,5.44000005722046,2062.0
2013-01-18,5.36999988555908,5.36999988555908,4.96000003814697,4.96999979019165,771.0
2013-01-20,5.09499979019165,5.09499979019165,5.09499979019165,5.09499979019165,0.0
2013-01-21,4.88000011444092,5.01000022888184,4.71999979019165,4.80999994277954,2314.0
2013-01-22,4.76999998092651,5.28000020980835,4.76999998092651,5.30000019073486,982.0
2013-01-23,5.40000009536743,5.40000009536743,4.46999979019165,4.51999998092651,835.0
2013-01-24,4.65000009536743,4.65000009536743,3.23000001907349,4.21000003814697,2624.0
2013-01-25,4.05999994277954,4.09000015258789,3.76999998092651,4.0,3202.0
2013-01-28,4.03000020980835,4.1100001335144,3.90000009536743,4.07000017166138,635.0
2013-01-29,3.86999988555908,3.94000005722046,3.86999988555908,3.88000011444092,72.0
2013-01-30,3.78999996185303,3.78999996185303,3.76999998092651,3.69000005722046,383.0
2013-01-31,3.4300000667572,3.4300000667572,3.4300000667572,3.30999994277954,635.0
2013-02-01,3.27999997138977,4.17000007629395,3.22000002861023,4.21000003814697,151.0
2013-02-04,3.97000002861023,4.44999980926514,3.97000002861023,4.19000005722046,133.0
2013-02-05,4.03000020980835,4.3600001335144,4.03000020980835,4.28999996185303,185.0
2013-02-06,4.34000015258789,4.61999988555908,4.07000017166138,4.05999994277954,171.0
2013-02-07,4.05000019073486,4.09000015258789,3.99000000953674,4.09000015258789,395.0
2013-02-08,4.25,4.34999990463257,4.19000005722046,4.42999982833862,339.0
2013-02-11,4.30000019073486,4.40000009536743,4.19999980926514,4.3600001335144,315.0
2013-02-12,4.44999980926514,4.57999992370605,4.44999980926514,4.46000003814697,433.0
2013-02-13,4.51000022888184,5.09999990463257,4.51000022888184,5.09999990463257,430.0
2013-02-14,5.01000022888184,5.19999980926514,4.94999980926514,5.11999988555908,317.0
2013-02-15,5.03000020980835,5.1100001335144,5.01999998092651,5.05999994277954,46.0
2013-02-18,4.98000001907349,5.34000015258789,4.98000001907349,4.98999977111816,748.0
2013-02-19,4.69999980926514,4.90000009536743,4.15999984741211,4.55999994277954,6701.0
2013-02-20,4.69000005722046,4.86999988555908,4.59999990463257,4.8600001335144,1265.0
2013-02-21,4.98000001907349,5.17999982833862,4.96999979019165,5.17000007629395,524.0
2013-02-22,5.0,5.09000015258789,4.98999977111816,5.07000017166138,4352.0
2013-02-25,4.94999980926514,4.94999980926514,4.42000007629395,4.46999979019165,888.0
2013-02-26,4.17999982833862,4.40000009536743,4.05000019073486,4.19999980926514,1151.0
2013-02-27,4.21999979019165,4.3600001335144,4.15000009536743,4.36999988555908,1176.0
2013-02-28,4.32000017166138,4.86999988555908,4.32000017166138,4.80000019073486,1220.0
2013-03-01,4.76000022888184,4.78000020980835,4.55000019073486,4.57000017166138,4760.0
2013-03-04,4.65000009536743,4.65000009536743,4.55000019073486,4.53000020980835,380.0
2013-03-05,4.53999996185303,4.53999996185303,4.21000003814697,4.1399998664856,933.0
2013-03-06,4.21000003814697,4.3600001335144,4.17999982833862,4.19000005722046,4201.0
2013-03-07,4.15000009536743,4.23999977111816,4.09999990463257,4.23999977111816,4844.0
2013-03-08,4.09000015258789,4.17999982833862,4.07000017166138,4.17999982833862,894.0
2013-03-11,4.1100001335144,4.1100001335144,3.88000011444092,3.88000011444092,3490.0
2013-03-12,3.84999990463257,3.85999989509583,3.6800000667572,3.66000008583069,1954.0
2013-03-13,3.74000000953674,3.74000000953674,3.39000010490417,3.45000004768372,6429.0
2013-03-14,3.39000010490417,4.09999990463257,3.38000011444092,3.63000011444092,3488.0
2013-03-15,3.54999995231628,3.75,3.51999998092651,3.71000003814697,5612.0
2013-03-18,3.59999990463257,3.59999990463257,3.45000004768372,3.48000001907349,14879.0
2013-03-19,3.38000011444092,3.45000004768372,3.38000011444092,3.45000004768372,348.0
2013-03-20,3.90000009536743,3.90000009536743,3.90000009536743,3.90000009536743,1920.0
2013-03-21,3.95000004768372,4.46000003814697,3.95000004768372,4.34999990463257,3594.0
2013-03-22,4.40999984741211,4.40999984741211,4.13000011444092,4.07999992370605,827.0
2013-03-25,4.15999984741211,4.5,4.15999984741211,4.42000007629395,614.0
2013-03-26,4.51000022888184,4.75,4.51000022888184,4.55000019073486,121.0
2013-03-27,4.65000009536743,4.8600001335144,4.65000009536743,4.88000011444092,2873.0
2013-03-28,4.73999977111816,4.86999988555908,4.67999982833862,4.73999977111816,1222.0
2013-04-02,4.67000007629395,4.8600001335144,4.67000007629395,4.86999988555908,41.0
2013-04-03,4.94999980926514,4.94999980926514,4.94999980926514,4.84999990463257,495.0
2013-04-04,4.80000019073486,5.0,4.80000019073486,4.96999979019165,691.0
2013-04-05,5.01999998092651,5.09000015258789,4.98999977111816,5.09999990463257,1612.0
2013-04-08,5.03999996185303,5.17000007629395,5.03999996185303,5.11999988555908,1626.0
2013-04-09,4.98999977111816,4.98999977111816,4.65999984741211,4.71000003814697,590.0
2013-04-10,4.65000009536743,4.73000001907349,4.5,4.23000001907349,2367.0
2013-04-11,4.3600001335144,4.42999982833862,4.19000005722046,4.28000020980835,845.0
2013-04-12,4.34000015258789,4.59999990463257,4.30000019073486,4.69999980926514,1890.0
2013-04-15,4.69999980926514,4.88000011444092,4.55999994277954,4.67999982833862,270.0
2013-04-16,4.65999984741211,5.0,2.71000003814697,3.02999997138977,4046.0
2013-04-17,3.0,3.0,2.49000000953674,2.70000004768372,659.0
2013-04-18,3.0,3.0,2.98000001907349,3.01999998092651,633.0
2013-04-19,3.11999988555908,3.11999988555908,3.04999995231628,3.10999989509583,529.0
2013-04-22,2.79999995231628,2.90000009536743,2.79999995231628,2.83999991416931,382.0
2013-04-23,2.71000003814697,3.08999991416931,2.71000003814697,3.04999995231628,537.0
2013-04-24,3.01999998092651,3.01999998092651,2.99000000953674,2.98000001907349,34.0
2013-04-25,2.91000008583069,2.91000008583069,2.91000008583069,2.92000007629395,173.0
2013-04-26,3.01999998092651,3.01999998092651,3.01999998092651,3.04999995231628,20.0
2013-04-29,3.30999994277954,3.30999994277954,3.26999998092651,3.25999999046326,30.0
2013-04-30,3.20000004768372,3.24000000953674,3.11999988555908,3.0699999332428,34.0
2013-05-01,2.86999988555908,2.86999988555908,2.86999988555908,2.86999988555908,5.0
2013-05-02,2.96000003814697,2.96000003814697,2.91000008583069,3.03999996185303,228.0
2013-05-03,3.54999995231628,3.64000010490417,3.54999995231628,3.73000001907349,91.0
2013-05-06,3.85999989509583,3.85999989509583,3.85999989509583,3.85999989509583,400.0
2013-05-07,3.73000001907349,3.73000001907349,3.73000001907349,3.69000005722046,50.0
2013-05-08,3.67000007629395,3.67000007629395,3.67000007629395,3.44000005722046,815.0
2013-05-09,3.60999989509583,3.61999988555908,3.60999989509583,3.74000000953674,225.0
2013-05-10,3.59999990463257,3.59999990463257,3.33999991416931,3.32999992370605,36.0
2013-05-13,3.25999999046326,3.28999996185303,3.20000004768372,3.22000002861023,1282.0
2013-05-14,3.34999990463257,3.35999989509583,3.34999990463257,3.47000002861023,1400.0
2013-05-15,3.5,3.59999990463257,3.5,3.58999991416931,796.0
2013-05-16,3.45000004768372,3.48000001907349,3.45000004768372,3.65000009536743,471.0
2013-05-17,3.59999990463257,3.6800000667572,3.48000001907349,3.49000000953674,311.0
2013-05-20,3.55999994277954,3.55999994277954,3.55999994277954,3.55999994277954,490.0
2013-05-21,3.50999999046326,3.52999997138977,3.40000009536743,3.50999999046326,714.0
2013-05-22,3.4300000667572,3.47000002861023,3.25999999046326,3.27999997138977,2150.0
2013-05-23,3.20000004768372,3.42000007629395,3.15000009536743,3.35999989509583,591.0
2013-05-24,3.3199999332428,3.51999998092651,3.24000000953674,3.50999999046326,4486.0
2013-05-27,3.42000007629395,3.53999996185303,3.42000007629395,3.45000004768372,577.0
2013-05-28,3.48000001907349,3.59999990463257,3.4300000667572,3.59999990463257,1176.0
2013-05-29,3.60999989509583,3.75,3.5699999332428,3.70000004768372,1201.0
2013-05-30,3.76999998092651,3.76999998092651,3.76999998092651,3.76999998092651,1150.0
2013-05-31,3.88000011444092,4.01000022888184,3.82999992370605,3.91000008583069,2638.0
2013-06-03,3.80999994277954,3.90000009536743,3.75999999046326,3.86999988555908,1736.0
2013-06-04,3.84999990463257,4.03999996185303,3.84999990463257,3.91000008583069,2316.0
2013-06-05,3.92000007629395,4.03000020980835,3.88000011444092,3.85999989509583,2149.0
2013-06-06,3.8199999332428,4.01000022888184,3.8199999332428,3.95000004768372,4239.0
2013-06-07,4.01999998092651,4.17000007629395,4.01999998092651,4.07000017166138,2715.0
2013-06-10,4.11999988555908,4.17000007629395,3.94000005722046,4.0,4024.0
2013-06-11,4.0,4.15999984741211,3.88000011444092,4.15999984741211,6774.0
2013-06-12,4.19999980926514,4.5,4.19999980926514,4.46000003814697,5623.0
2013-06-13,4.44000005722046,4.59999990463257,4.32999992370605,4.38000011444092,18941.0
2013-06-14,4.40000009536743,4.73000001907349,4.36999988555908,4.73999977111816,3715.0
2013-06-17,4.69000005722046,4.69999980926514,4.44999980926514,4.55000019073486,2860.0
2013-06-18,4.55000019073486,4.67999982833862,4.53999996185303,4.67000007629395,6623.0
2013-06-19,4.69000005722046,4.69999980926514,4.32000017166138,4.34999990463257,2093.0
2013-06-20,4.34999990463257,4.42999982833862,4.32000017166138,4.40000009536743,10112.0
2013-06-21,4.34999990463257,4.40999984741211,4.21000003814697,4.34999990463257,3280.0
2013-06-24,4.40000009536743,4.40000009536743,4.07000017166138,4.09000015258789,8853.0
2013-06-25,4.03999996185303,4.23999977111816,4.03999996185303,4.25,210.0
2013-06-26,4.34000015258789,4.40000009536743,4.30999994277954,4.3899998664856,1840.0
2013-06-27,4.32000017166138,4.3899998664856,4.32000017166138,4.40000009536743,2273.0
2013-06-28,4.34000015258789,4.34000015258789,4.09999990463257,4.17999982833862,1669.0
2013-07-01,4.13000011444092,4.13000011444092,4.13000011444092,4.21000003814697,12.0
2013-07-02,4.30999994277954,4.30999994277954,4.26000022888184,4.26000022888184,2239.0
2013-07-03,3.76999998092651,4.80000019073486,3.41000008583069,4.65999984741211,4382.0
2013-07-04,4.61999988555908,4.61999988555908,4.51999998092651,4.51999998092651,1188.0
2013-07-05,4.36999988555908,4.40000009536743,4.36999988555908,4.26000022888184,765.0
2013-07-08,4.28000020980835,4.28000020980835,4.13000011444092,4.21000003814697,1196.0
2013-07-09,4.19000005722046,4.25,4.07000017166138,4.1399998664856,424.0
2013-07-10,4.05999994277954,4.05999994277954,4.01999998092651,4.01999998092651,1332.0
2013-07-11,4.03999996185303,4.1100001335144,4.03000020980835,4.07000017166138,865.0
2013-07-12,3.99000000953674,4.05999994277954,3.99000000953674,4.01999998092651,368.0
2013-07-15,4.01000022888184,4.05000019073486,4.0,4.03000020980835,902.0
2013-07-16,4.15000009536743,4.15000009536743,4.1100001335144,4.09999990463257,666.0
2013-07-17,4.13000011444092,4.15000009536743,4.07000017166138,4.09999990463257,718.0
2013-07-18,4.1100001335144,4.15999984741211,4.07999992370605,4.09999990463257,406.0
2013-07-19,4.09000015258789,4.15999984741211,4.09000015258789,4.15999984741211,514.0
2013-07-22,4.15000009536743,4.17999982833862,4.15000009536743,4.17999982833862,70.0
2013-07-23,4.23000001907349,4.23000001907349,4.23000001907349,4.23000001907349,483.0
2013-07-24,4.26999998092651,4.30000019073486,4.26999998092651,4.26999998092651,14000.0
2013-07-25,4.30000019073486,4.32999992370605,4.30000019073486,4.26999998092651,2222.0
2013-07-26,4.25,4.32999992370605,4.25,4.30000019073486,1060.0
2013-07-29,4.30000019073486,4.32000017166138,4.30000019073486,4.30000019073486,2584.0
2013-07-30,4.32999992370605,4.32999992370605,4.32000017166138,4.26000022888184,3089.0
2013-07-31,4.11999988555908,4.17000007629395,4.1100001335144,4.30999994277954,1355.0
2013-08-01,4.34999990463257,4.34999990463257,4.32000017166138,4.32000017166138,965.0
2013-08-02,4.30999994277954,4.30999994277954,4.25,4.36999988555908,825.0
2013-08-05,4.40000009536743,4.40000009536743,4.40000009536743,4.40000009536743,26.0
2013-08-06,4.40999984741211,4.40999984741211,4.40999984741211,4.48999977111816,11.0
2013-08-07,4.51000022888184,4.51000022888184,4.51000022888184,4.42999982833862,28.0
2013-08-08,4.44999980926514,4.48000001907349,4.42999982833862,4.5,26.0
2013-08-09,4.51999998092651,4.53999996185303,4.51999998092651,4.42999982833862,10.0
2013-08-12,4.42000007629395,4.42000007629395,4.34000015258789,4.30000019073486,9.0
2013-08-13,4.28000020980835,4.28000020980835,4.25,4.28000020980835,29.0
2013-08-14,4.28000020980835,4.32999992370605,4.28000020980835,4.34000015258789,15.0
2013-08-15,4.38000011444092,4.3899998664856,4.34000015258789,4.34000015258789,902.0
2013-08-16,4.34000015258789,4.34000015258789,4.34000015258789,4.34000015258789,100.0
2013-08-19,4.30000019073486,4.30000019073486,4.28999996185303,4.30999994277954,273.0
2013-08-20,4.34000015258789,4.34000015258789,4.34000015258789,4.34000015258789,10.0
2013-08-21,4.3600001335144,4.3600001335144,4.32999992370605,4.3600001335144,18.0
2013-08-22,4.40999984741211,4.46000003814697,4.40999984741211,4.51000022888184,19.0
2013-08-23,4.51000022888184,4.51000022888184,4.42000007629395,4.42000007629395,24.0
2013-08-26,4.44000005722046,4.44999980926514,4.44000005722046,4.40999984741211,700.0
2013-08-27,4.46000003814697,4.55000019073486,4.46000003814697,4.53000020980835,673.0
2013-08-28,4.57000017166138,4.6100001335144,4.55000019073486,4.59000015258789,858.0
2013-08-29,4.55999994277954,4.6100001335144,4.55000019073486,4.57999992370605,494.0
2013-08-30,4.55000019073486,4.57999992370605,4.53000020980835,4.55000019073486,832.0
2013-09-02,4.53000020980835,4.53000020980835,4.44000005722046,4.48999977111816,345.0
2013-09-03,4.40000009536743,4.42999982833862,4.36999988555908,4.40000009536743,770.0
2013-09-04,4.42000007629395,4.53999996185303,4.42000007629395,4.53999996185303,600.0
2013-09-05,4.55999994277954,4.88000011444092,4.55999994277954,4.94999980926514,130.0
2013-09-06,5.09000015258789,5.30999994277954,4.96000003814697,5.32000017166138,41.0
2013-09-09,5.23999977111816,5.51999998092651,5.23999977111816,5.30000019073486,566.0
2013-09-10,5.23999977111816,5.23999977111816,5.11999988555908,5.11999988555908,896.0
2013-09-11,4.98999977111816,5.17000007629395,4.94999980926514,5.25,408.0
2013-09-12,5.3600001335144,5.69999980926514,5.34000015258789,5.6100001335144,671.0
2013-09-13,5.51999998092651,5.69999980926514,5.3899998664856,5.3899998664856,733.0
2013-09-16,5.40999984741211,5.57999992370605,5.38000011444092,5.46000003814697,555.0
2013-09-17,5.42000007629395,5.69000005722046,5.3899998664856,5.65999984741211,670.0
2013-09-18,5.82000017166138,5.8600001335144,5.51000022888184,5.51999998092651,823.0
2013-09-19,5.44999980926514,5.46999979019165,5.30999994277954,5.34999990463257,590.0
2013-09-20,5.30999994277954,5.34000015258789,5.30000019073486,5.34999990463257,1102.0
2013-09-23,5.25,5.42000007629395,5.23999977111816,5.40999984741211,3073.0
2013-09-24,5.5,5.51000022888184,5.40000009536743,5.36999988555908,426.0
2013-09-25,5.32999992370605,5.38000011444092,5.30000019073486,5.36999988555908,347.0
2013-09-26,5.44999980926514,5.46000003814697,5.44999980926514,5.46000003814697,351.0
2013-09-27,5.34999990463257,5.42000007629395,5.30000019073486,5.3899998664856,10154.0
2013-09-30,5.30000019073486,5.30000019073486,5.01999998092651,5.01999998092651,1811.0
2013-10-01,5.15999984741211,5.15999984741211,5.15999984741211,5.1399998664856,9.0
2013-10-02,5.17000007629395,5.19999980926514,5.17000007629395,5.26999998092651,100.0
2013-10-03,5.19000005722046,5.19000005722046,5.19000005722046,5.19000005722046,201.0
2013-10-04,5.09000015258789,5.09000015258789,5.09000015258789,5.09000015258789,528.0
2013-10-07,5.07999992370605,5.07999992370605,5.07999992370605,4.94999980926514,160.0
2013-10-08,4.84999990463257,4.84999990463257,4.84999990463257,4.84999990463257,250.0
2013-10-09,4.78000020980835,4.78000020980835,4.78000020980835,4.78000020980835,559.0
2013-10-10,4.69999980926514,4.75,4.69999980926514,4.75,100.0
2013-10-11,4.6100001335144,4.65000009536743,4.6100001335144,4.59999990463257,45.0
2013-10-14,4.55000019073486,4.61999988555908,4.53000020980835,4.80000019073486,228.0
2013-10-15,5.0,5.0,4.98999977111816,4.94000005722046,152.0
2013-10-16,5.01999998092651,5.30000019073486,5.01999998092651,5.32000017166138,1230.0
2013-10-17,5.25,5.34999990463257,5.15000009536743,5.15999984741211,461.0
2013-10-18,5.21999979019165,5.21999979019165,5.09999990463257,5.1100001335144,314.0
2013-10-21,4.86999988555908,4.86999988555908,4.75,4.57000017166138,227.0
2013-10-22,4.6399998664856,4.6399998664856,4.6399998664856,4.69000005722046,256.0
2013-10-23,4.59000015258789,4.59000015258789,4.59000015258789,4.59999990463257,110.0
2013-10-24,4.57999992370605,4.57999992370605,4.57999992370605,4.65000009536743,1.0
2013-10-25,4.78999996185303,4.96999979019165,4.78999996185303,4.98999977111816,418.0
2013-10-28,4.8899998664856,4.90000009536743,4.76999998092651,4.80000019073486,136.0
2013-10-29,4.78000020980835,5.05000019073486,4.78000020980835,5.07999992370605,134.0
2013-10-30,5.01999998092651,5.09999990463257,5.01999998092651,4.94999980926514,361.0
2013-10-31,4.86999988555908,4.92000007629395,4.8600001335144,4.80000019073486,395.0
2013-11-01,4.6100001335144,4.6100001335144,4.6100001335144,4.6100001335144,782.0
2013-11-04,4.59000015258789,4.73000001907349,4.59000015258789,4.55000019073486,192.0
2013-11-05,4.71000003814697,4.73000001907349,4.67000007629395,4.78999996185303,2172.0
2013-11-06,4.84000015258789,4.84000015258789,4.76000022888184,4.76999998092651,231.0
2013-11-07,4.75,4.8600001335144,4.75,4.78999996185303,190.0
2013-11-08,4.84999990463257,4.8600001335144,4.5,4.48000001907349,146.0
2013-11-11,4.44999980926514,4.44999980926514,4.40999984741211,4.59999990463257,174.0
2013-11-12,4.59000015258789,4.59000015258789,4.57999992370605,4.6399998664856,720.0
2013-11-13,4.71000003814697,4.71000003814697,4.71000003814697,4.6399998664856,135.0
2013-11-14,4.59999990463257,4.63000011444092,4.59999990463257,4.57999992370605,670.0
2013-11-15,4.55000019073486,4.55000019073486,4.46000003814697,4.48999977111816,673.0
2013-11-18,4.46999979019165,4.46999979019165,4.32000017166138,4.34000015258789,160.0
2013-11-19,4.42999982833862,4.42999982833862,4.40999984741211,4.42000007629395,123.0
2013-11-20,4.48999977111816,4.48999977111816,4.48999977111816,4.48999977111816,330.0
2013-11-21,4.42999982833862,4.42999982833862,4.42999982833862,4.40999984741211,505.0
2013-11-22,4.55999994277954,4.55999994277954,4.44999980926514,4.42999982833862,95.0
2013-11-24,4.42999982833862,4.42999982833862,4.42999982833862,4.42999982833862,0.0
2013-11-25,4.3899998664856,4.3899998664856,4.3899998664856,4.40000009536743,1.0
2013-11-26,4.40000009536743,4.5,4.40000009536743,4.48999977111816,21065.0
2013-11-27,4.48999977111816,4.57999992370605,4.44999980926514,4.46999979019165,37481.0
2013-11-28,4.44999980926514,4.46999979019165,4.38000011444092,4.42999982833862,36119.0
2013-11-29,4.40000009536743,4.42999982833862,4.34999990463257,4.3600001335144,20303.0
2013-12-02,4.34999990463257,4.71000003814697,4.34000015258789,4.5,26197.0
2013-12-03,4.5,4.53999996185303,4.46999979019165,4.48000001907349,15317.0
2013-12-04,4.48000001907349,4.48000001907349,4.42999982833862,4.48000001907349,10117.0
2013-12-05,4.46999979019165,4.67999982833862,4.44999980926514,4.6399998664856,22333.0
2013-12-06,4.65999984741211,4.80999994277954,4.63000011444092,4.78999996185303,16468.0
2013-12-09,4.75,4.92000007629395,4.65000009536743,4.90000009536743,29962.0
2013-12-10,4.8899998664856,5.03000020980835,4.73000001907349,5.01999998092651,28735.0
2013-12-11,5.0,5.01000022888184,4.76000022888184,4.88000011444092,22322.0
2013-12-12,4.88000011444092,4.94999980926514,4.69999980926514,4.90000009536743,18264.0
2013-12-13,4.84000015258789,4.92999982833862,4.78000020980835,4.80000019073486,13044.0
2013-12-16,4.78999996185303,4.78999996185303,4.63000011444092,4.67000007629395,17267.0
2013-12-17,4.8899998664856,4.8899998664856,4.8899998664856,4.8899998664856,300.0
2013-12-18,4.90000009536743,4.90000009536743,4.90000009536743,4.86999988555908,10.0
2013-12-19,4.96999979019165,4.96999979019165,4.94000005722046,4.92999982833862,57.0
2013-12-20,4.8899998664856,4.8899998664856,4.76000022888184,4.75,18.0
2013-12-23,4.78000020980835,4.78999996185303,4.78000020980835,4.78000020980835,20.0
2013-12-24,4.90999984741211,4.90999984741211,4.90999984741211,4.90999984741211,25.0
2013-12-26,4.99499988555908,4.99499988555908,4.99499988555908,4.99499988555908,0.0
2013-12-27,4.94000005722046,4.94999980926514,4.94000005722046,4.92000007629395,45.0
2013-12-30,4.90999984741211,4.90999984741211,4.90999984741211,4.90999984741211,100.0
2013-12-31,4.82999992370605,4.98999977111816,4.80999994277954,4.82999992370605,177.0
2014-01-01,4.93499994277954,4.93499994277954,4.93499994277954,4.93499994277954,0.0
2014-01-02,4.82999992370605,4.82999992370605,4.75,4.71000003814697,11.0
2014-01-03,4.69000005722046,4.69000005722046,4.69000005722046,4.69000005722046,153.0
2014-01-06,4.69999980926514,4.69999980926514,4.69999980926514,4.6100001335144,46.0
2014-01-07,4.65000009536743,4.69999980926514,4.65000009536743,4.65999984741211,20.0
2014-01-08,4.73000001907349,4.73000001907349,4.73000001907349,4.57000017166138,1201.0
2014-01-09,4.5,4.5,4.5,4.5,20.0
2014-01-10,4.51999998092651,4.51999998092651,4.51999998092651,4.51999998092651,1.0
2014-01-13,4.55000019073486,4.55000019073486,4.55000019073486,4.61999988555908,5.0
2014-01-14,4.78999996185303,4.84000015258789,4.78999996185303,4.80999994277954,53.0
2014-01-15,4.90000009536743,4.90000009536743,4.80000019073486,4.80000019073486,25.0
2014-01-16,4.94000005722046,5.09999990463257,4.94000005722046,5.05000019073486,3015.0
2014-01-17,5.05000019073486,5.1100001335144,5.05000019073486,5.05000019073486,7031.0
2014-01-20,4.90999984741211,4.90999984741211,4.90999984741211,4.90999984741211,4000.0
2014-01-21,4.84000015258789,4.94000005722046,4.84000015258789,5.01999998092651,5046.0
2014-01-22,5.05000019073486,5.05999994277954,5.05000019073486,5.1100001335144,6841.0
2014-01-23,5.03999996185303,5.11999988555908,4.98000001907349,5.01000022888184,27.0
2014-01-24,5.0,5.0,4.94999980926514,5.23999977111816,11.0
2014-01-27,5.40000009536743,5.40000009536743,5.40000009536743,5.34999990463257,2301.0
2014-01-28,5.5,5.5,5.5,5.5,500.0
2014-01-29,5.48000001907349,5.48000001907349,5.48000001907349,5.48000001907349,1667.0
2014-01-30,5.69000005722046,5.69000005722046,5.69000005722046,5.69000005722046,5743.0
2014-01-31,5.53999996185303,5.53999996185303,5.53999996185303,5.5,910.0
2014-02-03,5.82000017166138,5.82000017166138,5.82000017166138,5.82000017166138,675.0
2014-02-04,5.84999990463257,5.84999990463257,5.84999990463257,5.80000019073486,10.0
2014-02-05,6.05999994277954,6.05999994277954,6.05999994277954,6.05999994277954,600.0
2014-02-06,6.03000020980835,6.03000020980835,6.03000020980835,6.42999982833862,4.0
2014-02-07,6.40000009536743,6.40000009536743,6.40000009536743,6.40999984741211,28.0
2014-02-10,6.40000009536743,6.40000009536743,6.30999994277954,6.40000009536743,49.0
2014-02-11,6.32999992370605,6.32999992370605,6.32000017166138,6.23999977111816,25.0
2014-02-12,6.42000007629395,6.42999982833862,6.36999988555908,6.34000015258789,480.0
2014-02-13,6.26000022888184,6.26000022888184,6.23000001907349,6.36999988555908,207.0
2014-02-14,6.32999992370605,6.55000019073486,6.32999992370605,6.57000017166138,401.0
2014-02-17,6.69999980926514,6.69999980926514,6.69999980926514,6.78999996185303,811.0
2014-02-18,6.71999979019165,6.71999979019165,6.67000007629395,6.73000001907349,91.0
2014-02-19,6.65999984741211,6.86999988555908,6.65999984741211,6.90000009536743,3204.0
2014-02-20,6.94000005722046,7.01999998092651,6.94000005722046,6.96999979019165,1125.0
2014-02-21,6.88000011444092,7.05000019073486,6.88000011444092,7.11999988555908,336.0
2014-02-24,7.11999988555908,7.19000005722046,7.07000017166138,6.98999977111816,284.0
2014-02-25,6.92000007629395,6.92000007629395,6.19999980926514,6.21000003814697,2297.0
2014-02-26,6.32999992370605,6.51999998092651,6.11999988555908,6.48000001907349,2790.0
2014-02-27,6.55999994277954,6.55999994277954,6.28000020980835,6.5,3541.0
2014-02-28,6.84000015258789,7.09999990463257,6.82999992370605,7.05999994277954,3656.0
2014-03-03,7.28000020980835,7.28000020980835,6.59999990463257,6.6100001335144,185.0
2014-03-04,6.75,6.80999994277954,6.30000019073486,6.80999994277954,1456.0
2014-03-05,6.92999982833862,6.94000005722046,6.6399998664856,6.76999998092651,129.0
2014-03-06,6.71000003814697,6.78999996185303,6.71000003814697,6.80000019073486,626.0
2014-03-07,6.82000017166138,6.96999979019165,6.71999979019165,6.90000009536743,234.0
2014-03-10,6.96000003814697,6.96999979019165,6.84000015258789,6.8899998664856,1075.0
2014-03-11,6.76999998092651,6.8899998664856,6.73000001907349,6.82000017166138,1664.0
2014-03-12,6.73000001907349,6.73000001907349,6.38000011444092,6.5,540.0
2014-03-13,6.44999980926514,6.53000020980835,6.32000017166138,6.42999982833862,1751.0
2014-03-14,6.34999990463257,6.34999990463257,6.17999982833862,6.28999996185303,840.0
2014-03-17,6.17999982833862,6.19999980926514,5.67999982833862,5.86999988555908,436.0
2014-03-18,5.88000011444092,6.03000020980835,5.65999984741211,5.75,470.0
2014-03-19,5.78999996185303,6.03999996185303,5.78999996185303,5.98999977111816,384.0
2014-03-20,5.94000005722046,6.11999988555908,5.94000005722046,6.01000022888184,362.0
2014-03-21,6.09000015258789,6.15999984741211,6.05000019073486,6.17999982833862,312.0
2014-03-24,6.11999988555908,6.11999988555908,5.82000017166138,5.8600001335144,2745.0
2014-03-25,5.84000015258789,5.96000003814697,5.78999996185303,5.84999990463257,5277.0
2014-03-26,5.84000015258789,5.88000011444092,5.78999996185303,5.80000019073486,693.0
2014-03-27,5.73999977111816,5.73999977111816,5.15999984741211,5.17000007629395,4102.0
2014-03-28,5.09999990463257,5.11999988555908,3.98000001907349,4.34000015258789,5024.0
2014-03-31,4.28999996185303,4.67999982833862,3.97000002861023,4.6399998664856,2523.0
2014-04-01,4.65999984741211,5.15000009536743,4.65999984741211,5.03999996185303,165.0
2014-04-02,4.8899998664856,4.8899998664856,4.73999977111816,4.82000017166138,229.0
2014-04-03,4.76999998092651,4.84000015258789,4.55000019073486,4.84999990463257,645.0
2014-04-04,4.80999994277954,4.80999994277954,4.59999990463257,4.67999982833862,1948.0
2014-04-07,4.65999984741211,4.94999980926514,4.65999984741211,4.96999979019165,1457.0
2014-04-08,5.05000019073486,5.05000019073486,4.8600001335144,4.84999990463257,712.0
2014-04-09,4.8600001335144,4.98000001907349,4.84999990463257,4.92999982833862,1314.0
2014-04-10,4.92999982833862,5.07999992370605,4.92999982833862,5.1100001335144,848.0
2014-04-11,5.34999990463257,5.34999990463257,5.23999977111816,5.30999994277954,1653.0
2014-04-14,5.23000001907349,5.23000001907349,5.23000001907349,5.23000001907349,900.0
2014-04-15,5.19999980926514,5.55999994277954,5.19999980926514,5.53000020980835,1559.0
2014-04-16,5.48999977111816,5.57000017166138,5.40000009536743,5.44999980926514,204.0
2014-04-17,5.40000009536743,5.51000022888184,5.40000009536743,5.53999996185303,380.0
2014-04-22,5.67999982833862,5.67999982833862,5.57999992370605,5.67000007629395,303.0
2014-04-23,5.6399998664856,5.67999982833862,5.55999994277954,5.65999984741211,444.0
2014-04-24,5.73999977111816,5.73999977111816,5.69999980926514,5.71000003814697,407.0
2014-04-25,5.59999990463257,5.59999990463257,5.01000022888184,5.05999994277954,1714.0
2014-04-28,5.21999979019165,5.21999979019165,5.05000019073486,5.19999980926514,6217.0
2014-04-29,5.26999998092651,5.40999984741211,5.26999998092651,5.40999984741211,1265.0
2014-04-30,5.44999980926514,5.44999980926514,5.28999996185303,5.40000009536743,252.0
2014-05-01,5.36999988555908,5.36999988555908,5.3600001335144,5.40999984741211,255.0
2014-05-02,5.13000011444092,5.19000005722046,5.13000011444092,5.17999982833862,23.0
2014-05-05,5.15999984741211,5.28000020980835,5.15000009536743,5.21000003814697,212.0
2014-05-06,5.23999977111816,5.30000019073486,5.23999977111816,5.21999979019165,632.0
2014-05-07,5.25,5.25,5.1399998664856,5.11999988555908,90.0
2014-05-08,5.09999990463257,5.15000009536743,5.07000017166138,5.13000011444092,545.0
2014-05-09,5.1399998664856,5.17000007629395,5.1399998664856,5.23999977111816,487.0
2014-05-11,5.30000019073486,5.30000019073486,5.30000019073486,5.30000019073486,0.0
2014-05-12,5.30000019073486,5.30000019073486,5.28000020980835,5.30000019073486,335.0
2014-05-13,5.28000020980835,5.28000020980835,5.28000020980835,5.28000020980835,55.0
2014-05-14,5.26000022888184,5.26999998092651,5.13000011444092,5.09999990463257,32.0
2014-05-15,4.96999979019165,4.96999979019165,4.67000007629395,4.76999998092651,274.0
2014-05-16,4.75,4.82000017166138,4.75,4.78999996185303,62.0
2014-05-19,4.75,4.75,4.63000011444092,4.69000005722046,11886.0
2014-05-20,4.63000011444092,4.82000017166138,4.59999990463257,4.84000015258789,191.0
2014-05-21,4.94000005722046,5.11999988555908,4.94000005722046,5.11999988555908,70.0
2014-05-22,5.28000020980835,5.28000020980835,5.11999988555908,5.15999984741211,574.0
2014-05-23,5.17000007629395,5.17000007629395,5.09999990463257,5.11999988555908,1023.0
2014-05-26,5.09999990463257,5.11999988555908,5.09999990463257,5.09000015258789,221.0
2014-05-27,5.05999994277954,5.19999980926514,5.05999994277954,5.17000007629395,341.0
2014-05-28,5.21000003814697,5.21999979019165,5.17999982833862,5.19999980926514,857.0
2014-05-29,5.21000003814697,5.21999979019165,5.19999980926514,5.19999980926514,452.0
2014-05-30,5.1100001335144,5.13000011444092,5.1100001335144,5.05000019073486,320.0
2014-06-02,4.94000005722046,5.1399998664856,4.94000005722046,5.1399998664856,196.0
2014-06-03,5.1399998664856,5.3899998664856,5.1399998664856,5.42999982833862,503.0
2014-06-04,5.40000009536743,5.44000005722046,5.40000009536743,5.3899998664856,87.0
2014-06-05,5.36999988555908,5.53999996185303,5.36999988555908,5.53999996185303,734.0
2014-06-06,5.46999979019165,5.46999979019165,5.46999979019165,5.44000005722046,60.0
2014-06-09,5.53000020980835,5.53000020980835,5.53000020980835,5.53000020980835,4.0
2014-06-10,5.51000022888184,5.51000022888184,5.51000022888184,5.48999977111816,175.0
2014-06-11,5.53999996185303,5.53999996185303,5.3899998664856,5.3600001335144,1226.0
2014-06-12,5.44999980926514,5.51999998092651,5.44000005722046,5.55000019073486,475.0
2014-06-13,5.71000003814697,5.71000003814697,5.65999984741211,5.65999984741211,235.0
2014-06-16,5.65999984741211,5.65999984741211,5.65999984741211,5.63000011444092,65.0
2014-06-17,5.69999980926514,5.69999980926514,5.69999980926514,5.69999980926514,140.0
2014-06-18,5.76000022888184,5.76000022888184,5.76000022888184,5.65000009536743,85.0
2014-06-19,5.61999988555908,5.61999988555908,5.53000020980835,5.53999996185303,684.0
2014-06-20,5.61999988555908,5.67000007629395,5.61999988555908,5.65000009536743,442.0
2014-06-23,5.63000011444092,5.78999996185303,5.63000011444092,5.78999996185303,359.0
2014-06-24,5.82000017166138,5.86999988555908,5.76000022888184,5.73999977111816,1795.0
2014-06-25,5.78999996185303,5.84000015258789,5.67000007629395,5.71000003814697,559.0
2014-06-26,5.76999998092651,5.76999998092651,5.69000005722046,5.69999980926514,319.0
2014-06-27,5.73999977111816,5.73999977111816,5.69000005722046,5.76000022888184,2187.0
2014-06-30,5.80000019073486,5.86999988555908,5.80000019073486,5.80999994277954,2433.0
2014-07-01,5.98999977111816,5.98999977111816,5.98999977111816,6.01000022888184,10.0
2014-07-02,6.03999996185303,6.07999992370605,6.0,6.07000017166138,547.0
2014-07-03,5.92999982833862,5.98999977111816,5.92999982833862,5.98999977111816,398.0
2014-07-04,6.0,6.0,5.6399998664856,5.65000009536743,80.0
2014-07-06,5.67000007629395,5.67000007629395,5.67000007629395,5.67000007629395,0.0
2014-07-07,5.53999996185303,5.57000017166138,5.53000020980835,5.53999996185303,137.0
2014-07-08,5.65000009536743,5.69000005722046,5.65000009536743,5.73000001907349,101.0
2014-07-09,5.71999979019165,5.76000022888184,5.71999979019165,5.78999996185303,49.0
2014-07-10,5.76999998092651,5.76999998092651,5.73999977111816,5.65999984741211,70.0
2014-07-11,5.67000007629395,5.73000001907349,5.63000011444092,5.71999979019165,143.0
2014-07-14,5.69999980926514,5.69999980926514,5.69999980926514,5.8600001335144,50.0
2014-07-15,5.84999990463257,5.96000003814697,5.84999990463257,5.92000007629395,240.0
2014-07-16,5.92000007629395,5.98999977111816,5.92000007629395,6.01999998092651,212.0
2014-07-17,6.03999996185303,6.03999996185303,5.92000007629395,6.13000011444092,111.0
2014-07-18,5.98000001907349,5.98000001907349,5.98000001907349,5.98000001907349,465.0
2014-07-21,6.03000020980835,6.03000020980835,6.03000020980835,6.03999996185303,1000.0
2014-07-22,6.05000019073486,6.15999984741211,6.05000019073486,6.15000009536743,351.0
2014-07-23,6.17000007629395,6.17000007629395,6.1399998664856,6.15000009536743,226.0
2014-07-24,6.09999990463257,6.09999990463257,6.01999998092651,6.03000020980835,115.0
2014-07-25,6.1100001335144,6.1100001335144,6.1100001335144,6.1100001335144,250.0
2014-07-28,6.07000017166138,6.21999979019165,6.05999994277954,6.17000007629395,707.0
2014-07-29,6.13000011444092,6.15000009536743,6.09999990463257,6.01999998092651,1303.0
2014-07-30,6.01000022888184,6.11999988555908,6.0,6.1100001335144,221.0
2014-07-31,6.1399998664856,6.1399998664856,6.13000011444092,6.19000005722046,580.0
2014-08-01,6.28999996185303,6.30999994277954,6.23000001907349,6.26000022888184,1046.0
2014-08-03,6.28999996185303,6.28999996185303,6.28999996185303,6.28999996185303,0.0
2014-08-04,6.26999998092651,6.26999998092651,6.15000009536743,6.21999979019165,92.0
2014-08-05,6.15999984741211,6.15999984741211,6.1399998664856,6.17999982833862,1004.0
2014-08-06,6.19999980926514,6.23000001907349,6.17000007629395,6.19000005722046,628.0
2014-08-07,6.21000003814697,6.21000003814697,6.19999980926514,5.92999982833862,50.0
2014-08-08,5.8899998664856,6.0,5.80999994277954,5.96000003814697,86.0
2014-08-11,6.01999998092651,6.01999998092651,6.01999998092651,6.1100001335144,1.0
2014-08-12,6.09000015258789,6.09000015258789,6.09000015258789,6.09000015258789,20.0
2014-08-13,6.21000003814697,6.21000003814697,6.21000003814697,6.21000003814697,1097.0
2014-08-14,6.21999979019165,6.21999979019165,6.21999979019165,6.21000003814697,25.0
2014-08-15,6.3600001335144,6.3600001335144,6.3600001335144,6.3600001335144,11.0
2014-08-18,6.32000017166138,6.32000017166138,6.32000017166138,6.32000017166138,1046.0
2014-08-19,6.40999984741211,6.42000007629395,6.40999984741211,6.42999982833862,89.0
2014-08-20,6.48000001907349,6.48000001907349,6.40999984741211,6.40999984741211,91.0
2014-08-21,6.36999988555908,6.36999988555908,6.28000020980835,6.34000015258789,80.0
2014-08-22,6.3600001335144,6.36999988555908,6.32999992370605,6.34999990463257,103.0
2014-08-25,6.3600001335144,6.3899998664856,6.3600001335144,6.32000017166138,31.0
2014-08-26,6.28000020980835,6.30000019073486,6.28000020980835,6.28999996185303,121.0
2014-08-27,6.34000015258789,6.34999990463257,6.34000015258789,6.34999990463257,99.0
2014-08-28,6.38000011444092,6.40000009536743,6.38000011444092,6.42999982833862,80.0
2014-08-29,6.42999982833862,6.44000005722046,6.38000011444092,6.38000011444092,67.0
2014-09-01,6.32000017166138,6.36999988555908,6.26999998092651,6.3899998664856,68.0
2014-09-02,6.36999988555908,6.36999988555908,6.3600001335144,6.38000011444092,105.0
2014-09-03,6.26999998092651,6.26999998092651,6.26999998092651,6.32000017166138,45.0
2014-09-04,6.34000015258789,6.34000015258789,6.11999988555908,6.1100001335144,4940.0
2014-09-05,6.09999990463257,6.11999988555908,6.05999994277954,6.26000022888184,95.0
2014-09-08,6.26999998092651,6.30000019073486,6.25,6.26999998092651,164.0
2014-09-09,6.25,6.26000022888184,6.15000009536743,6.11999988555908,71.0
2014-09-10,6.09000015258789,6.09000015258789,6.03000020980835,6.07999992370605,80.0
2014-09-11,6.09999990463257,6.09999990463257,6.07000017166138,6.09999990463257,65.0
2014-09-12,6.09000015258789,6.09000015258789,5.96000003814697,6.03999996185303,52.0
2014-09-15,5.96000003814697,5.98000001907349,5.90999984741211,5.90999984741211,194.0
2014-09-16,5.86999988555908,5.86999988555908,5.75,5.78999996185303,141.0
2014-09-17,5.76999998092651,5.84999990463257,5.76999998092651,5.88000011444092,139.0
2014-09-18,5.8899998664856,5.96000003814697,5.80999994277954,5.96999979019165,237.0
2014-09-19,5.96000003814697,5.96999979019165,5.94999980926514,6.01000022888184,242.0
2014-09-22,6.0,6.0,5.98000001907349,5.98000001907349,47.0
2014-09-23,5.90999984741211,5.90999984741211,5.80999994277954,5.65000009536743,128.0
2014-09-24,5.65000009536743,5.80000019073486,5.65000009536743,5.80000019073486,215.0
2014-09-25,5.75,5.78999996185303,5.73000001907349,5.80000019073486,3202.0
2014-09-26,5.82000017166138,5.82000017166138,5.82000017166138,5.90999984741211,7.0
2014-09-29,5.8899998664856,5.8899998664856,5.75,5.75,6684.0
2014-09-30,5.80000019073486,5.80999994277954,5.80000019073486,5.82000017166138,5.0
2014-10-01,5.78000020980835,5.78000020980835,5.78000020980835,5.78999996185303,2.0
2014-10-02,5.76999998092651,5.76999998092651,5.71999979019165,5.67000007629395,2.0
2014-10-03,5.55000019073486,5.59999990463257,5.55000019073486,5.65999984741211,15.0
2014-10-06,5.5,5.65000009536743,5.5,5.65999984741211,21.0
2014-10-07,5.69000005722046,5.69000005722046,5.69000005722046,5.71999979019165,8.0
2014-10-08,5.75,6.03000020980835,5.75,6.03000020980835,3.0
2014-10-09,6.07000017166138,6.1100001335144,6.07000017166138,6.09999990463257,5.0
2014-10-10,5.98000001907349,5.98000001907349,5.98000001907349,6.01999998092651,1.0
2014-10-13,6.03999996185303,6.03999996185303,6.03999996185303,6.03999996185303,1339.0
2014-10-14,6.1100001335144,6.15000009536743,6.1100001335144,6.07000017166138,2.0
2014-10-15,6.1399998664856,6.1399998664856,6.1399998664856,6.1399998664856,511.0
2014-10-16,6.1399998664856,6.21999979019165,6.1399998664856,6.19999980926514,1129.0
2014-10-17,6.11999988555908,6.11999988555908,6.11999988555908,6.11999988555908,1000.0
2014-10-20,6.09000015258789,6.09000015258789,6.09000015258789,6.13000011444092,266.0
2014-10-21,6.19000005722046,6.19999980926514,6.19000005722046,6.17000007629395,1068.0
2014-10-22,6.21999979019165,6.21999979019165,6.21999979019165,6.21000003814697,86.0
2014-10-23,6.15000009536743,6.19999980926514,6.15000009536743,6.32000017166138,2027.0
2014-10-24,6.3899998664856,6.3899998664856,6.3899998664856,6.3899998664856,688.0
2014-10-27,6.30999994277954,6.30999994277954,6.30999994277954,6.26999998092651,3.0
2014-10-28,6.15000009536743,6.15000009536743,6.15000009536743,6.15000009536743,1.0
2014-10-29,6.40999984741211,6.40999984741211,6.40999984741211,6.40999984741211,2029.0
2014-10-30,6.40999984741211,6.40999984741211,6.40999984741211,6.40999984741211,1600.0
2014-10-31,6.34000015258789,6.34000015258789,6.34000015258789,6.34000015258789,100.0
2014-11-03,6.5,6.5,6.5,6.57000017166138,200.0
2014-11-04,6.57999992370605,6.57999992370605,6.46999979019165,6.46999979019165,31.0
2014-11-05,6.63000011444092,6.63000011444092,6.63000011444092,6.63000011444092,309.0
2014-11-06,6.61999988555908,6.61999988555908,6.61999988555908,6.61999988555908,33.0
2014-11-07,6.55999994277954,6.55999994277954,6.55999994277954,6.75,7.0
2014-11-10,6.71000003814697,6.71000003814697,6.71000003814697,6.71000003814697,1040.0
2014-11-11,6.65999984741211,6.65999984741211,6.65999984741211,6.78999996185303,81.0
2014-11-12,6.78999996185303,6.78999996185303,6.78999996185303,6.84000015258789,16.0
2014-11-13,6.80999994277954,6.80999994277954,6.80999994277954,6.78000020980835,5.0
2014-11-14,6.69999980926514,6.69999980926514,6.69999980926514,6.6100001335144,105.0
2014-11-17,6.8899998664856,6.8899998664856,6.8899998664856,6.8899998664856,265.0
2014-11-18,7.01000022888184,7.01000022888184,7.01000022888184,7.01000022888184,3531.0
2014-11-19,7.03000020980835,7.03000020980835,7.03000020980835,7.03000020980835,1130.0
2014-11-20,6.94999980926514,6.94999980926514,6.94999980926514,6.94999980926514,2353.0
2014-11-21,6.92999982833862,6.92999982833862,6.90999984741211,6.98999977111816,212.0
2014-11-24,7.07000017166138,7.07000017166138,7.07000017166138,7.03999996185303,10.0
2014-11-25,7.07999992370605,7.15999984741211,6.98999977111816,7.11999988555908,31209.0
2014-11-26,7.1399998664856,7.21000003814697,7.07999992370605,7.19000005722046,13876.0
2014-11-27,7.15000009536743,7.17000007629395,7.05000019073486,7.09000015258789,16728.0
2014-11-28,7.07000017166138,7.07999992370605,6.98999977111816,7.03999996185303,11361.0
2014-11-30,7.05000019073486,7.05000019073486,7.05000019073486,7.05000019073486,0.0
2014-12-01,7.03000020980835,7.09999990463257,6.92999982833862,7.07000017166138,22821.0
2014-12-02,7.09000015258789,7.13000011444092,6.82999992370605,6.84999990463257,27570.0
2014-12-03,6.82000017166138,6.96999979019165,6.76999998092651,6.8899998664856,19839.0
2014-12-04,6.86999988555908,6.8899998664856,6.76000022888184,6.84000015258789,23326.0
2014-12-05,6.82999992370605,6.84999990463257,6.6399998664856,6.65999984741211,25901.0
2014-12-07,6.67000007629395,6.67000007629395,6.67000007629395,6.67000007629395,0.0
2014-12-08,6.65000009536743,6.69000005722046,6.57999992370605,6.65999984741211,11458.0
2014-12-09,6.69000005722046,6.75,6.57999992370605,6.73999977111816,17450.0
2014-12-10,6.69999980926514,6.80000019073486,6.44999980926514,6.55999994277954,53152.0
2014-12-11,6.51000022888184,6.76000022888184,6.51000022888184,6.73999977111816,22022.0
2014-12-12,6.71000003814697,6.71999979019165,6.55999994277954,6.65999984741211,22469.0
2014-12-14,6.76000022888184,6.76000022888184,6.76000022888184,6.76000022888184,0.0
2014-12-15,6.6399998664856,6.8899998664856,6.57999992370605,6.8899998664856,16826.0
2014-12-16,6.94999980926514,6.94999980926514,6.84999990463257,6.90999984741211,1647.0
2014-12-17,6.98000001907349,6.98999977111816,6.94999980926514,6.98999977111816,55.0
2014-12-18,7.0,7.0,7.0,7.03999996185303,3.0
2014-12-19,7.07999992370605,7.07999992370605,7.03999996185303,7.07999992370605,444.0
2014-12-21,7.17000007629395,7.17000007629395,7.17000007629395,7.17000007629395,0.0
2014-12-22,7.07999992370605,7.09999990463257,7.07999992370605,7.1100001335144,67.0
2014-12-23,7.25,7.25,7.25,7.25,350.0
2014-12-24,7.36999988555908,7.36999988555908,7.36999988555908,7.36999988555908,20.0
2014-12-28,7.46999979019165,7.46999979019165,7.46999979019165,7.46999979019165,0.0
2014-12-29,7.17000007629395,7.25,7.17000007629395,7.25,160.0
2014-12-30,7.25,7.26000022888184,7.17999982833862,7.21000003814697,207.0
2014-12-31,7.25,7.25,7.25,7.25,1.0
2015-01-02,7.01000022888184,7.01000022888184,7.01000022888184,7.01000022888184,38.0
2015-01-05,6.92000007629395,6.92000007629395,6.90000009536743,6.90000009536743,87.0
2015-01-06,6.80000019073486,6.84000015258789,6.69999980926514,6.76999998092651,590.0
2015-01-07,6.71000003814697,6.71000003814697,6.65999984741211,6.78000020980835,459.0
2015-01-08,6.69999980926514,6.69999980926514,6.69999980926514,6.80999994277954,998.0
2015-01-09,6.71000003814697,6.71000003814697,6.71000003814697,6.71000003814697,556.0
2015-01-12,6.65000009536743,6.65000009536743,6.63000011444092,6.71000003814697,40.0
2015-01-13,6.8600001335144,7.30999994277954,6.8600001335144,7.28999996185303,882.0
2015-01-14,7.19999980926514,7.23000001907349,7.19999980926514,7.15999984741211,487.0
2015-01-15,7.17000007629395,7.17000007629395,7.07000017166138,7.11999988555908,1210.0
2015-01-16,7.13000011444092,7.13000011444092,7.1100001335144,7.13000011444092,1831.0
2015-01-19,7.07000017166138,7.21999979019165,7.03000020980835,7.21000003814697,201.0
2015-01-20,7.09999990463257,7.09999990463257,7.09999990463257,7.15999984741211,100.0
2015-01-21,7.30000019073486,7.34000015258789,7.30000019073486,7.32000017166138,10066.0
2015-01-22,7.34000015258789,7.34000015258789,6.76999998092651,6.76000022888184,3353.0
2015-01-23,6.90999984741211,6.92000007629395,6.80000019073486,6.80000019073486,1899.0
2015-01-26,6.82000017166138,6.82000017166138,6.76999998092651,6.84999990463257,4.0
2015-01-27,6.82999992370605,6.82999992370605,6.82999992370605,6.84000015258789,300.0
2015-01-28,6.80999994277954,6.80999994277954,6.80999994277954,6.94999980926514,280.0
2015-01-29,6.94999980926514,7.09000015258789,6.94999980926514,7.05999994277954,439.0
2015-01-30,6.96999979019165,7.09000015258789,6.96999979019165,7.07999992370605,1458.0
2015-02-02,7.07999992370605,7.11999988555908,7.07999992370605,7.13000011444092,31.0
2015-02-03,7.09000015258789,7.09000015258789,7.07999992370605,7.05999994277954,170.0
2015-02-04,6.98999977111816,6.98999977111816,6.84999990463257,6.92999982833862,32.0
2015-02-05,6.92000007629395,6.94000005722046,6.92000007629395,7.0,2341.0
2015-02-06,6.92999982833862,6.92999982833862,6.88000011444092,6.94999980926514,270.0
2015-02-09,6.86999988555908,6.88000011444092,6.80999994277954,6.90999984741211,81.0
2015-02-10,6.8899998664856,7.05999994277954,6.8600001335144,7.09999990463257,82.0
2015-02-11,7.19000005722046,7.19000005722046,7.15999984741211,7.23000001907349,61.0
2015-02-12,7.32999992370605,7.3899998664856,7.15999984741211,7.3899998664856,557.0
2015-02-13,7.3600001335144,7.59000015258789,7.32999992370605,7.63000011444092,402.0
2015-02-16,7.59000015258789,7.78999996185303,7.59000015258789,7.65000009536743,141.0
2015-02-17,7.59999990463257,7.59999990463257,7.46999979019165,7.46999979019165,36.0
2015-02-18,7.44999980926514,7.55999994277954,7.3600001335144,7.48999977111816,110.0
2015-02-19,7.3899998664856,7.40000009536743,7.34999990463257,7.34000015258789,357.0
2015-02-20,7.3600001335144,7.38000011444092,7.30000019073486,7.32000017166138,364.0
2015-02-23,7.19999980926514,7.73999977111816,7.19000005722046,7.69999980926514,1421.0
2015-02-24,7.73000001907349,7.73000001907349,7.28999996185303,7.46999979019165,388.0
2015-02-25,7.63000011444092,7.65999984741211,7.40000009536743,7.3899998664856,15720.0
2015-02-26,7.30000019073486,7.32999992370605,7.01999998092651,7.05999994277954,274.0
2015-02-27,7.03999996185303,7.1100001335144,6.92999982833862,7.09999990463257,762.0
2015-03-02,7.01000022888184,7.01000022888184,6.86999988555908,6.94999980926514,681.0
2015-03-03,6.84999990463257,6.86999988555908,6.73000001907349,6.73000001907349,534.0
2015-03-04,6.65000009536743,7.03000020980835,6.61999988555908,7.01999998092651,1197.0
2015-03-05,7.01999998092651,7.01999998092651,6.69000005722046,6.75,734.0
2015-03-06,6.71000003814697,6.84000015258789,6.65999984741211,6.80000019073486,3442.0
2015-03-09,6.73999977111816,6.73999977111816,6.6399998664856,6.67999982833862,1460.0
2015-03-10,6.65999984741211,6.82000017166138,6.57999992370605,6.82000017166138,672.0
2015-03-11,6.76999998092651,6.80000019073486,6.73999977111816,6.76000022888184,734.0
2015-03-12,6.69999980926514,6.69999980926514,6.3899998664856,6.40999984741211,2362.0
2015-03-13,6.3600001335144,6.5,6.23000001907349,6.46000003814697,1823.0
2015-03-16,6.3899998664856,6.51000022888184,6.3600001335144,6.48999977111816,2001.0
2015-03-17,6.46000003814697,6.75,6.40000009536743,6.73000001907349,1955.0
2015-03-18,6.69000005722046,6.80999994277954,6.65000009536743,6.73999977111816,1280.0
2015-03-19,6.76000022888184,6.76000022888184,6.67000007629395,6.67000007629395,12229.0
2015-03-20,6.67000007629395,6.94999980926514,6.63000011444092,7.03999996185303,23483.0
2015-03-23,6.96999979019165,7.07000017166138,6.92000007629395,7.03999996185303,3618.0
2015-03-24,7.03000020980835,7.03000020980835,7.03000020980835,7.03000020980835,25.0
2015-03-25,7.03000020980835,7.05000019073486,6.80000019073486,6.96999979019165,98.0
2015-03-26,6.98999977111816,6.98999977111816,6.98999977111816,6.94999980926514,20.0
2015-03-27,6.76000022888184,6.76000022888184,6.76000022888184,6.76000022888184,275.0
2015-03-30,6.78999996185303,6.92000007629395,6.78999996185303,6.88000011444092,197.0
2015-03-31,6.92999982833862,6.92999982833862,6.90999984741211,6.92000007629395,244.0
2015-04-01,7.03000020980835,7.07999992370605,7.03000020980835,7.1399998664856,10.0
2015-04-02,7.17000007629395,7.19000005722046,7.17000007629395,7.15000009536743,2.0
2015-04-06,7.15000009536743,7.15000009536743,7.15000009536743,7.15000009536743,0.0
2015-04-07,7.1399998664856,7.1399998664856,7.09999990463257,7.1100001335144,5.0
2015-04-08,7.1100001335144,7.15000009536743,7.1100001335144,7.11999988555908,32.0
2015-04-09,7.1100001335144,7.1100001335144,7.05999994277954,7.01000022888184,545.0
2015-04-10,6.98000001907349,6.98999977111816,6.96999979019165,6.94000005722046,1883.0
2015-04-13,6.92000007629395,6.92000007629395,6.80000019073486,6.80000019073486,41.0
2015-04-14,6.84000015258789,6.84999990463257,6.84000015258789,6.80000019073486,178.0
2015-04-15,6.84999990463257,6.84999990463257,6.84999990463257,6.84999990463257,142.0
2015-04-16,6.8600001335144,6.8899998664856,6.8600001335144,6.86999988555908,12.0
2015-04-17,6.8600001335144,6.8600001335144,6.82999992370605,6.84000015258789,555.0
2015-04-20,7.13000011444092,7.13000011444092,7.13000011444092,7.13000011444092,1481.0
2015-04-21,7.09999990463257,7.09999990463257,7.09999990463257,7.07999992370605,476.0
2015-04-22,7.09999990463257,7.09999990463257,7.09000015258789,7.09000015258789,75.0
2015-04-23,7.05999994277954,7.1100001335144,7.05999994277954,7.25,1333.0
2015-04-24,7.26000022888184,7.32000017166138,7.26000022888184,7.28000020980835,33.0
2015-04-27,7.30000019073486,7.34999990463257,7.30000019073486,7.15000009536743,395.0
2015-04-28,7.15000009536743,7.30999994277954,7.15000009536743,7.34999990463257,28.0
2015-04-29,7.34999990463257,7.34999990463257,7.34999990463257,7.46000003814697,3.0
2015-04-30,7.5,7.5,7.5,7.3899998664856,20.0
2015-05-01,7.48000001907349,7.48000001907349,7.48000001907349,7.48000001907349,625.0
2015-05-04,7.55000019073486,7.55000019073486,7.55000019073486,7.57999992370605,5.0
2015-05-05,7.53999996185303,7.55999994277954,7.53999996185303,7.55000019073486,12.0
2015-05-06,7.67000007629395,7.67000007629395,7.61999988555908,7.53000020980835,30.0
2015-05-07,7.42999982833862,7.42999982833862,7.42999982833862,7.42999982833862,152.0
2015-05-08,7.53000020980835,7.53000020980835,7.53000020980835,7.53000020980835,36.0
2015-05-11,7.53999996185303,7.59999990463257,7.51000022888184,7.61999988555908,589.0
2015-05-12,7.67999982833862,7.67999982833862,7.63000011444092,7.59000015258789,499.0
2015-05-13,7.59999990463257,7.59999990463257,7.59999990463257,7.6399998664856,3.0
2015-05-14,7.55000019073486,7.55000019073486,7.55000019073486,7.55000019073486,26.0
2015-05-15,7.59000015258789,7.59000015258789,7.59000015258789,7.59000015258789,2540.0
2015-05-18,7.53000020980835,7.53000020980835,7.53000020980835,7.59999990463257,1.0
2015-05-19,7.55000019073486,7.55000019073486,7.55000019073486,7.36999988555908,40.0
2015-05-20,7.48999977111816,7.48999977111816,7.48999977111816,7.34999990463257,35.0
2015-05-21,7.3600001335144,7.38000011444092,7.32000017166138,7.30000019073486,15.0
2015-05-22,7.26999998092651,7.26999998092651,7.26999998092651,7.30000019073486,41.0
2015-05-25,7.36999988555908,7.36999988555908,7.36999988555908,7.3600001335144,40.0
2015-05-26,7.36999988555908,7.36999988555908,7.36999988555908,7.21999979019165,44.0
2015-05-27,7.17999982833862,7.17999982833862,7.17999982833862,7.17000007629395,47.0
2015-05-28,7.17000007629395,7.19999980926514,7.17000007629395,7.17999982833862,74.0
2015-05-29,7.28999996185303,7.28999996185303,7.28999996185303,7.32000017166138,1046.0
2015-06-01,7.25,7.25,7.25,7.23999977111816,10.0
2015-06-02,7.3600001335144,7.3600001335144,7.3600001335144,7.44000005722046,983.0
2015-06-03,7.5,7.53000020980835,7.5,7.48000001907349,101.0
2015-06-04,7.5,7.5,7.40999984741211,7.3899998664856,82.0
2015-06-05,7.46000003814697,7.46000003814697,7.46000003814697,7.40000009536743,55.0
2015-06-08,7.44000005722046,7.44000005722046,7.44000005722046,7.44000005722046,105.0
2015-06-09,7.51000022888184,7.51000022888184,7.51000022888184,7.55999994277954,4621.0
2015-06-10,7.53999996185303,7.59999990463257,7.53999996185303,7.57999992370605,275.0
2015-06-11,7.55000019073486,7.55000019073486,7.55000019073486,7.5,45.0
2015-06-12,7.53000020980835,7.55000019073486,7.53000020980835,7.6100001335144,951.0
2015-06-15,7.57000017166138,7.57000017166138,7.57000017166138,7.51000022888184,1540.0
2015-06-16,7.46999979019165,7.46999979019165,7.46000003814697,7.40999984741211,95.0
2015-06-17,7.46999979019165,7.46999979019165,7.44000005722046,7.46000003814697,61.0
2015-06-18,7.46999979019165,7.46999979019165,7.46999979019165,7.44999980926514,10.0
2015-06-19,7.42999982833862,7.42999982833862,7.40000009536743,7.40999984741211,120.0
2015-06-22,7.46999979019165,7.46999979019165,7.46999979019165,7.46000003814697,50.0
2015-06-23,7.48000001907349,7.48000001907349,7.48000001907349,7.48000001907349,245.0
2015-06-24,7.51000022888184,7.51000022888184,7.51000022888184,7.48000001907349,4324.0
2015-06-25,7.55000019073486,7.55000019073486,7.55000019073486,7.57999992370605,515.0
2015-06-26,7.51999998092651,7.51999998092651,7.51999998092651,7.51999998092651,310.0
2015-06-29,7.30000019073486,7.38000011444092,7.30000019073486,7.32999992370605,1091.0
2015-06-30,7.3600001335144,7.3600001335144,7.3600001335144,7.42000007629395,20.0
2015-07-01,7.46999979019165,7.46999979019165,7.46999979019165,7.46999979019165,150.0
2015-07-02,7.46999979019165,7.46999979019165,7.46999979019165,7.42999982833862,6.0
2015-07-03,7.42000007629395,7.42000007629395,7.42000007629395,7.42000007629395,1847.0
2015-07-06,7.3899998664856,7.3899998664856,7.32999992370605,7.3600001335144,55.0
2015-07-07,7.44000005722046,7.44000005722046,7.44000005722046,7.44000005722046,305.0
2015-07-08,7.42999982833862,7.42999982833862,7.42999982833862,7.42999982833862,2757.0
2015-07-09,7.46000003814697,7.46000003814697,7.46000003814697,7.46000003814697,700.0
2015-07-10,7.59000015258789,7.59000015258789,7.59000015258789,7.59000015258789,1950.0
2015-07-13,7.65000009536743,7.65000009536743,7.65000009536743,7.76999998092651,20.0
2015-07-14,7.76999998092651,7.80999994277954,7.76999998092651,7.71000003814697,25.0
2015-07-15,7.76999998092651,7.76999998092651,7.76000022888184,7.73999977111816,25.0
2015-07-16,7.69999980926514,7.69999980926514,7.69999980926514,7.6399998664856,1.0
2015-07-17,7.67000007629395,7.67000007629395,7.65000009536743,7.71999979019165,11.0
2015-07-20,7.96000003814697,7.96000003814697,7.96000003814697,7.96000003814697,2320.0
2015-07-21,7.94000005722046,7.94000005722046,7.94000005722046,7.94000005722046,216.0
2015-07-22,7.94000005722046,7.94000005722046,7.94000005722046,7.94000005722046,346.0
2015-07-23,8.05000019073486,8.05000019073486,8.05000019073486,8.05000019073486,300.0
2015-07-24,7.98000001907349,7.98000001907349,7.98000001907349,7.98000001907349,62.0
2015-07-27,7.96999979019165,7.96999979019165,7.96999979019165,8.0,20.0
2015-07-28,7.94000005722046,7.94000005722046,7.94000005722046,8.0,20.0
2015-07-29,8.03999996185303,8.03999996185303,8.03999996185303,8.03999996185303,295.0
2015-07-30,8.03999996185303,8.03999996185303,7.86999988555908,7.8600001335144,51.0
2015-07-31,7.84999990463257,7.84999990463257,7.84999990463257,7.84999990463257,4.0
2015-08-03,7.90999984741211,7.94999980926514,7.90999984741211,7.92999982833862,36.0
2015-08-04,7.94999980926514,7.94999980926514,7.94999980926514,7.88000011444092,94.0
2015-08-05,7.84999990463257,7.84999990463257,7.84999990463257,7.80999994277954,100.0
2015-08-06,7.82000017166138,7.82000017166138,7.82000017166138,7.82000017166138,1229.0
2015-08-07,7.80000019073486,7.80000019073486,7.80000019073486,7.76000022888184,1.0
2015-08-10,7.90000009536743,7.90000009536743,7.90000009536743,7.90000009536743,1534.0
2015-08-11,7.92999982833862,7.92999982833862,7.92999982833862,8.06999969482422,10.0
2015-08-12,8.14999961853027,8.14999961853027,8.14999961853027,8.17000007629395,25.0
2015-08-13,8.21000003814697,8.21000003814697,8.21000003814697,8.17000007629395,25.0
2015-08-14,8.15999984741211,8.15999984741211,8.15999984741211,8.30000019073486,25.0
2015-08-17,8.25,8.28999996185303,8.25,8.22000026702881,26.0
2015-08-18,8.25,8.25,8.25,8.25,54.0
2015-08-19,8.31999969482422,8.31999969482422,8.31999969482422,8.31999969482422,10.0
2015-08-20,8.34000015258789,8.34000015258789,8.34000015258789,8.34000015258789,93.0
2015-08-21,8.18000030517578,8.18000030517578,8.18000030517578,8.18000030517578,10.0
2015-08-24,8.13000011444092,8.13000011444092,8.13000011444092,8.14999961853027,166.0
2015-08-25,8.22999954223633,8.22999954223633,8.22999954223633,8.22999954223633,1954.0
2015-08-26,8.07999992370605,8.07999992370605,8.07999992370605,8.07999992370605,136.0
2015-08-27,8.13000011444092,8.13000011444092,8.03999996185303,8.02999973297119,136.0
2015-08-28,8.02999973297119,8.02999973297119,8.02999973297119,8.09000015258789,20.0
2015-08-31,8.05000019073486,8.05000019073486,8.05000019073486,8.05000019073486,200.0
2015-09-01,7.98999977111816,7.98999977111816,7.98999977111816,7.98999977111816,100.0
2015-09-02,8.0,8.10000038146973,8.0,8.10000038146973,21.0
2015-09-03,8.14999961853027,8.14999961853027,8.06999969482422,8.14999961853027,10.0
2015-09-04,8.06999969482422,8.06999969482422,8.06999969482422,8.06999969482422,318.0
2015-09-07,8.0600004196167,8.0600004196167,8.0600004196167,8.0600004196167,1543.0
2015-09-08,8.10000038146973,8.10000038146973,8.10000038146973,8.22000026702881,5.0
2015-09-09,8.27000045776367,8.27000045776367,8.27000045776367,8.25,5.0
2015-09-10,8.27000045776367,8.27000045776367,8.22999954223633,8.26000022888184,6.0
2015-09-11,8.22999954223633,8.22999954223633,8.21000003814697,8.23999977111816,154.0
2015-09-14,8.22999954223633,8.22999954223633,8.22999954223633,8.21000003814697,40.0
2015-09-15,8.14999961853027,8.14999961853027,8.14999961853027,8.14999961853027,2900.0
2015-09-16,8.21000003814697,8.21000003814697,8.21000003814697,8.21000003814697,1710.0
2015-09-17,8.21000003814697,8.21000003814697,8.21000003814697,8.21000003814697,115.0
2015-09-18,8.13000011444092,8.13000011444092,8.13000011444092,8.09000015258789,5.0
2015-09-21,8.07999992370605,8.07999992370605,8.0600004196167,7.96000003814697,15.0
2015-09-22,8.01000022888184,8.01000022888184,7.98000001907349,8.0,70.0
2015-09-23,8.05000019073486,8.05000019073486,8.05000019073486,8.05000019073486,80.0
2015-09-24,7.98999977111816,7.98999977111816,7.98999977111816,7.98999977111816,170.0
2015-09-25,7.98999977111816,7.98999977111816,7.96000003814697,7.98000001907349,614.0
2015-09-28,7.96000003814697,7.96000003814697,7.90000009536743,7.90000009536743,578.0
2015-09-29,7.96000003814697,7.96000003814697,7.96000003814697,7.96000003814697,447.0
2015-09-30,8.09000015258789,8.09000015258789,8.09000015258789,8.13000011444092,2.0
2015-10-01,8.14999961853027,8.14999961853027,8.14999961853027,8.14999961853027,1005.0
2015-10-02,8.14999961853027,8.14999961853027,8.14999961853027,8.13000011444092,6.0
2015-10-05,8.1899995803833,8.1899995803833,8.1899995803833,8.1899995803833,352.0
2015-10-06,8.19999980926514,8.19999980926514,8.19999980926514,8.19999980926514,93.0
2015-10-07,8.09000015258789,8.09000015258789,8.09000015258789,8.09000015258789,1049.0
2015-10-08,8.10999965667725,8.10999965667725,8.10999965667725,8.10999965667725,219.0
2015-10-09,8.32999992370605,8.32999992370605,8.32999992370605,8.32999992370605,250.0
2015-10-12,8.31999969482422,8.31999969482422,8.31999969482422,8.27999973297119,5.0
2015-10-13,8.31999969482422,8.31999969482422,8.31999969482422,8.31999969482422,15.0
2015-10-14,8.42000007629395,8.42000007629395,8.42000007629395,8.42000007629395,268.0
2015-10-15,8.47000026702881,8.47000026702881,8.47000026702881,8.40999984741211,8.0
2015-10-16,8.38000011444092,8.38000011444092,8.38000011444092,8.38000011444092,251.0
2015-10-19,8.34000015258789,8.34000015258789,8.34000015258789,8.34000015258789,4025.0
2015-10-20,8.46000003814697,8.46000003814697,8.46000003814697,8.46000003814697,52.0
2015-10-21,8.4399995803833,8.4399995803833,8.4399995803833,8.4399995803833,101.0
2015-10-22,8.46000003814697,8.46000003814697,8.46000003814697,8.47000026702881,25.0
2015-10-23,8.52999973297119,8.52999973297119,8.52999973297119,8.61999988555908,2.0
2015-10-26,8.5600004196167,8.5600004196167,8.5600004196167,8.64999961853027,8.0
2015-10-27,8.60000038146973,8.60000038146973,8.60000038146973,8.60000038146973,2272.0
2015-10-28,8.5600004196167,8.5600004196167,8.5600004196167,8.5600004196167,100.0
2015-10-29,8.67000007629395,8.67000007629395,8.67000007629395,8.67000007629395,121.0
2015-10-30,8.63000011444092,8.63000011444092,8.63000011444092,8.63000011444092,10.0
2015-11-02,8.59000015258789,8.59000015258789,8.59000015258789,8.59000015258789,1753.0
2015-11-03,8.5,8.5,8.5,8.4399995803833,11.0
2015-11-04,8.47999954223633,8.47999954223633,8.47999954223633,8.39000034332275,5.0
2015-11-05,8.46000003814697,8.46000003814697,8.46000003814697,8.46000003814697,807.0
2015-11-06,8.39999961853027,8.39999961853027,8.39999961853027,8.39999961853027,241.0
2015-11-09,8.3100004196167,8.3100004196167,8.3100004196167,8.3100004196167,195.0
2015-11-10,8.4399995803833,8.4399995803833,8.4399995803833,8.4399995803833,201.0
2015-11-11,8.4399995803833,8.4399995803833,8.4399995803833,8.4399995803833,243.0
2015-11-12,8.36999988555908,8.36999988555908,8.36999988555908,8.36999988555908,114.0
2015-11-13,8.39000034332275,8.39000034332275,8.39000034332275,8.39000034332275,207.0
2015-11-16,8.38000011444092,8.39999961853027,8.38000011444092,8.52999973297119,15.0
2015-11-17,8.60999965667725,8.60999965667725,8.60999965667725,8.60999965667725,86.0
2015-11-18,8.55000019073486,8.55000019073486,8.55000019073486,8.57999992370605,5.0
2015-11-19,8.63000011444092,8.63000011444092,8.63000011444092,8.63000011444092,350.0
2015-11-20,8.51000022888184,8.51000022888184,8.51000022888184,8.51000022888184,394.0
2015-11-23,8.5600004196167,8.5600004196167,8.5600004196167,8.5600004196167,286.0
2015-11-24,8.61999988555908,8.61999988555908,8.61999988555908,8.64999961853027,1.0
2015-11-25,8.61999988555908,8.61999988555908,8.61999988555908,8.61999988555908,201.0
2015-11-26,8.57999992370605,8.57999992370605,8.57999992370605,8.57999992370605,521.0
2015-11-27,8.5600004196167,8.5600004196167,8.5600004196167,8.57999992370605,6.0
2015-11-30,8.57999992370605,8.57999992370605,8.57999992370605,8.57999992370605,326.0
2015-12-01,8.5600004196167,8.59000015258789,8.48999977111816,8.5600004196167,11407.0
2015-12-02,8.5600004196167,8.56999969482422,8.47000026702881,8.47999954223633,20933.0
2015-12-03,8.47000026702881,8.60999965667725,8.42000007629395,8.59000015258789,22650.0
2015-12-04,8.55000019073486,8.64999961853027,8.5,8.52000045776367,36044.0
2015-12-07,8.52000045776367,8.52999973297119,8.39999961853027,8.40999984741211,28898.0
2015-12-08,8.4399995803833,8.4399995803833,8.35000038146973,8.40999984741211,25715.0
2015-12-09,8.43000030517578,8.4399995803833,8.32999992370605,8.39999961853027,17266.0
2015-12-10,8.43000030517578,8.43000030517578,8.28999996185303,8.35999965667725,35114.0
2015-12-11,8.32999992370605,8.34000015258789,7.92999982833862,8.06999969482422,24792.0
2015-12-14,7.98999977111816,8.07999992370605,7.90000009536743,8.06999969482422,23522.0
2015-12-15,8.1899995803833,8.1899995803833,8.1899995803833,8.1899995803833,471.0
2015-12-16,8.13000011444092,8.13000011444092,8.13000011444092,8.13000011444092,458.0
2015-12-17,8.11999988555908,8.11999988555908,8.11999988555908,8.06999969482422,300.0
2015-12-18,8.0600004196167,8.0600004196167,8.0600004196167,8.0600004196167,542.0
2015-12-21,8.1899995803833,8.1899995803833,8.1899995803833,8.1899995803833,175.0
2015-12-22,8.25,8.25,8.25,8.25,148.0
2015-12-23,8.22000026702881,8.22000026702881,8.22000026702881,8.22000026702881,50.0
2015-12-24,8.1899995803833,8.1899995803833,8.1899995803833,8.1899995803833,10.0
2015-12-28,8.3100004196167,8.3100004196167,8.3100004196167,8.3100004196167,30.0
2015-12-29,8.27000045776367,8.27000045776367,8.27000045776367,8.27000045776367,35.0
2015-12-30,8.21000003814697,8.21000003814697,8.21000003814697,8.21000003814697,87.0
2015-12-31,8.22000026702881,8.22000026702881,8.22000026702881,8.22000026702881,630.0
2016-01-04,8.03999996185303,8.03999996185303,8.03999996185303,8.03999996185303,179.0
2016-01-05,8.0600004196167,8.0600004196167,8.0600004196167,7.98999977111816,6.0
2016-01-06,8.02000045776367,8.02999973297119,7.92999982833862,7.73999977111816,158.0
2016-01-07,7.53999996185303,7.53999996185303,7.53999996185303,7.53999996185303,105.0
2016-01-08,7.40999984741211,7.40999984741211,7.40999984741211,7.40999984741211,805.0
2016-01-11,7.11999988555908,7.11999988555908,7.11999988555908,7.11999988555908,468.0
2016-01-12,7.09999990463257,7.09999990463257,7.09999990463257,7.09999990463257,3000.0
2016-01-13,7.23999977111816,7.23999977111816,7.23999977111816,7.23999977111816,1500.0
2016-01-14,7.07999992370605,7.07999992370605,7.07999992370605,7.07999992370605,1056.0
2016-01-15,7.0,7.0,6.73000001907349,6.67000007629395,8.0
2016-01-18,6.55000019073486,6.55000019073486,6.55000019073486,6.71000003814697,5.0
2016-01-19,6.80999994277954,6.80999994277954,6.80999994277954,6.80999994277954,510.0
2016-01-20,6.6100001335144,6.6100001335144,6.57999992370605,6.30999994277954,12.0
2016-01-21,6.17000007629395,6.17000007629395,6.17000007629395,6.17000007629395,1208.0
2016-01-22,6.32000017166138,6.32000017166138,6.32000017166138,6.32000017166138,82.0
2016-01-25,5.94999980926514,5.94999980926514,5.90000009536743,5.86999988555908,882.0
2016-01-26,6.07000017166138,6.07000017166138,6.07000017166138,6.07000017166138,864.0
2016-01-27,5.90000009536743,5.90000009536743,5.90000009536743,5.90000009536743,1595.0
2016-01-28,6.05999994277954,6.05999994277954,6.05999994277954,6.05999994277954,1177.0
2016-01-29,6.03999996185303,6.03999996185303,6.03999996185303,6.03999996185303,4655.0
2016-02-01,5.84999990463257,5.84999990463257,5.80999994277954,5.67999982833862,17.0
2016-02-02,5.61999988555908,5.61999988555908,5.61999988555908,5.80999994277954,40.0
2016-02-03,5.6100001335144,5.6100001335144,5.6100001335144,5.6100001335144,415.0
2016-02-04,5.59999990463257,5.59999990463257,5.59999990463257,5.59999990463257,10.0
2016-02-05,5.53999996185303,5.53999996185303,5.53999996185303,5.53999996185303,1772.0
2016-02-08,5.19999980926514,5.19999980926514,5.19999980926514,5.23000001907349,10.0
2016-02-09,5.15000009536743,5.15000009536743,5.15000009536743,4.94999980926514,7.0
2016-02-10,4.86999988555908,4.86999988555908,4.86999988555908,4.86999988555908,1171.0
2016-02-11,4.63000011444092,4.63000011444092,4.63000011444092,4.73000001907349,5.0
2016-02-12,5.05000019073486,5.05000019073486,5.05000019073486,5.05000019073486,3081.0
2016-02-15,4.98000001907349,4.98000001907349,4.94999980926514,4.78999996185303,15.0
2016-02-16,4.88000011444092,4.88000011444092,4.88000011444092,4.67000007629395,6.0
2016-02-17,5.07000017166138,5.07000017166138,5.07000017166138,5.07000017166138,477.0
2016-02-18,5.23999977111816,5.23999977111816,5.23999977111816,5.23999977111816,417.0
2016-02-19,5.15000009536743,5.15000009536743,5.15000009536743,5.15000009536743,1124.0
2016-02-22,5.23999977111816,5.23999977111816,5.23999977111816,5.40000009536743,13.0
2016-02-23,4.8899998664856,4.8899998664856,4.8899998664856,4.8899998664856,782.0
2016-02-24,4.71999979019165,4.71999979019165,4.71999979019165,4.84999990463257,2.0
2016-02-25,4.98999977111816,4.98999977111816,4.94999980926514,5.05999994277954,11.0
2016-02-26,4.98000001907349,4.98000001907349,4.98000001907349,4.98000001907349,452.0
2016-02-29,4.94999980926514,4.96000003814697,4.94999980926514,4.98999977111816,20.0
2016-03-01,4.96000003814697,5.01999998092651,4.90999984741211,4.98999977111816,143.0
2016-03-02,4.98999977111816,4.98999977111816,4.90000009536743,4.94999980926514,815.0
2016-03-03,4.94999980926514,4.94999980926514,4.78999996185303,4.88000011444092,1814.0
2016-03-04,4.8600001335144,4.8899998664856,4.78000020980835,4.92000007629395,764.0
2016-03-07,4.96999979019165,4.96999979019165,4.94999980926514,5.09000015258789,181.0
2016-03-08,5.0,5.19999980926514,5.0,5.01000022888184,243.0
2016-03-09,4.98000001907349,5.07999992370605,4.94999980926514,5.07000017166138,554.0
2016-03-10,4.98999977111816,5.01000022888184,4.84000015258789,4.90000009536743,1319.0
2016-03-11,5.05000019073486,5.05000019073486,4.92999982833862,4.98000001907349,1534.0
2016-03-14,4.96999979019165,4.96999979019165,4.84999990463257,4.84999990463257,275.0
2016-03-15,4.6100001335144,4.86999988555908,4.6100001335144,4.84999990463257,16.0
2016-03-16,4.94999980926514,4.94999980926514,4.94999980926514,4.94999980926514,261.0
2016-03-17,4.98999977111816,4.98999977111816,4.98999977111816,4.98999977111816,1639.0
2016-03-18,4.96000003814697,5.01000022888184,4.96000003814697,4.92999982833862,26.0
2016-03-21,4.8600001335144,4.8600001335144,4.8600001335144,4.8600001335144,136.0
2016-03-22,4.80999994277954,4.80999994277954,4.80999994277954,4.80999994277954,692.0
2016-03-23,4.78999996185303,4.78999996185303,4.78999996185303,4.78999996185303,1516.0
2016-03-24,4.84000015258789,4.84000015258789,4.84000015258789,4.84000015258789,9.0
2016-03-29,4.76999998092651,4.76999998092651,4.76999998092651,4.76999998092651,88.0
2016-03-30,4.76999998092651,4.76999998092651,4.76999998092651,4.94999980926514,10.0
2016-03-31,5.09000015258789,5.09000015258789,5.09000015258789,5.19999980926514,10.0
2016-04-01,5.15999984741211,5.15999984741211,5.15999984741211,5.15999984741211,3602.0
2016-04-04,5.32000017166138,5.32000017166138,5.32000017166138,5.32000017166138,805.0
2016-04-05,5.32000017166138,5.32000017166138,5.32000017166138,5.23000001907349,9.0
2016-04-06,5.30000019073486,5.30000019073486,5.30000019073486,5.30000019073486,1508.0
2016-04-07,5.26999998092651,5.26999998092651,5.26999998092651,5.26999998092651,431.0
2016-04-08,5.40999984741211,5.40999984741211,5.40999984741211,5.40999984741211,240.0
2016-04-11,5.51999998092651,5.51999998092651,5.51999998092651,5.57000017166138,50.0
2016-04-12,5.57999992370605,5.57999992370605,5.57999992370605,5.57999992370605,346.0
2016-04-13,5.5,5.5,5.5,5.53000020980835,10.0
2016-04-14,5.59999990463257,5.59999990463257,5.59999990463257,5.59999990463257,1150.0
2016-04-15,5.55000019073486,5.55000019073486,5.55000019073486,5.46999979019165,10.0
2016-04-18,5.46000003814697,5.46000003814697,5.46000003814697,5.46000003814697,81.0
2016-04-19,5.55999994277954,5.55999994277954,5.55999994277954,5.55999994277954,43.0
2016-04-20,5.5,5.5,5.5,5.53999996185303,15.0
2016-04-21,5.73999977111816,5.73999977111816,5.73999977111816,5.73999977111816,1142.0
2016-04-22,5.75,5.75,5.75,5.96000003814697,6.0
2016-04-25,5.94000005722046,6.05999994277954,5.94000005722046,5.8899998664856,45.0
2016-04-26,6.6100001335144,6.6100001335144,6.6100001335144,6.6100001335144,2239.0
2016-04-27,6.82999992370605,6.82999992370605,6.82999992370605,6.82999992370605,1803.0
2016-04-28,6.32999992370605,6.32999992370605,6.32999992370605,6.32999992370605,3599.0
2016-04-29,6.17000007629395,6.17000007629395,6.17000007629395,6.17000007629395,1978.0
2016-05-02,6.09999990463257,6.09999990463257,6.09999990463257,6.09999990463257,357.0
2016-05-03,5.98000001907349,5.98000001907349,5.98000001907349,5.98000001907349,481.0
2016-05-04,6.11999988555908,6.11999988555908,6.11999988555908,6.11999988555908,683.0
2016-05-05,6.19000005722046,6.19000005722046,6.19000005722046,6.19000005722046,231.0
2016-05-06,5.84999990463257,5.84999990463257,5.84999990463257,5.84999990463257,992.0
2016-05-09,5.69000005722046,5.69000005722046,5.69000005722046,5.69000005722046,984.0
2016-05-10,5.8899998664856,5.8899998664856,5.8899998664856,5.8899998664856,1124.0
2016-05-11,5.82999992370605,5.82999992370605,5.82999992370605,6.01000022888184,8.0
2016-05-12,5.80000019073486,5.80000019073486,5.80000019073486,5.80000019073486,754.0
2016-05-13,5.84999990463257,5.84999990463257,5.84999990463257,5.84000015258789,152.0
2016-05-16,6.09999990463257,6.09999990463257,6.09999990463257,6.09999990463257,113.0
2016-05-17,6.03999996185303,6.03999996185303,6.03999996185303,6.03999996185303,1274.0
2016-05-18,6.05000019073486,6.05000019073486,6.05000019073486,6.05000019073486,1406.0
2016-05-19,5.90000009536743,5.90000009536743,5.8899998664856,5.98000001907349,504.0
2016-05-20,5.92000007629395,5.96999979019165,5.92000007629395,5.94999980926514,32.0
2016-05-23,5.90000009536743,5.90000009536743,5.8600001335144,5.71999979019165,6.0
2016-05-24,5.80999994277954,5.80999994277954,5.80999994277954,5.78000020980835,2.0
2016-05-25,5.84999990463257,5.84999990463257,5.84999990463257,5.84999990463257,50.0
2016-05-26,6.01000022888184,6.01000022888184,6.01000022888184,6.01000022888184,60.0
2016-05-27,6.01999998092651,6.01999998092651,6.01999998092651,6.01999998092651,2924.0
2016-05-30,6.09999990463257,6.09999990463257,6.09999990463257,6.09999990463257,60.0
2016-05-31,6.07999992370605,6.07999992370605,6.07999992370605,6.07999992370605,1750.0
2016-06-01,5.98000001907349,5.98000001907349,5.98000001907349,5.94999980926514,60.0
2016-06-02,6.01000022888184,6.01000022888184,6.01000022888184,6.01000022888184,1300.0
2016-06-03,5.92999982833862,5.92999982833862,5.92999982833862,5.92999982833862,60.0
2016-06-06,6.19000005722046,6.19000005722046,6.19000005722046,6.19000005722046,1120.0
2016-06-07,6.3600001335144,6.3600001335144,6.3600001335144,6.09999990463257,70.0
2016-06-08,6.09000015258789,6.09000015258789,6.09000015258789,6.09000015258789,641.0
2016-06-09,6.05999994277954,6.05999994277954,6.05999994277954,6.09999990463257,73.0
2016-06-10,5.96999979019165,5.96999979019165,5.94999980926514,5.94000005722046,117.0
2016-06-13,5.8899998664856,5.8899998664856,5.84999990463257,5.84000015258789,140.0
2016-06-14,5.84000015258789,5.84000015258789,5.84000015258789,5.84000015258789,1093.0
2016-06-15,5.8899998664856,5.8899998664856,5.8899998664856,5.8899998664856,175.0
2016-06-16,5.69999980926514,5.69999980926514,5.69999980926514,5.69999980926514,180.0
2016-06-17,5.73999977111816,5.73999977111816,5.67000007629395,5.65999984741211,71.0
2016-06-20,5.84000015258789,5.84000015258789,5.84000015258789,5.84000015258789,100.0
2016-06-21,5.55999994277954,5.55999994277954,5.55999994277954,5.53999996185303,110.0
2016-06-22,5.57000017166138,5.57000017166138,5.57000017166138,5.67000007629395,2002.0
2016-06-23,5.63000011444092,5.63000011444092,5.63000011444092,5.63000011444092,100.0
2016-06-24,4.8899998664856,4.8899998664856,4.8899998664856,4.94999980926514,5.0
2016-06-27,5.05999994277954,5.05999994277954,5.0,4.76000022888184,56.0
2016-06-28,4.67999982833862,4.67999982833862,4.67999982833862,4.67999982833862,703.0
2016-06-29,4.51000022888184,4.51000022888184,4.51000022888184,4.51000022888184,575.0
2016-06-30,4.46000003814697,4.46000003814697,4.46000003814697,4.46000003814697,950.0
2016-07-01,4.46000003814697,4.46000003814697,4.46000003814697,4.6100001335144,1.0
2016-07-04,4.96000003814697,4.96000003814697,4.96000003814697,4.96000003814697,880.0
2016-07-05,4.69999980926514,4.69999980926514,4.69999980926514,4.69999980926514,696.0
2016-07-06,4.51000022888184,4.51000022888184,4.51000022888184,4.57999992370605,15.0
2016-07-07,4.71999979019165,4.71999979019165,4.63000011444092,4.57000017166138,12.0
2016-07-08,4.53000020980835,4.53000020980835,4.53000020980835,4.53000020980835,374.0
2016-07-11,4.53000020980835,4.53000020980835,4.48000001907349,4.42000007629395,21.0
2016-07-12,4.42999982833862,4.57999992370605,4.42999982833862,4.61999988555908,57.0
2016-07-13,4.78000020980835,4.78000020980835,4.78000020980835,4.78000020980835,616.0
2016-07-14,4.84999990463257,4.84999990463257,4.84999990463257,4.76999998092651,5.0
2016-07-15,4.69999980926514,4.69999980926514,4.69999980926514,4.92000007629395,4.0
2016-07-18,4.84000015258789,4.84000015258789,4.84000015258789,4.84000015258789,1110.0
2016-07-19,4.65999984741211,4.65999984741211,4.65999984741211,4.65999984741211,792.0
2016-07-20,4.67999982833862,4.67999982833862,4.67999982833862,4.67999982833862,3793.0
2016-07-21,4.71999979019165,4.71999979019165,4.71999979019165,4.6399998664856,5.0
2016-07-22,4.55000019073486,4.55000019073486,4.55000019073486,4.55000019073486,774.0
2016-07-25,4.57999992370605,4.57999992370605,4.57999992370605,4.57999992370605,797.0
2016-07-26,4.5,4.5,4.5,4.5,2744.0
2016-07-27,4.51999998092651,4.51999998092651,4.51999998092651,4.51999998092651,1444.0
2016-07-28,4.46999979019165,4.46999979019165,4.46999979019165,4.46999979019165,507.0
2016-07-29,4.40000009536743,4.40000009536743,4.40000009536743,4.40999984741211,2.0
2016-08-01,4.36999988555908,4.36999988555908,4.36999988555908,4.36999988555908,128.0
2016-08-02,4.40000009536743,4.40000009536743,4.40000009536743,4.40000009536743,289.0
2016-08-03,4.55999994277954,4.59000015258789,4.55999994277954,4.61999988555908,10.0
2016-08-04,4.67999982833862,4.67999982833862,4.67999982833862,4.67999982833862,1190.0
2016-08-05,4.71999979019165,4.71999979019165,4.71999979019165,4.71999979019165,503.0
2016-08-08,4.94000005722046,4.94000005722046,4.94000005722046,4.94000005722046,352.0
2016-08-09,4.86999988555908,4.86999988555908,4.86999988555908,4.86999988555908,655.0
2016-08-10,4.76000022888184,4.76000022888184,4.76000022888184,4.76000022888184,220.0
2016-08-11,4.86999988555908,4.86999988555908,4.86999988555908,4.86999988555908,29.0
2016-08-12,4.8899998664856,4.8899998664856,4.8899998664856,4.8899998664856,28.0
2016-08-15,4.80000019073486,4.80000019073486,4.80000019073486,4.80000019073486,750.0
2016-08-16,4.69000005722046,4.69000005722046,4.69000005722046,4.69000005722046,214.0
2016-08-17,4.48000001907349,4.48000001907349,4.48000001907349,4.48000001907349,642.0
2016-08-18,4.48999977111816,4.48999977111816,4.48999977111816,4.67999982833862,8.0
2016-08-19,4.76000022888184,4.76000022888184,4.76000022888184,4.76000022888184,386.0
2016-08-22,4.86999988555908,4.86999988555908,4.86999988555908,4.8899998664856,8.0
2016-08-23,4.69999980926514,4.69999980926514,4.69999980926514,4.69999980926514,496.0
2016-08-24,4.59999990463257,4.59999990463257,4.59999990463257,4.59999990463257,2759.0
2016-08-25,4.69999980926514,4.69999980926514,4.69999980926514,4.69999980926514,55.0
2016-08-26,4.69000005722046,4.69000005722046,4.69000005722046,4.69000005722046,200.0
2016-08-29,4.69000005722046,4.69000005722046,4.69000005722046,4.69000005722046,2.0
2016-08-30,4.53999996185303,4.53999996185303,4.53999996185303,4.53999996185303,1200.0
2016-08-31,4.46000003814697,4.46000003814697,4.46000003814697,4.46000003814697,1083.0
2016-09-01,4.36999988555908,4.36999988555908,4.36999988555908,4.36999988555908,681.0
2016-09-02,4.34999990463257,4.34999990463257,4.32999992370605,4.07999992370605,12.0
2016-09-05,3.9300000667572,3.9300000667572,3.9300000667572,3.9300000667572,2432.0
2016-09-06,4.13000011444092,4.13000011444092,4.13000011444092,4.13000011444092,1522.0
2016-09-07,4.01000022888184,4.01000022888184,4.01000022888184,4.01000022888184,756.0
2016-09-08,4.07999992370605,4.07999992370605,4.07999992370605,4.07999992370605,578.0
2016-09-09,4.07999992370605,4.07999992370605,4.07999992370605,4.07999992370605,385.0
2016-09-12,4.03000020980835,4.03000020980835,4.03000020980835,4.03000020980835,507.0
2016-09-13,4.01999998092651,4.01999998092651,4.01999998092651,4.01999998092651,1181.0
2016-09-14,3.98000001907349,3.98000001907349,3.98000001907349,3.98000001907349,491.0
2016-09-15,3.97000002861023,3.97000002861023,3.97000002861023,4.1399998664856,3.0
2016-09-16,4.3600001335144,4.3600001335144,4.3600001335144,4.3600001335144,423.0
2016-09-19,4.42999982833862,4.42999982833862,4.42000007629395,4.40000009536743,2.0
2016-09-20,4.15999984741211,4.15999984741211,4.15999984741211,4.15999984741211,434.0
2016-09-21,4.09999990463257,4.09999990463257,4.09999990463257,4.21000003814697,15.0
2016-09-22,4.42000007629395,4.42000007629395,4.42000007629395,4.42000007629395,1571.0
2016-09-23,4.65000009536743,4.65000009536743,4.65000009536743,4.53999996185303,10.0
2016-09-26,4.6399998664856,4.69999980926514,4.6399998664856,4.61999988555908,95.0
2016-09-27,4.42999982833862,4.42999982833862,4.42999982833862,4.42999982833862,1249.0
2016-09-28,5.0,5.0,5.0,4.94999980926514,1.0
2016-09-29,5.19000005722046,5.19000005722046,5.19000005722046,5.01999998092651,1.0
2016-09-30,4.92000007629395,4.92000007629395,4.92000007629395,4.96000003814697,1.0
2016-10-03,5.30999994277954,5.30999994277954,5.30999994277954,5.30999994277954,543.0
2016-10-04,5.21999979019165,5.21999979019165,5.21999979019165,5.21000003814697,2.0
2016-10-05,5.42999982833862,5.42999982833862,5.42999982833862,5.48000001907349,2.0
2016-10-06,5.8600001335144,5.8600001335144,5.8600001335144,5.8600001335144,2384.0
2016-10-07,5.67000007629395,5.67000007629395,5.67000007629395,5.69000005722046,10.0
2016-10-10,5.65999984741211,5.65999984741211,5.65999984741211,5.65999984741211,313.0
2016-10-11,5.55000019073486,5.55000019073486,5.55000019073486,5.42999982833862,2.0
2016-10-12,5.51999998092651,5.51999998092651,5.51999998092651,5.51999998092651,372.0
2016-10-13,5.6399998664856,5.6399998664856,5.6399998664856,5.65000009536743,2.0
2016-10-14,5.80999994277954,5.80999994277954,5.80999994277954,5.80999994277954,1293.0
2016-10-17,5.90000009536743,5.90000009536743,5.90000009536743,5.86999988555908,2.0
2016-10-18,5.94999980926514,5.94999980926514,5.94999980926514,5.94999980926514,505.0
2016-10-19,5.67000007629395,5.67000007629395,5.67000007629395,5.67000007629395,1085.0
2016-10-20,5.57999992370605,5.57999992370605,5.57999992370605,5.57999992370605,1298.0
2016-10-21,5.8899998664856,5.8899998664856,5.8899998664856,5.8899998664856,401.0
2016-10-24,5.80999994277954,5.80999994277954,5.80999994277954,5.80999994277954,1323.0
2016-10-25,5.80999994277954,5.80999994277954,5.80999994277954,5.80999994277954,1855.0
2016-10-26,5.94000005722046,5.94000005722046,5.94000005722046,5.94000005722046,1385.0
2016-10-27,5.80999994277954,5.80999994277954,5.80999994277954,5.80999994277954,926.0
2016-10-28,5.76000022888184,5.76000022888184,5.75,5.88000011444092,6.0
2016-10-31,5.92999982833862,5.92999982833862,5.92999982833862,5.90000009536743,4.0
2016-11-01,5.96999979019165,5.96999979019165,5.96999979019165,6.03000020980835,20.0
2016-11-02,6.23999977111816,6.23999977111816,6.23999977111816,6.23999977111816,1026.0
2016-11-03,6.5,6.5,6.5,6.5,1114.0
2016-11-04,6.40999984741211,6.40999984741211,6.40999984741211,6.40999984741211,478.0
2016-11-07,6.51999998092651,6.51999998092651,6.51999998092651,6.23000001907349,7.0
2016-11-08,6.15000009536743,6.15000009536743,6.15000009536743,6.15000009536743,1214.0
2016-11-09,6.13000011444092,6.13000011444092,6.13000011444092,6.13000011444092,832.0
2016-11-10,5.92000007629395,5.92000007629395,5.92000007629395,5.92000007629395,2236.0
2016-11-11,5.69999980926514,5.69999980926514,5.69999980926514,5.67000007629395,1.0
2016-11-14,5.55000019073486,5.55000019073486,5.55000019073486,5.40999984741211,3.0
2016-11-15,5.73999977111816,5.73999977111816,5.73999977111816,5.73999977111816,854.0
2016-11-16,5.55000019073486,5.55000019073486,5.55000019073486,5.55000019073486,1294.0
2016-11-17,5.73999977111816,5.80000019073486,5.73999977111816,5.90000009536743,4.0
2016-11-18,5.57999992370605,5.57999992370605,5.57999992370605,5.57999992370605,1137.0
2016-11-21,5.46999979019165,5.46999979019165,5.46999979019165,5.48000001907349,2.0
2016-11-22,5.51000022888184,5.51000022888184,5.51000022888184,5.51000022888184,1722.0
2016-11-23,5.3899998664856,5.3899998664856,5.3899998664856,5.3899998664856,1020.0
2016-11-24,5.34999990463257,5.34999990463257,5.34999990463257,5.34000015258789,2.0
2016-11-25,5.0,5.0,5.0,5.0,1453.0
2016-11-28,4.98999977111816,4.98999977111816,4.98999977111816,4.73999977111816,2.0
2016-11-29,4.71000003814697,4.78999996185303,4.40999984741211,4.55999994277954,21128.0
2016-11-30,4.48999977111816,4.80999994277954,4.34999990463257,4.57999992370605,16816.0
2016-12-01,4.61999988555908,4.65000009536743,4.40000009536743,4.46000003814697,15000.0
2016-12-02,4.44000005722046,4.5,4.25,4.30000019073486,23234.0
2016-12-05,4.26999998092651,4.44999980926514,3.97000002861023,4.36999988555908,23625.0
2016-12-06,4.28999996185303,4.53999996185303,4.03000020980835,4.5,20978.0
2016-12-07,4.48999977111816,4.61999988555908,4.26999998092651,4.30000019073486,19141.0
2016-12-08,4.26999998092651,4.65000009536743,4.23999977111816,4.6100001335144,16365.0
2016-12-09,4.6100001335144,4.78000020980835,4.44000005722046,4.46000003814697,16739.0
2016-12-12,4.51000022888184,4.8899998664856,4.48999977111816,4.86999988555908,20871.0
2016-12-13,4.84000015258789,4.92000007629395,4.69999980926514,4.78999996185303,23633.0
2016-12-14,5.03000020980835,5.19000005722046,4.88000011444092,5.01000022888184,25669.0
2016-12-15,5.01000022888184,5.1399998664856,4.78999996185303,4.84000015258789,20358.0
2016-12-16,4.92999982833862,5.0,4.57000017166138,4.92999982833862,22511.0
2016-12-19,4.96000003814697,5.21999979019165,4.92999982833862,5.09000015258789,16004.0
2016-12-20,5.21999979019165,5.21999979019165,5.21999979019165,5.23000001907349,16.0
2016-12-21,5.80000019073486,5.80000019073486,5.80000019073486,5.80000019073486,771.0
2016-12-22,5.86999988555908,5.8899998664856,5.86999988555908,6.07000017166138,2.0
2016-12-23,6.21999979019165,6.21999979019165,6.21999979019165,6.21999979019165,1893.0
2016-12-27,6.32000017166138,6.32000017166138,6.32000017166138,6.32000017166138,302.0
2016-12-28,6.32000017166138,6.32000017166138,6.32000017166138,6.32000017166138,50.0
2016-12-29,6.34000015258789,6.34000015258789,6.34000015258789,6.34000015258789,200.0
2016-12-30,6.53999996185303,6.53999996185303,6.53999996185303,6.53999996185303,1.0
2017-01-02,6.1100001335144,6.1100001335144,6.1100001335144,6.1100001335144,30.0
2017-01-03,5.40999984741211,5.40999984741211,5.40999984741211,5.40999984741211,1557.0
2017-01-04,5.6399998664856,5.67999982833862,5.32000017166138,5.69999980926514,45.0
2017-01-05,5.26999998092651,5.26999998092651,5.26999998092651,5.26999998092651,1088.0
2017-01-06,5.3899998664856,5.3899998664856,5.03999996185303,5.03000020980835,4.0
2017-01-09,5.05000019073486,5.05000019073486,5.05000019073486,5.25,2.0
2017-01-10,5.3600001335144,5.3600001335144,5.3600001335144,5.48999977111816,2.0
2017-01-11,5.51000022888184,5.51000022888184,5.51000022888184,5.51000022888184,3933.0
2017-01-12,5.03000020980835,5.03000020980835,5.03000020980835,5.03000020980835,1.0
2017-01-13,5.03000020980835,5.03000020980835,5.03000020980835,5.03000020980835,2307.0
2017-01-16,4.96000003814697,4.96000003814697,4.84999990463257,4.69000005722046,7.0
2017-01-17,4.65999984741211,4.65999984741211,4.65999984741211,4.98999977111816,1.0
2017-01-18,4.96000003814697,4.96000003814697,4.92999982833862,4.82999992370605,19.0
2017-01-19,4.90000009536743,4.94999980926514,4.90000009536743,5.19000005722046,15.0
2017-01-20,5.42000007629395,5.42000007629395,5.42000007629395,5.42000007629395,1791.0
2017-01-23,5.30999994277954,5.30999994277954,5.30999994277954,5.30999994277954,3023.0
2017-01-24,5.19000005722046,5.19000005722046,5.19000005722046,5.07000017166138,2.0
2017-01-25,4.94999980926514,4.98999977111816,4.94999980926514,4.96999979019165,3.0
2017-01-26,5.19000005722046,5.19000005722046,5.19000005722046,5.19000005722046,828.0
2017-01-27,4.90999984741211,4.90999984741211,4.90999984741211,4.90999984741211,496.0
2017-01-30,5.34000015258789,5.34000015258789,5.34000015258789,5.34000015258789,974.0
2017-01-31,5.69000005722046,5.69000005722046,5.69000005722046,5.69000005722046,664.0
2017-02-01,5.6100001335144,5.6100001335144,5.6100001335144,5.6100001335144,635.0
2017-02-02,5.55999994277954,5.55999994277954,5.55999994277954,5.55999994277954,866.0
2017-02-03,5.48999977111816,5.48999977111816,5.48999977111816,5.48999977111816,20.0
2017-02-06,5.42999982833862,5.42999982833862,5.42999982833862,5.42999982833862,1166.0
2017-02-07,5.5,5.5,5.5,5.5,1582.0
2017-02-08,5.55000019073486,5.55000019073486,5.55000019073486,5.55000019073486,1858.0
2017-02-09,5.61999988555908,5.61999988555908,5.61999988555908,5.61999988555908,2342.0
2017-02-10,5.44999980926514,5.44999980926514,5.44999980926514,5.44999980926514,1508.0
2017-02-13,5.23999977111816,5.23999977111816,5.23999977111816,5.23999977111816,1011.0
2017-02-14,5.48000001907349,5.48000001907349,5.48000001907349,5.48000001907349,679.0
2017-02-15,5.42000007629395,5.42000007629395,5.42000007629395,5.42000007629395,1641.0
2017-02-16,5.28000020980835,5.28000020980835,5.28000020980835,5.28000020980835,9.0
2017-02-17,5.30999994277954,5.30999994277954,5.30999994277954,5.30999994277954,6.0
2017-02-20,5.42999982833862,5.42999982833862,5.42999982833862,5.42999982833862,1165.0
2017-02-21,5.3899998664856,5.3899998664856,5.3899998664856,5.3899998664856,820.0
2017-02-22,5.40999984741211,5.40999984741211,5.40999984741211,5.40999984741211,8.0
2017-02-23,5.69999980926514,5.69999980926514,5.69999980926514,5.69999980926514,4.0
2017-02-24,5.73000001907349,5.73000001907349,5.73000001907349,5.73000001907349,2.0
2017-02-27,5.53000020980835,5.53000020980835,5.53000020980835,5.53000020980835,2.0
2017-02-28,5.57000017166138,5.57000017166138,5.57000017166138,5.57000017166138,182.0
2017-03-01,6.26000022888184,6.26000022888184,6.26000022888184,6.26000022888184,1675.0
2017-03-02,5.80999994277954,5.80999994277954,5.80999994277954,5.80999994277954,195.0
2017-03-03,5.94000005722046,5.94000005722046,5.94000005722046,5.94000005722046,246.0
2017-03-06,5.82999992370605,5.82999992370605,5.82999992370605,5.82999992370605,1504.0
2017-03-07,5.71999979019165,5.71999979019165,5.71999979019165,5.71999979019165,192.0
2017-03-08,5.57999992370605,5.57999992370605,5.57999992370605,5.57999992370605,241.0
2017-03-09,5.46000003814697,5.46000003814697,5.46000003814697,5.46000003814697,223.0
2017-03-10,5.51000022888184,5.51000022888184,5.51000022888184,5.51000022888184,87.0
2017-03-13,5.5,5.5,5.5,5.5,5.0
2017-03-14,5.44999980926514,5.44999980926514,5.44999980926514,5.44999980926514,301.0
2017-03-15,5.53999996185303,5.53999996185303,5.53999996185303,5.53999996185303,53.0
2017-03-16,5.48999977111816,5.48999977111816,5.48999977111816,5.48999977111816,192.0
2017-03-17,5.48000001907349,5.48000001907349,5.48000001907349,5.48000001907349,390.0
2017-03-20,5.32999992370605,5.32999992370605,5.32999992370605,5.32999992370605,429.0
2017-03-21,5.28000020980835,5.28000020980835,5.28000020980835,5.28000020980835,4121.0
2017-03-22,5.30999994277954,5.30999994277954,5.30999994277954,5.30999994277954,321.0
2017-03-23,5.32000017166138,5.32000017166138,5.32000017166138,5.32000017166138,180.0
2017-03-24,5.1100001335144,5.1100001335144,5.1100001335144,5.1100001335144,374.0
2017-03-27,4.96999979019165,4.96999979019165,4.96999979019165,4.96999979019165,676.0
2017-03-28,5.07999992370605,5.07999992370605,5.07999992370605,5.07999992370605,980.0
2017-03-29,5.1100001335144,5.1100001335144,5.1100001335144,5.1100001335144,2389.0
2017-03-30,5.26999998092651,5.26999998092651,5.26999998092651,5.26999998092651,500.0
2017-03-31,5.03999996185303,5.03999996185303,5.03999996185303,5.03999996185303,1273.0
2017-04-03,5.21000003814697,5.21000003814697,5.21000003814697,5.21000003814697,1604.0
2017-04-04,4.98000001907349,4.98000001907349,4.98000001907349,4.98000001907349,9.0
2017-04-05,5.17999982833862,5.17999982833862,5.17999982833862,5.17999982833862,1795.0
2017-04-06,5.42999982833862,5.42999982833862,5.42999982833862,5.42999982833862,1489.0
2017-04-07,5.25,5.25,5.25,5.25,3580.0
2017-04-10,5.15000009536743,5.15000009536743,5.15000009536743,5.15000009536743,991.0
2017-04-11,5.23999977111816,5.23999977111816,5.23999977111816,5.23999977111816,2.0
2017-04-12,5.30999994277954,5.30999994277954,5.30999994277954,5.30999994277954,1035.0
2017-04-13,5.32000017166138,5.32000017166138,5.32000017166138,5.32000017166138,482.0
2017-04-18,5.23999977111816,5.23999977111816,5.23999977111816,5.23999977111816,795.0
2017-04-19,5.21999979019165,5.21999979019165,5.21999979019165,5.21999979019165,2.0
2017-04-20,5.11999988555908,5.11999988555908,5.11999988555908,5.11999988555908,2.0
2017-04-21,4.94000005722046,4.94000005722046,4.94000005722046,4.94000005722046,6.0
2017-04-24,5.01999998092651,5.01999998092651,5.01999998092651,5.01999998092651,2.0
2017-04-25,4.86999988555908,4.86999988555908,4.86999988555908,4.86999988555908,1230.0
2017-04-26,4.98000001907349,4.98000001907349,4.98000001907349,4.98000001907349,422.0
2017-04-27,4.92999982833862,4.92999982833862,4.92999982833862,4.92999982833862,1537.0
2017-04-28,4.94000005722046,4.94000005722046,4.94000005722046,4.94000005722046,959.0
2017-05-01,4.57000017166138,4.57000017166138,4.57000017166138,4.57000017166138,0.0
2017-05-02,4.80999994277954,4.80999994277954,4.80999994277954,4.80999994277954,10.0
2017-05-03,4.76999998092651,4.76999998092651,4.76999998092651,4.76999998092651,1234.0
2017-05-04,4.86999988555908,4.86999988555908,4.86999988555908,4.86999988555908,1342.0
2017-05-05,4.94000005722046,4.94000005722046,4.94000005722046,4.94000005722046,2971.0
2017-05-08,4.78999996185303,4.78999996185303,4.78999996185303,4.78999996185303,1396.0
2017-05-09,4.8899998664856,4.8899998664856,4.8899998664856,4.8899998664856,22.0
2017-05-10,4.82000017166138,4.82000017166138,4.82000017166138,4.82000017166138,5766.0
2017-05-11,4.71999979019165,4.71999979019165,4.71999979019165,4.71999979019165,2.0
2017-05-12,4.82999992370605,4.82999992370605,4.82999992370605,4.82999992370605,1.0
2017-05-15,4.76000022888184,4.76000022888184,4.76000022888184,4.76000022888184,1962.0
2017-05-16,4.90999984741211,4.90999984741211,4.90999984741211,4.90999984741211,2032.0
2017-05-17,4.94999980926514,4.94999980926514,4.94999980926514,4.94999980926514,2694.0
2017-05-18,5.13000011444092,5.13000011444092,5.13000011444092,5.13000011444092,1730.0
2017-05-19,5.21999979019165,5.21999979019165,5.21999979019165,5.21999979019165,32.0
2017-05-22,5.28999996185303,5.28999996185303,5.28999996185303,5.28999996185303,6.0
2017-05-23,5.13000011444092,5.13000011444092,5.13000011444092,5.13000011444092,50.0
2017-05-24,5.30000019073486,5.30000019073486,5.30000019073486,5.30000019073486,50.0
2017-05-25,5.36999988555908,5.36999988555908,5.36999988555908,5.36999988555908,376.0
2017-05-26,5.57999992370605,5.57999992370605,5.57999992370605,5.57999992370605,120.0
2017-05-29,5.57000017166138,5.57000017166138,5.57000017166138,5.57000017166138,291.0
2017-05-30,5.53000020980835,5.53000020980835,5.53000020980835,5.53000020980835,2993.0
2017-05-31,5.34999990463257,5.34999990463257,5.34999990463257,5.34999990463257,50.0
2017-06-01,5.44999980926514,5.44999980926514,5.44999980926514,5.44999980926514,1469.0
2017-06-02,5.53999996185303,5.53999996185303,5.53999996185303,5.53999996185303,925.0
2017-06-05,5.55000019073486,5.55000019073486,5.55000019073486,5.55000019073486,560.0
2017-06-06,5.34999990463257,5.34999990463257,5.34999990463257,5.34999990463257,50.0
2017-06-07,5.26000022888184,5.26000022888184,5.26000022888184,5.26000022888184,683.0
2017-06-08,5.42999982833862,5.42999982833862,5.42999982833862,5.42999982833862,3511.0
2017-06-09,5.42000007629395,5.42000007629395,5.42000007629395,5.42000007629395,100.0
2017-06-12,5.30000019073486,5.30000019073486,5.30000019073486,5.30000019073486,9.0
2017-06-13,5.40000009536743,5.40000009536743,5.40000009536743,5.40000009536743,24202.0
2017-06-14,5.32000017166138,5.32000017166138,5.32000017166138,5.32000017166138,3000.0
2017-06-15,5.32999992370605,5.32999992370605,5.32999992370605,5.32999992370605,1050.0
2017-06-16,5.26000022888184,5.26000022888184,5.26000022888184,5.26000022888184,2.0
2017-06-19,5.30999994277954,5.30999994277954,5.30999994277954,5.30999994277954,1743.0
2017-06-20,5.34999990463257,5.34999990463257,5.34999990463257,5.34999990463257,61.0
2017-06-21,5.26000022888184,5.26000022888184,5.26000022888184,5.26000022888184,50.0
2017-06-22,5.25,5.25,5.25,5.25,55.0
2017-06-23,5.25,5.25,5.25,5.25,2294.0
2017-06-26,5.15999984741211,5.15999984741211,5.15999984741211,5.15999984741211,1344.0
2017-06-27,5.32999992370605,5.32999992370605,5.32999992370605,5.32999992370605,400.0
2017-06-28,5.32999992370605,5.32999992370605,5.32999992370605,5.32999992370605,1803.0
2017-06-29,5.46000003814697,5.46000003814697,5.46000003814697,5.46000003814697,5766.0
2017-06-30,5.42000007629395,5.42000007629395,5.42000007629395,5.42000007629395,1427.0
2017-07-03,5.53000020980835,5.53000020980835,5.53000020980835,5.53000020980835,686.0
2017-07-04,5.51000022888184,5.51000022888184,5.51000022888184,5.51000022888184,1273.0
2017-07-05,5.42999982833862,5.42999982833862,5.42999982833862,5.42999982833862,1446.0
2017-07-06,5.63000011444092,5.63000011444092,5.63000011444092,5.63000011444092,1646.0
2017-07-07,5.73999977111816,5.73999977111816,5.73999977111816,5.73999977111816,3921.0
2017-07-10,5.80000019073486,5.80000019073486,5.80000019073486,5.80000019073486,1408.0
2017-07-11,5.73000001907349,5.73000001907349,5.73000001907349,5.73000001907349,1612.0
2017-07-12,5.88000011444092,5.88000011444092,5.88000011444092,5.88000011444092,901.0
2017-07-13,5.76000022888184,5.76000022888184,5.76000022888184,5.76000022888184,1350.0
2017-07-14,5.82000017166138,5.82000017166138,5.82000017166138,5.82000017166138,2.0
2017-07-17,5.82000017166138,5.82000017166138,5.82000017166138,5.82000017166138,1649.0
2017-07-18,5.84999990463257,5.84999990463257,5.84999990463257,5.84999990463257,6.0
2017-07-19,5.84000015258789,5.84000015258789,5.84000015258789,5.84000015258789,505.0
2017-07-20,5.75,5.75,5.75,5.75,9.0
2017-07-21,5.59999990463257,5.59999990463257,5.59999990463257,5.59999990463257,699.0
2017-07-24,5.6399998664856,5.6399998664856,5.6399998664856,5.6399998664856,1584.0
2017-07-25,5.67000007629395,5.67000007629395,5.67000007629395,5.67000007629395,1360.0
2017-07-26,5.76000022888184,5.76000022888184,5.76000022888184,5.76000022888184,867.0
2017-07-27,5.65000009536743,5.65000009536743,5.65000009536743,5.65000009536743,1163.0
2017-07-28,5.69000005722046,5.69000005722046,5.69000005722046,5.69000005722046,655.0
2017-07-31,5.73000001907349,5.73000001907349,5.73000001907349,5.73000001907349,983.0
2017-08-01,5.80000019073486,5.80000019073486,5.80000019073486,5.80000019073486,1834.0
2017-08-02,5.92999982833862,5.92999982833862,5.92999982833862,5.92999982833862,4246.0
2017-08-03,5.94000005722046,5.94000005722046,5.94000005722046,5.94000005722046,9.0
2017-08-04,5.8600001335144,5.8600001335144,5.8600001335144,5.8600001335144,1083.0
2017-08-07,5.76999998092651,5.76999998092651,5.76999998092651,5.76999998092651,692.0
2017-08-08,5.76999998092651,5.76999998092651,5.76999998092651,5.76999998092651,746.0
2017-08-09,5.92000007629395,5.92000007629395,5.92000007629395,5.92000007629395,2208.0
2017-08-10,5.96000003814697,5.96000003814697,5.96000003814697,5.96000003814697,3096.0
2017-08-11,5.98999977111816,5.98999977111816,5.98999977111816,5.98999977111816,1937.0
2017-08-14,6.11999988555908,6.11999988555908,6.11999988555908,6.11999988555908,2871.0
2017-08-15,6.13000011444092,6.13000011444092,6.13000011444092,6.13000011444092,1879.0
2017-08-16,6.3899998664856,6.3899998664856,6.3899998664856,6.3899998664856,10654.0
2017-08-17,6.40999984741211,6.40999984741211,6.40999984741211,6.40999984741211,3751.0
2017-08-18,6.40999984741211,6.40999984741211,6.40999984741211,6.40999984741211,1999.0
2017-08-21,6.34000015258789,6.34000015258789,6.34000015258789,6.34000015258789,8.0
2017-08-22,6.36999988555908,6.36999988555908,6.36999988555908,6.36999988555908,2055.0
2017-08-23,6.53999996185303,6.53999996185303,6.53999996185303,6.53999996185303,50.0
2017-08-24,6.55000019073486,6.55000019073486,6.55000019073486,6.55000019073486,200.0
2017-08-25,6.69000005722046,6.69000005722046,6.69000005722046,6.69000005722046,50.0
2017-08-28,6.69999980926514,6.69999980926514,6.69999980926514,6.69999980926514,5.0
2017-08-29,6.6399998664856,6.6399998664856,6.6399998664856,6.6399998664856,50.0
2017-08-30,6.61999988555908,6.61999988555908,6.61999988555908,6.61999988555908,3093.0
2017-08-31,6.53999996185303,6.53999996185303,6.53999996185303,6.53999996185303,100.0
2017-09-01,6.42999982833862,6.42999982833862,6.42999982833862,6.42999982833862,2041.0
2017-09-04,6.51000022888184,6.51000022888184,6.51000022888184,6.51000022888184,958.0
2017-09-05,7.0,7.0,7.0,7.0,204.0
2017-09-06,7.19000005722046,7.19000005722046,7.19000005722046,7.19000005722046,1.0
2017-09-07,7.40000009536743,7.40000009536743,7.40000009536743,7.40000009536743,1970.0
2017-09-08,7.55999994277954,7.55999994277954,7.55999994277954,7.55999994277954,1312.0
2017-09-11,7.36999988555908,7.36999988555908,7.36999988555908,7.36999988555908,10992.0
2017-09-12,7.3600001335144,7.3600001335144,7.3600001335144,7.3600001335144,2257.0
2017-09-13,7.59999990463257,7.59999990463257,7.59999990463257,7.59999990463257,6.0
2017-09-14,7.59999990463257,7.59999990463257,7.59999990463257,7.59999990463257,4616.0
2017-09-15,7.44000005722046,7.44000005722046,7.44000005722046,7.44000005722046,4.0
2017-09-18,7.21999979019165,7.21999979019165,7.21999979019165,7.21999979019165,3025.0
2017-09-19,7.51999998092651,7.51999998092651,7.51999998092651,7.51999998092651,2.0
2017-09-20,7.40000009536743,7.40000009536743,7.40000009536743,7.40000009536743,1043.0
2017-09-21,7.05000019073486,7.05000019073486,7.05000019073486,7.05000019073486,16.0
2017-09-22,7.1399998664856,7.1399998664856,7.1399998664856,7.1399998664856,2.0
2017-09-25,7.78000020980835,7.78000020980835,7.78000020980835,7.78000020980835,2169.0
2017-09-26,7.51000022888184,7.51000022888184,7.51000022888184,7.51000022888184,2390.0
2017-09-27,7.46000003814697,7.46000003814697,7.46000003814697,7.46000003814697,1729.0
2017-09-28,7.48000001907349,7.48000001907349,7.48000001907349,7.48000001907349,3419.0
2017-09-29,7.59000015258789,7.59000015258789,7.59000015258789,7.59000015258789,2283.0
2017-10-02,7.46000003814697,7.46000003814697,7.46000003814697,7.46000003814697,1511.0
2017-10-03,7.51999998092651,7.51999998092651,7.51999998092651,7.51999998092651,1433.0
2017-10-04,7.44000005722046,7.44000005722046,7.44000005722046,7.44000005722046,4435.0
2017-10-05,7.42000007629395,7.42000007629395,7.42000007629395,7.42000007629395,1593.0
2017-10-06,7.51999998092651,7.51999998092651,7.51999998092651,7.51999998092651,1772.0
2017-10-09,7.48000001907349,7.48000001907349,7.48000001907349,7.48000001907349,1612.0
2017-10-10,7.86999988555908,7.86999988555908,7.86999988555908,7.86999988555908,2845.0
2017-10-11,7.84999990463257,7.84999990463257,7.84999990463257,7.84999990463257,150.0
2017-10-12,7.86999988555908,7.86999988555908,7.86999988555908,7.86999988555908,4400.0
2017-10-13,7.78000020980835,7.78000020980835,7.78000020980835,7.78000020980835,5189.0
2017-10-16,7.78000020980835,7.78000020980835,7.78000020980835,7.78000020980835,1703.0
2017-10-17,7.84000015258789,7.84000015258789,7.84000015258789,7.84000015258789,6.0
2017-10-18,8.23999977111816,8.23999977111816,8.23999977111816,8.23999977111816,20.0
2017-10-19,8.07999992370605,8.07999992370605,8.07999992370605,8.07999992370605,1714.0
2017-10-20,8.0,8.0,8.0,8.0,3.0
2017-10-23,7.86999988555908,7.86999988555908,7.86999988555908,7.86999988555908,958.0
2017-10-24,7.90999984741211,7.90999984741211,7.90999984741211,7.90999984741211,1139.0
2017-10-25,7.84000015258789,7.84000015258789,7.84000015258789,7.84000015258789,750.0
2017-10-26,7.6399998664856,7.6399998664856,7.6399998664856,7.6399998664856,8312.0
2017-10-27,7.6100001335144,7.6100001335144,7.6100001335144,7.6100001335144,4.0
2017-10-30,7.57999992370605,7.57999992370605,7.57999992370605,7.57999992370605,4.0
2017-10-31,7.80999994277954,7.80999994277954,7.80999994277954,7.80999994277954,5195.0
2017-11-01,7.94999980926514,7.94999980926514,7.94999980926514,7.94999980926514,4520.0
2017-11-02,8.10000038146973,8.10000038146973,8.10000038146973,8.10000038146973,4947.0
2017-11-03,8.31999969482422,8.31999969482422,8.31999969482422,8.31999969482422,4086.0
2017-11-06,8.35999965667725,8.35999965667725,8.35999965667725,8.35999965667725,2931.0
2017-11-07,8.22000026702881,8.22000026702881,8.22000026702881,8.22000026702881,2634.0
2017-11-08,8.18000030517578,8.18000030517578,8.18000030517578,8.18000030517578,150.0
2017-11-09,8.01000022888184,8.01000022888184,8.01000022888184,8.01000022888184,500.0
2017-11-10,7.8600001335144,7.8600001335144,7.8600001335144,7.8600001335144,6433.0
2017-11-13,7.80999994277954,7.80999994277954,7.80999994277954,7.80999994277954,2799.0
2017-11-14,7.84999990463257,7.84999990463257,7.84999990463257,7.84999990463257,5327.0
2017-11-15,8.14999961853027,8.14999961853027,8.14999961853027,8.14999961853027,2918.0
2017-11-16,7.94999980926514,7.94999980926514,7.94999980926514,7.94999980926514,3782.0
2017-11-17,7.92999982833862,7.92999982833862,7.92999982833862,7.92999982833862,5770.0
2017-11-20,7.90000009536743,7.90000009536743,7.90000009536743,7.90000009536743,2.0
2017-11-21,7.84999990463257,7.84999990463257,7.84999990463257,7.84999990463257,1566.0
2017-11-22,7.82999992370605,7.82999992370605,7.82999992370605,7.82999992370605,4763.0
2017-11-23,8.11999988555908,8.11999988555908,8.11999988555908,8.11999988555908,13991.0
2017-11-24,8.21000003814697,8.21000003814697,8.21000003814697,8.21000003814697,6.0
2017-11-27,8.14999961853027,8.14999961853027,8.14999961853027,8.14999961853027,5.0
2017-11-28,8.03999996185303,8.03999996185303,8.03999996185303,8.03999996185303,14588.0
2017-11-29,8.14000034332275,8.14000034332275,8.14000034332275,8.14000034332275,20674.0
2017-11-30,7.96999979019165,7.96999979019165,7.96999979019165,7.96999979019165,11551.0
2017-12-01,8.13000011444092,8.13000011444092,8.13000011444092,8.13000011444092,16013.0
2017-12-04,8.0,8.0,8.0,8.0,17606.0
2017-12-05,7.86999988555908,7.86999988555908,7.86999988555908,7.86999988555908,12933.0
2017-12-06,7.71999979019165,7.71999979019165,7.71999979019165,7.71999979019165,17026.0
2017-12-07,7.78999996185303,7.78999996185303,7.78999996185303,7.78999996185303,12374.0
2017-12-08,7.57999992370605,7.57999992370605,7.57999992370605,7.57999992370605,15526.0
2017-12-11,7.6399998664856,7.6399998664856,7.6399998664856,7.6399998664856,22329.0
2017-12-12,7.69000005722046,7.69000005722046,7.69000005722046,7.6100001335144,50.0
2017-12-13,7.55000019073486,7.55000019073486,7.55000019073486,7.55000019073486,42024.0
2017-12-14,7.55999994277954,7.55999994277954,7.55999994277954,7.55999994277954,650.0
2017-12-15,7.65000009536743,7.65000009536743,7.65000009536743,7.65000009536743,33620.0
2017-12-18,7.8600001335144,7.8600001335144,7.8600001335144,7.8600001335144,13043.0
2017-12-19,7.96999979019165,7.96999979019165,7.96999979019165,7.96999979019165,11012.0
2017-12-20,8.23999977111816,8.23999977111816,8.23999977111816,8.23999977111816,1.0
2017-12-21,8.44999980926514,8.44999980926514,8.44999980926514,8.44999980926514,12565.0
2017-12-22,8.61999988555908,8.61999988555908,8.61999988555908,8.61999988555908,7686.0
2017-12-27,8.60000038146973,8.60000038146973,8.60000038146973,8.60000038146973,2919.0
2017-12-28,8.64000034332275,8.64000034332275,8.64000034332275,8.64000034332275,2554.0
2017-12-29,8.60000038146973,8.60000038146973,8.60000038146973,8.60000038146973,5510.0
2018-01-02,8.22000026702881,8.22000026702881,8.22000026702881,8.22000026702881,9626.0
2018-01-03,8.23999977111816,8.23999977111816,8.23999977111816,8.23999977111816,7957.0
2018-01-04,8.18000030517578,8.18000030517578,8.18000030517578,8.18000030517578,10379.0
2018-01-05,8.1899995803833,8.1899995803833,8.1899995803833,8.1899995803833,5560.0
2018-01-08,8.06999969482422,8.06999969482422,8.06999969482422,8.06999969482422,14246.0
2018-01-09,8.1899995803833,8.1899995803833,8.1899995803833,8.1899995803833,8966.0
2018-01-10,8.27999973297119,8.27999973297119,8.27999973297119,8.27999973297119,9214.0
2018-01-11,8.21000003814697,8.21000003814697,8.21000003814697,8.21000003814697,17686.0
2018-01-12,8.26000022888184,8.26000022888184,8.26000022888184,8.26000022888184,8316.0
2018-01-15,8.19999980926514,8.19999980926514,8.19999980926514,8.19999980926514,8769.0
2018-01-16,8.44999980926514,8.44999980926514,8.44999980926514,8.44999980926514,4.0
2018-01-17,8.57999992370605,8.57999992370605,8.57999992370605,8.57999992370605,125.0
2018-01-18,8.89000034332275,8.89000034332275,8.89000034332275,8.89000034332275,50.0
2018-01-19,9.25,9.25,9.25,9.25,2.0
2018-01-22,9.3100004196167,9.3100004196167,9.3100004196167,9.3100004196167,103.0
2018-01-23,9.56999969482422,9.56999969482422,9.56999969482422,9.56999969482422,118.0
2018-01-24,10.02000045776367,10.02000045776367,10.02000045776367,10.02000045776367,1000.0
2018-01-25,9.81999969482422,9.81999969482422,9.81999969482422,9.81999969482422,20.0
2018-01-26,9.67000007629395,9.67000007629395,9.67000007629395,9.67000007629395,150.0
2018-01-29,9.57999992370605,9.57999992370605,9.57999992370605,9.57999992370605,383.0
2018-01-30,9.46000003814697,9.46000003814697,9.46000003814697,9.46000003814697,33.0
2018-01-31,9.85000038146973,9.85000038146973,9.85000038146973,9.85000038146973,17389.0
2018-02-01,9.85000038146973,9.85000038146973,9.85000038146973,9.85000038146973,17165.0
2018-02-02,9.52999973297119,9.52999973297119,9.52999973297119,9.52999973297119,12455.0
2018-02-05,9.63000011444092,9.63000011444092,9.63000011444092,9.63000011444092,43.0
2018-02-06,9.35999965667725,9.35999965667725,9.35999965667725,9.35999965667725,15390.0
2018-02-07,9.5600004196167,9.5600004196167,9.5600004196167,9.5600004196167,14968.0
2018-02-08,9.6899995803833,9.6899995803833,9.6899995803833,9.6899995803833,1.0
2018-02-09,9.78999996185303,9.78999996185303,9.78999996185303,9.78999996185303,50.0
2018-02-12,10.05000019073486,10.05000019073486,10.05000019073486,10.05000019073486,12290.0
2018-02-13,10.52000045776367,10.52000045776367,10.52000045776367,10.52000045776367,5.0
2018-02-14,10.22000026702881,10.22000026702881,10.22000026702881,10.22000026702881,150.0
2018-02-15,10.15999984741211,10.15999984741211,10.15999984741211,10.15999984741211,11338.0
2018-02-16,10.13000011444092,10.13000011444092,10.13000011444092,10.13000011444092,16673.0
2018-02-19,10.5,10.5,10.5,10.5,3.0
2018-02-20,10.34000015258789,10.34000015258789,10.34000015258789,10.34000015258789,18261.0
2018-02-21,10.18000030517578,10.18000030517578,10.18000030517578,10.18000030517578,10682.0
2018-02-22,10.34000015258789,10.34000015258789,10.34000015258789,10.34000015258789,16639.0
2018-02-23,10.43000030517578,10.43000030517578,10.43000030517578,10.43000030517578,23697.0
2018-02-26,10.25,10.25,10.25,10.25,19.0
2018-02-27,10.77000045776367,10.77000045776367,10.77000045776367,10.77000045776367,176.0
2018-02-28,10.72999954223633,10.72999954223633,10.72999954223633,10.72999954223633,130.0
2018-03-01,10.61999988555908,10.61999988555908,10.61999988555908,10.61999988555908,1379.0
2018-03-02,10.77000045776367,10.77000045776367,10.77000045776367,10.77000045776367,167.0
2018-03-05,10.98999977111816,10.98999977111816,10.98999977111816,10.98999977111816,201.0
2018-03-06,11.10000038146973,11.10000038146973,11.10000038146973,11.10000038146973,237.0
2018-03-07,11.27000045776367,11.27000045776367,11.27000045776367,11.27000045776367,118.0
2018-03-08,11.75,11.75,11.75,11.75,156.0
2018-03-09,11.78999996185303,11.78999996185303,11.78999996185303,11.78999996185303,147.0
2018-03-12,11.76000022888184,11.76000022888184,11.76000022888184,11.76000022888184,240.0
2018-03-13,12.10999965667725,12.10999965667725,12.10999965667725,12.10999965667725,110.0
2018-03-14,11.78999996185303,11.78999996185303,11.78999996185303,11.78999996185303,100.0
2018-03-15,11.73999977111816,11.73999977111816,11.73999977111816,11.73999977111816,7013.0
2018-03-16,11.72999954223633,11.72999954223633,11.72999954223633,11.72999954223633,767.0
2018-03-19,11.61999988555908,11.61999988555908,11.61999988555908,11.61999988555908,809.0
2018-03-20,12.10999965667725,12.10999965667725,12.10999965667725,12.10999965667725,255.0
2018-03-21,13.27000045776367,13.27000045776367,13.27000045776367,13.27000045776367,43495.0
2018-03-22,12.96000003814697,12.96000003814697,12.96000003814697,12.96000003814697,34457.0
2018-03-23,13.22999954223633,13.22999954223633,13.22999954223633,13.22999954223633,24105.0
2018-03-26,13.60999965667725,13.60999965667725,13.60999965667725,13.60999965667725,2500.0
2018-03-27,14.38000011444092,14.38000011444092,14.38000011444092,14.38000011444092,3500.0
2018-03-28,13.75,13.75,13.75,13.75,1000.0
2018-03-29,14.03999996185303,14.03999996185303,14.03999996185303,14.03999996185303,29.0
2018-04-03,14.0600004196167,14.0600004196167,14.0600004196167,14.0600004196167,18796.0
2018-04-04,13.82999992370605,13.82999992370605,13.82999992370605,13.82999992370605,17632.0
2018-04-05,13.40999984741211,13.40999984741211,13.40999984741211,13.40999984741211,3.0
2018-04-06,13.76000022888184,13.76000022888184,13.76000022888184,13.76000022888184,20771.0
2018-04-09,14.10999965667725,14.10999965667725,14.10999965667725,14.10999965667725,17917.0
2018-04-10,14.15999984741211,14.15999984741211,14.15999984741211,14.15999984741211,19372.0
2018-04-11,14.23999977111816,14.23999977111816,14.23999977111816,14.23999977111816,34412.0
2018-04-12,14.4399995803833,14.4399995803833,14.4399995803833,14.4399995803833,17555.0
2018-04-13,14.84000015258789,14.84000015258789,14.84000015258789,14.84000015258789,250.0
2018-04-16,14.92000007629395,14.92000007629395,14.92000007629395,14.92000007629395,258.0
2018-04-17,14.68000030517578,14.68000030517578,14.68000030517578,14.68000030517578,23.0
2018-04-18,14.84000015258789,14.84000015258789,14.84000015258789,14.84000015258789,50.0
2018-04-19,14.42000007629395,14.42000007629395,14.42000007629395,14.42000007629395,1.0
2018-04-20,14.02000045776367,14.02000045776367,14.02000045776367,14.02000045776367,3.0
2018-04-23,13.86999988555908,13.86999988555908,13.86999988555908,13.86999988555908,60.0
2018-04-24,14.22000026702881,14.22000026702881,14.22000026702881,14.22000026702881,28.0
2018-04-25,14.26000022888184,14.26000022888184,14.26000022888184,14.26000022888184,20.0
2018-04-26,14.51000022888184,14.51000022888184,14.51000022888184,14.51000022888184,42.0
2018-04-27,14.57999992370605,14.57999992370605,14.57999992370605,14.57999992370605,15.0
2018-04-30,14.60000038146973,14.60000038146973,14.60000038146973,14.60000038146973,12374.0
2018-05-01,14.40999984741211,14.40999984741211,14.40999984741211,14.40999984741211,9971.0
2018-05-02,14.07999992370605,14.07999992370605,14.07999992370605,14.07999992370605,22728.0
2018-05-03,13.97999954223633,13.97999954223633,13.97999954223633,13.97999954223633,4.0
2018-05-04,14.03999996185303,14.03999996185303,14.03999996185303,14.03999996185303,10414.0
2018-05-07,14.64999961853027,14.64999961853027,14.64999961853027,14.64999961853027,18940.0
2018-05-08,14.63000011444092,14.63000011444092,14.63000011444092,14.63000011444092,12142.0
2018-05-09,15.05000019073486,15.05000019073486,15.05000019073486,15.05000019073486,2.0
2018-05-10,15.65999984741211,15.65999984741211,15.65999984741211,15.65999984741211,28.0
2018-05-11,15.68000030517578,15.68000030517578,15.68000030517578,15.68000030517578,3.0
2018-05-14,15.69999980926514,15.69999980926514,15.69999980926514,15.69999980926514,18455.0
2018-05-15,15.38000011444092,15.38000011444092,15.38000011444092,15.38000011444092,4.0
2018-05-16,16.25,16.25,16.25,16.25,5.0
2018-05-17,16.38999938964844,16.38999938964844,16.38999938964844,16.38999938964844,10.0
2018-05-18,16.38999938964844,16.38999938964844,16.38999938964844,16.3799991607666,7.0
2018-05-21,16.68000030517578,16.68000030517578,16.68000030517578,16.68000030517578,12.0
2018-05-22,17.07999992370605,17.07999992370605,17.07999992370605,17.07999992370605,15.0
2018-05-23,17.14999961853027,17.14999961853027,17.14999961853027,17.14999961853027,20.0
2018-05-24,17.45000076293945,17.45000076293945,17.45000076293945,17.45000076293945,15.0
2018-05-25,17.17000007629395,17.17000007629395,17.17000007629395,17.17000007629395,10.0
2018-05-28,17.46999931335449,17.46999931335449,17.46999931335449,17.46999931335449,8557.0
2018-05-29,17.46999931335449,17.46999931335449,17.46999931335449,17.46999931335449,25.0
2018-05-30,17.02000045776367,17.02000045776367,17.02000045776367,17.02000045776367,17.0
2018-05-31,16.15999984741211,16.15999984741211,16.15999984741211,16.15999984741211,70.0
2018-06-01,16.54999923706055,16.54999923706055,16.54999923706055,16.54999923706055,10.0
2018-06-04,17.42000007629395,17.42000007629395,17.42000007629395,17.42000007629395,5.0
2018-06-05,17.11000061035156,17.11000061035156,17.11000061035156,17.11000061035156,6.0
2018-06-06,17.30999946594238,17.30999946594238,17.30999946594238,17.30999946594238,6.0
2018-06-07,17.3700008392334,17.3700008392334,17.3700008392334,17.3700008392334,2.0
2018-06-08,17.20000076293945,17.20000076293945,17.20000076293945,17.20000076293945,13356.0
2018-06-11,16.95999908447266,16.95999908447266,16.95999908447266,16.95999908447266,48.0
2018-06-12,16.61000061035156,16.61000061035156,16.61000061035156,16.61000061035156,35.0
2018-06-13,16.77000045776367,16.77000045776367,16.77000045776367,16.77000045776367,10.0
2018-06-14,16.34000015258789,16.34000015258789,16.34000015258789,16.34000015258789,10.0
2018-06-15,15.97999954223633,15.97999954223633,15.97999954223633,15.97999954223633,13.0
2018-06-18,16.04999923706055,16.04999923706055,16.04999923706055,16.04999923706055,16.0
2018-06-19,15.6899995803833,15.6899995803833,15.6899995803833,15.6899995803833,22150.0
2018-06-20,15.97999954223633,15.97999954223633,15.97999954223633,15.97999954223633,500.0
2018-06-21,16.30999946594238,16.30999946594238,16.30999946594238,16.30999946594238,673.0
2018-06-22,16.61000061035156,16.61000061035156,16.61000061035156,16.61000061035156,250.0
2018-06-25,16.54000091552734,16.54000091552734,16.54000091552734,16.54000091552734,72.0
2018-06-26,16.54999923706055,16.54999923706055,16.54999923706055,16.54999923706055,203.0
2018-06-27,16.78000068664551,16.78000068664551,16.78000068664551,16.78000068664551,20605.0
2018-06-28,16.52000045776367,16.52000045776367,16.52000045776367,16.52000045776367,15912.0
2018-06-29,16.51000022888184,16.51000022888184,16.51000022888184,16.51000022888184,10.0
2018-07-02,16.6200008392334,16.6200008392334,16.6200008392334,16.6200008392334,490.0
2018-07-03,16.64999961853027,16.64999961853027,16.64999961853027,16.64999961853027,10765.0
2018-07-04,17.06999969482422,17.06999969482422,17.06999969482422,17.06999969482422,13299.0
2018-07-05,17.25,17.25,17.25,17.25,2.0
2018-07-06,17.28000068664551,17.28000068664551,17.28000068664551,17.28000068664551,19594.0
2018-07-09,17.57999992370605,17.57999992370605,17.57999992370605,17.57999992370605,20748.0
2018-07-10,17.67000007629395,17.67000007629395,17.67000007629395,17.67000007629395,15390.0
2018-07-11,17.95000076293945,17.95000076293945,17.95000076293945,17.95000076293945,5.0
2018-07-12,17.71999931335449,17.71999931335449,17.71999931335449,17.71999931335449,14265.0
2018-07-13,17.69000053405762,17.69000053405762,17.69000053405762,17.69000053405762,32.0
2018-07-16,17.59000015258789,17.59000015258789,17.59000015258789,17.59000015258789,50.0
2018-07-17,17.73999977111816,17.73999977111816,17.73999977111816,17.73999977111816,917.0
2018-07-18,18.11000061035156,18.11000061035156,18.11000061035156,18.11000061035156,250.0
2018-07-19,18.55999946594238,18.55999946594238,18.55999946594238,18.55999946594238,98.0
2018-07-20,18.77000045776367,18.77000045776367,18.77000045776367,18.77000045776367,50.0
2018-07-23,19.15999984741211,19.15999984741211,19.15999984741211,19.09000015258789,501.0
2018-07-24,19.01000022888184,19.01000022888184,19.01000022888184,19.01000022888184,1000.0
2018-07-25,19.28000068664551,19.28000068664551,19.28000068664551,19.28000068664551,250.0
2018-07-26,19.22999954223633,19.22999954223633,19.22999954223633,19.22999954223633,37.0
2018-07-27,19.09000015258789,19.09000015258789,19.09000015258789,19.09000015258789,53.0
2018-07-30,18.98999977111816,18.98999977111816,18.98999977111816,18.98999977111816,50.0
2018-07-31,19.34000015258789,19.34000015258789,19.34000015258789,19.34000015258789,49.0
2018-08-01,19.69000053405762,19.69000053405762,19.69000053405762,19.69000053405762,505.0
2018-08-02,19.53000068664551,19.53000068664551,19.53000068664551,19.53000068664551,7123.0
2018-08-03,19.6200008392334,19.6200008392334,19.55999946594238,19.53000068664551,243.0
2018-08-06,19.42000007629395,19.42000007629395,19.42000007629395,19.42000007629395,100.0
2018-08-07,19.36000061035156,19.36000061035156,19.36000061035156,19.36000061035156,478.0
2018-08-08,19.21999931335449,19.21999931335449,19.21999931335449,19.21999931335449,920.0
2018-08-09,19.42000007629395,19.42000007629395,19.42000007629395,19.42000007629395,3.0
2018-08-10,19.72999954223633,19.72999954223633,19.72999954223633,19.72999954223633,56.0
2018-08-13,19.80999946594238,19.92000007629395,19.80999946594238,19.89999961853027,367.0
2018-08-14,19.8799991607666,19.98999977111816,19.8799991607666,20.0,100.0
2018-08-15,19.95000076293945,19.95000076293945,19.95000076293945,19.95000076293945,125.0
2018-08-16,20.07999992370605,20.07999992370605,20.02000045776367,19.86000061035156,100.0
2018-08-17,20.09000015258789,20.09000015258789,20.03000068664551,20.04000091552734,203.0
2018-08-20,20.13999938964844,20.43000030517578,20.13999938964844,20.44000053405762,758.0
2018-08-21,21.34000015258789,21.34000015258789,21.34000015258789,21.30999946594238,300.0
2018-08-22,21.82999992370605,21.8700008392334,21.73999977111816,21.81999969482422,114.0
2018-08-23,22.68000030517578,22.68000030517578,22.43000030517578,22.46999931335449,736.0
2018-08-24,22.57999992370605,22.57999992370605,22.29999923706055,22.82999992370605,150.0
2018-08-27,23.45000076293945,23.45000076293945,23.45000076293945,23.45000076293945,50.0
2018-08-28,23.13999938964844,23.13999938964844,22.8700008392334,22.86000061035156,309.0
2018-08-29,23.19000053405762,23.19000053405762,23.19000053405762,23.19000053405762,50.0
2018-08-30,23.14999961853027,23.64999961853027,23.14999961853027,23.29000091552734,453.0
2018-08-31,23.20000076293945,23.20000076293945,23.20000076293945,23.20000076293945,10.0
2018-09-03,22.28000068664551,22.28000068664551,22.28000068664551,22.28000068664551,72.0
2018-09-04,22.21999931335449,22.21999931335449,22.20999908447266,22.25,137.0
2018-09-05,22.44000053405762,22.44000053405762,22.44000053405762,22.44000053405762,74.0
2018-09-06,23.56999969482422,23.56999969482422,23.56999969482422,23.56999969482422,150.0
2018-09-07,25.32999992370605,25.32999992370605,25.32999992370605,25.32999992370605,9.0
2018-09-10,27.42000007629395,27.42000007629395,27.42000007629395,27.42000007629395,92.0
2018-09-11,26.51000022888184,26.51000022888184,26.48999977111816,26.65999984741211,505.0
2018-09-12,25.65999984741211,25.65999984741211,25.65999984741211,25.3700008392334,225.0
2018-09-13,23.0,23.0,23.0,21.29000091552734,56.0
2018-09-14,22.42000007629395,22.42000007629395,22.42000007629395,22.42000007629395,54.0
2018-09-17,23.45999908447266,23.45999908447266,23.45999908447266,23.45999908447266,1800.0
2018-09-18,22.82999992370605,22.82999992370605,22.82999992370605,22.82999992370605,181.0
2018-09-19,22.43000030517578,22.43000030517578,22.43000030517578,24.09000015258789,28.0
2018-09-20,24.71999931335449,24.71999931335449,24.71999931335449,24.71999931335449,1.0
2018-09-21,24.8799991607666,24.8799991607666,24.8799991607666,24.8799991607666,10.0
2018-09-24,25.29000091552734,25.29000091552734,25.29000091552734,25.29000091552734,110.0
2018-09-25,24.27000045776367,24.27000045776367,24.27000045776367,24.27000045776367,20.0
2018-09-26,23.42000007629395,23.42000007629395,23.42000007629395,23.42000007629395,98.0
2018-09-27,24.0,24.0,24.0,24.0,8.0
2018-09-28,24.6299991607666,24.6299991607666,24.6299991607666,24.6299991607666,12.0
2018-10-01,24.42000007629395,24.42000007629395,24.42000007629395,24.95999908447266,1.0
2018-10-02,25.3799991607666,25.3799991607666,25.32999992370605,24.76000022888184,106.0
2018-10-03,24.80999946594238,24.80999946594238,24.67000007629395,24.95999908447266,121.0
2018-10-04,25.18000030517578,25.18000030517578,25.18000030517578,25.18000030517578,100.0
2018-10-05,26.10000038146973,26.10000038146973,26.10000038146973,26.10000038146973,102.0
2018-10-08,26.47999954223633,26.47999954223633,26.47999954223633,26.47999954223633,7.0
2018-10-09,26.18000030517578,26.20000076293945,25.54000091552734,25.32999992370605,750.0
2018-10-10,23.84000015258789,23.84000015258789,23.84000015258789,23.64999961853027,1280.0
2018-10-11,22.54999923706055,23.8799991607666,22.54999923706055,23.8799991607666,880.0
2018-10-12,24.20999908447266,24.25,24.18000030517578,24.20999908447266,89.0
2018-10-15,23.71999931335449,23.76000022888184,22.79000091552734,22.09000015258789,28.0
2018-10-16,22.36000061035156,22.61000061035156,22.36000061035156,22.53000068664551,2127.0
2018-10-17,22.61000061035156,22.61000061035156,22.06999969482422,22.27000045776367,136.0
2018-10-18,21.75,22.64999961853027,21.45000076293945,22.6200008392334,3250.0
2018-10-19,22.63999938964844,22.63999938964844,22.63999938964844,22.63999938964844,5.0
2018-10-22,22.17000007629395,22.48999977111816,22.1200008392334,21.92000007629395,108.0
2018-10-23,21.6299991607666,21.6299991607666,21.6299991607666,21.79999923706055,240.0
2018-10-24,21.77000045776367,22.03000068664551,21.77000045776367,21.89999961853027,47.0
2018-10-25,21.46999931335449,21.46999931335449,21.46999931335449,21.40999984741211,87.0
2018-10-26,20.59000015258789,20.59000015258789,20.59000015258789,20.59000015258789,2.0
2018-10-29,19.8799991607666,19.8799991607666,19.27000045776367,18.90999984741211,2569.0
2018-10-30,18.90999984741211,18.90999984741211,17.51000022888184,18.1299991607666,2643.0
2018-10-31,18.35000038146973,18.35000038146973,17.89999961853027,18.48999977111816,246.0
2018-11-01,17.6200008392334,17.6200008392334,17.6200008392334,17.6200008392334,351.0
2018-11-02,18.29999923706055,19.3700008392334,18.29999923706055,19.18000030517578,1662.0
2018-11-05,19.30999946594238,19.30999946594238,19.30999946594238,19.30999946594238,1301.0
2018-11-06,19.69000053405762,19.69000053405762,19.69000053405762,19.69000053405762,9.0
2018-11-07,20.38999938964844,20.38999938964844,20.38999938964844,20.77000045776367,15.0
2018-11-08,21.75,21.75,21.75,21.75,1.0
2018-11-09,21.64999961853027,21.64999961853027,21.64999961853027,21.64999961853027,350.0
2018-11-12,22.79000091552734,22.79000091552734,22.79000091552734,22.70000076293945,532.0
2018-11-13,22.26000022888184,22.26000022888184,22.26000022888184,22.26000022888184,1.0
2018-11-14,21.8700008392334,21.8700008392334,21.8700008392334,21.78000068664551,4.0
2018-11-15,21.1299991607666,21.1299991607666,21.1299991607666,21.1299991607666,21.0
2018-11-16,21.92000007629395,21.92000007629395,21.92000007629395,21.30999946594238,1242.0
2018-11-19,21.07999992370605,21.07999992370605,21.07999992370605,21.07999992370605,7.0
2018-11-20,21.6200008392334,21.6200008392334,21.6200008392334,21.6200008392334,1.0
2018-11-21,21.89999961853027,22.35000038146973,21.89999961853027,22.69000053405762,533.0
2018-11-22,23.13999938964844,23.13999938964844,23.13999938964844,23.13999938964844,991.0
2018-11-23,23.31999969482422,23.31999969482422,23.31999969482422,22.39999961853027,1.0
2018-11-26,22.02000045776367,22.02000045776367,22.02000045776367,22.02000045776367,700.0
2018-11-27,21.81999969482422,21.81999969482422,21.81999969482422,21.81999969482422,16237.0
2018-11-28,21.5,21.5,21.5,21.5,24599.0
2018-11-29,22.22999954223633,22.22999954223633,22.22999954223633,22.22999954223633,280.0
2018-11-30,22.70000076293945,22.70000076293945,22.70000076293945,22.70000076293945,13450.0
2018-12-03,22.85000038146973,22.85000038146973,22.85000038146973,22.85000038146973,500.0
2018-12-04,22.85000038146973,22.89999961853027,22.73999977111816,22.98999977111816,150.0
2018-12-05,22.82999992370605,22.82999992370605,22.25,22.03000068664551,1434.0
2018-12-06,22.36000061035156,22.36000061035156,22.36000061035156,22.36000061035156,5.0
2018-12-07,22.60000038146973,22.60000038146973,22.60000038146973,22.60000038146973,17422.0
2018-12-10,23.21999931335449,23.21999931335449,23.21999931335449,23.21999931335449,150.0
2018-12-11,22.52000045776367,22.52000045776367,22.52000045776367,22.52000045776367,32496.0
2018-12-12,23.80999946594238,23.80999946594238,23.80999946594238,23.80999946594238,864.0
2018-12-13,24.64999961853027,24.64999961853027,24.64999961853027,24.64999961853027,45.0
2018-12-14,25.0,25.5,25.0,25.76000022888184,2.0
2018-12-17,26.69000053405762,26.69000053405762,26.69000053405762,26.69000053405762,2031.0
2018-12-18,26.45000076293945,26.45000076293945,26.45000076293945,26.42000007629395,3.0
2018-12-19,27.03000068664551,27.03000068664551,26.76000022888184,26.67000007629395,455.0
2018-12-20,26.53000068664551,26.53000068664551,26.53000068664551,26.53000068664551,2.0
2018-12-21,26.96999931335449,26.96999931335449,26.96999931335449,26.96999931335449,30.0
2018-12-24,27.38999938964844,27.40999984741211,27.38999938964844,27.25,45.0
2018-12-27,26.93000030517578,26.93000030517578,26.93000030517578,27.07999992370605,2.0
2018-12-28,27.02000045776367,27.02000045776367,27.02000045776367,27.02000045776367,105.0
2018-12-31,27.05999946594238,27.05999946594238,27.05999946594238,27.05999946594238,7.0
2019-01-02,27.3700008392334,27.3700008392334,27.3700008392334,27.3700008392334,212.0
2019-01-03,25.28000068664551,25.28000068664551,25.28000068664551,25.28000068664551,85.0
2019-01-04,25.45000076293945,25.77000045776367,25.40999984741211,25.65999984741211,75.0
2019-01-07,24.22999954223633,24.22999954223633,24.21999931335449,24.21999931335449,3384.0
2019-01-08,24.78000068664551,24.78000068664551,24.78000068664551,24.78000068664551,15.0
2019-01-09,24.8799991607666,24.8799991607666,24.06999969482422,23.93000030517578,162.0
2019-01-10,23.95000076293945,23.95000076293945,23.95000076293945,23.95999908447266,762.0
2019-01-11,24.69000053405762,24.69000053405762,24.51000022888184,24.52000045776367,37.0
2019-01-14,24.32999992370605,24.32999992370605,24.32999992370605,24.32999992370605,870.0
2019-01-15,24.31999969482422,24.31999969482422,24.31999969482422,24.39999961853027,34.0
2019-01-16,24.82999992370605,24.82999992370605,24.82999992370605,25.18000030517578,21.0
2019-01-17,25.6299991607666,25.6299991607666,25.60000038146973,25.38999938964844,4635.0
2019-01-18,26.6299991607666,26.6299991607666,26.6299991607666,26.6299991607666,1427.0
2019-01-21,26.28000068664551,26.28000068664551,26.28000068664551,26.25,27.0
2019-01-22,26.57999992370605,26.57999992370605,26.55999946594238,26.94000053405762,64.0
2019-01-23,26.46999931335449,26.46999931335449,26.46999931335449,26.46999931335449,1.0
2019-01-24,26.20000076293945,26.60000038146973,26.06999969482422,25.85000038146973,709.0
2019-01-25,25.39999961853027,25.6200008392334,25.28000068664551,25.68000030517578,96.0
2019-01-28,25.05999946594238,25.09000015258789,25.0,24.5,46.0
2019-01-29,24.45000076293945,24.73999977111816,24.45000076293945,25.07999992370605,240.0
2019-01-30,24.85000038146973,24.85000038146973,24.52000045776367,24.71999931335449,876.0
2019-01-31,24.45000076293945,24.45000076293945,24.45000076293945,23.89999961853027,10.0
2019-02-01,23.54999923706055,23.54999923706055,23.54999923706055,23.54999923706055,1455.0
2019-02-04,23.07999992370605,23.28000068664551,23.07999992370605,24.6299991607666,12.0
2019-02-05,24.73999977111816,24.73999977111816,24.73999977111816,24.73999977111816,105.0
2019-02-06,25.23999977111816,25.23999977111816,25.23999977111816,25.23999977111816,83.0
2019-02-07,24.8799991607666,25.04999923706055,24.8799991607666,25.02000045776367,8.0
2019-02-08,23.90999984741211,23.90999984741211,23.90999984741211,23.90999984741211,31.0
2019-02-11,23.96999931335449,23.96999931335449,23.96999931335449,23.96999931335449,10.0
2019-02-12,22.29999923706055,22.29999923706055,22.29999923706055,22.25,5.0
2019-02-13,21.86000061035156,21.86000061035156,21.73999977111816,22.51000022888184,199.0
2019-02-14,22.60000038146973,22.60000038146973,22.60000038146973,21.3700008392334,703.0
2019-02-15,22.04000091552734,22.04000091552734,22.04000091552734,22.04000091552734,200.0
2019-02-18,21.60000038146973,21.60000038146973,21.60000038146973,21.60000038146973,100.0
2019-02-19,22.20000076293945,22.20000076293945,22.20000076293945,21.80999946594238,604.0
2019-02-20,22.0,22.0,21.84000015258789,22.04000091552734,60.0
2019-02-21,20.31999969482422,20.31999969482422,20.31999969482422,20.31999969482422,174.0
2019-02-22,20.22999954223633,20.3700008392334,20.22999954223633,20.43000030517578,885.0
2019-02-25,20.6299991607666,20.76000022888184,20.54999923706055,20.64999961853027,1135.0
2019-02-26,21.07999992370605,21.07999992370605,21.07999992370605,21.07999992370605,100.0
2019-02-27,22.70000076293945,22.70000076293945,22.70000076293945,22.70000076293945,100.0
2019-02-28,23.1299991607666,23.1299991607666,23.1299991607666,23.1299991607666,575.0
2019-03-01,23.72999954223633,23.72999954223633,23.72999954223633,23.72999954223633,1.0
2019-03-04,24.60000038146973,24.60000038146973,24.60000038146973,24.60000038146973,1105.0
2019-03-05,24.5,24.5,24.29999923706055,24.42000007629395,24.0
2019-03-06,24.32999992370605,24.3700008392334,24.21999931335449,23.60000038146973,131.0
2019-03-07,23.75,23.75,23.75,24.76000022888184,101.0
2019-03-08,24.96999931335449,24.96999931335449,24.29999923706055,24.52000045776367,39.0
2019-03-11,23.79999923706055,23.79999923706055,23.70000076293945,23.78000068664551,260.0
2019-03-12,23.79999923706055,23.79999923706055,23.79999923706055,23.79999923706055,1000.0
2019-03-13,23.47999954223633,23.69000053405762,23.45999908447266,23.71999931335449,332.0
2019-03-14,24.20000076293945,24.20000076293945,24.20000076293945,24.20000076293945,1.0
2019-03-15,24.28000068664551,24.28000068664551,24.28000068664551,23.92000007629395,5.0
2019-03-18,23.21999931335449,23.21999931335449,23.21999931335449,23.21999931335449,15.0
2019-03-19,22.53000068664551,22.53000068664551,22.53000068664551,22.53000068664551,118.0
2019-03-20,22.45000076293945,23.14999961853027,22.45000076293945,23.02000045776367,172.0
2019-03-21,22.95000076293945,22.95000076293945,22.27000045776367,22.28000068664551,156.0
2019-03-22,22.06999969482422,22.19000053405762,21.92000007629395,21.98999977111816,101.0
2019-03-25,21.95000076293945,21.95000076293945,21.95000076293945,22.22999954223633,5.0
2019-03-26,22.84000015258789,22.84000015258789,22.84000015258789,22.84000015258789,200.0
2019-03-27,23.04999923706055,23.34000015258789,22.97999954223633,23.14999961853027,347.0
2019-03-28,23.6299991607666,23.6299991607666,23.6299991607666,23.54999923706055,240.0
2019-03-29,22.8799991607666,22.8799991607666,22.8799991607666,22.81999969482422,300.0
2019-04-01,22.45999908447266,22.90999984741211,22.45999908447266,23.15999984741211,62.0
2019-04-02,23.25,23.25,23.25,23.25,382.0
2019-04-03,23.98999977111816,24.14999961853027,23.98999977111816,24.45000076293945,477.0
2019-04-04,25.51000022888184,25.51000022888184,25.51000022888184,25.71999931335449,650.0
2019-04-05,25.60000038146973,25.60000038146973,25.60000038146973,25.89999961853027,205.0
2019-04-08,25.98999977111816,25.98999977111816,25.98999977111816,25.57999992370605,99.0
2019-04-09,26.8700008392334,26.8700008392334,26.8700008392334,26.84000015258789,448.0
2019-04-10,27.51000022888184,27.6299991607666,27.51000022888184,27.40999984741211,3162.0
2019-04-11,27.84000015258789,27.84000015258789,27.84000015258789,28.57999992370605,1650.0
2019-04-12,28.11000061035156,28.11000061035156,27.6299991607666,27.81999969482422,4.0
2019-04-15,28.32999992370605,28.36000061035156,28.25,28.04999923706055,602.0
2019-04-16,27.84000015258789,28.11000061035156,27.84000015258789,28.25,574.0
2019-04-17,28.70999908447266,28.70999908447266,28.70999908447266,28.70999908447266,400.0
2019-04-18,28.13999938964844,28.13999938964844,28.13999938964844,28.13999938964844,67.0
2019-04-23,28.79999923706055,28.79999923706055,28.79999923706055,28.79999923706055,1000.0
2019-04-24,28.65999984741211,28.65999984741211,28.65999984741211,28.65999984741211,1000.0
2019-04-25,28.54000091552734,28.54000091552734,28.54000091552734,28.54000091552734,55.0
2019-04-26,27.09000015258789,27.09000015258789,27.09000015258789,27.09000015258789,114.0
2019-04-29,27.54999923706055,27.54999923706055,27.54999923706055,27.54999923706055,5.0
2019-04-30,27.11000061035156,27.53000068664551,27.11000061035156,27.43000030517578,45.0
2019-05-01,26.88999938964844,26.88999938964844,26.88999938964844,26.88999938964844,5.0
2019-05-02,25.82999992370605,25.82999992370605,25.82999992370605,25.79000091552734,1476.0
2019-05-03,25.69000053405762,26.10000038146973,25.69000053405762,26.29000091552734,479.0
2019-05-06,26.42000007629395,26.42000007629395,26.42000007629395,26.42000007629395,0.0
2019-05-07,26.79999923706055,26.79999923706055,26.79999923706055,27.46999931335449,20.0
2019-05-08,27.64999961853027,27.64999961853027,27.57999992370605,27.98999977111816,76.0
2019-05-09,27.56999969482422,27.56999969482422,27.56999969482422,27.56999969482422,90.0
2019-05-10,27.1200008392334,27.14999961853027,27.1200008392334,26.6200008392334,510.0
2019-05-13,26.60000038146973,26.60000038146973,26.60000038146973,26.03000068664551,32.0
2019-05-14,26.8700008392334,26.8700008392334,26.8700008392334,26.8700008392334,537.0
2019-05-15,26.95999908447266,26.95999908447266,26.95999908447266,26.95999908447266,440.0
2019-05-16,26.55999946594238,26.55999946594238,26.55999946594238,26.55999946594238,121.0
2019-05-17,26.53000068664551,26.54000091552734,26.53000068664551,25.95999908447266,5.0
2019-05-20,26.15999984741211,26.15999984741211,26.15999984741211,26.15999984741211,48.0
2019-05-21,26.18000030517578,26.18000030517578,26.18000030517578,26.35000038146973,415.0
2019-05-22,27.34000015258789,27.34000015258789,27.34000015258789,27.34000015258789,100.0
2019-05-23,27.07999992370605,27.07999992370605,27.07999992370605,27.03000068664551,1.0
2019-05-24,26.6200008392334,26.6200008392334,26.60000038146973,26.44000053405762,100.0
2019-05-27,26.02000045776367,26.63999938964844,26.02000045776367,26.61000061035156,42.0
2019-05-28,26.57999992370605,26.64999961853027,26.20000076293945,26.45999908447266,252.0
2019-05-29,26.54999923706055,26.94000053405762,26.54999923706055,26.51000022888184,20.0
2019-05-30,26.5,26.5,26.39999961853027,26.28000068664551,15.0
2019-05-31,25.68000030517578,25.68000030517578,25.68000030517578,25.45000076293945,5.0
2019-06-03,25.10000038146973,25.3700008392334,24.97999954223633,24.73999977111816,624.0
2019-06-04,25.23999977111816,25.6299991607666,25.21999931335449,25.57999992370605,2563.0
2019-06-05,25.28000068664551,25.28000068664551,25.28000068664551,25.28000068664551,10.0
2019-06-06,25.39999961853027,25.39999961853027,25.39999961853027,25.09000015258789,391.0
2019-06-07,25.70000076293945,25.70000076293945,25.70000076293945,25.65999984741211,34.0
2019-06-10,26.36000061035156,26.36000061035156,26.36000061035156,26.36000061035156,40.0
2019-06-11,26.11000061035156,26.11000061035156,26.11000061035156,26.11000061035156,6.0
2019-06-12,25.8700008392334,25.8700008392334,25.86000061035156,25.92000007629395,6.0
2019-06-13,26.09000015258789,26.09000015258789,26.09000015258789,26.04999923706055,150.0
2019-06-14,26.14999961853027,26.14999961853027,26.14999961853027,26.14999961853027,287.0
2019-06-17,26.14999961853027,26.19000053405762,26.05999946594238,26.1200008392334,273.0
2019-06-18,26.06999969482422,26.40999984741211,26.05999946594238,26.21999931335449,189.0
2019-06-19,26.42000007629395,26.42000007629395,26.38999938964844,26.06999969482422,1305.0
2019-06-20,25.98999977111816,25.98999977111816,25.98999977111816,26.20000076293945,16.0
2019-06-21,26.17000007629395,26.17000007629395,26.1299991607666,26.42000007629395,576.0
2019-06-24,26.70999908447266,27.26000022888184,26.70999908447266,27.53000068664551,1033.0
2019-06-25,27.92000007629395,27.92000007629395,27.39999961853027,27.63999938964844,495.0
2019-06-26,28.3700008392334,28.64999961853027,28.3700008392334,28.64999961853027,239.0
2019-06-27,28.63999938964844,28.63999938964844,28.3700008392334,28.14999961853027,34.0
2019-06-28,27.5,27.5,27.5,27.5,80.0
2019-07-01,28.10000038146973,28.15999984741211,28.10000038146973,28.17000007629395,248.0
2019-07-02,28.44000053405762,28.44000053405762,28.44000053405762,27.97999954223633,105.0
2019-07-03,27.90999984741211,27.90999984741211,27.73999977111816,27.78000068664551,334.0
2019-07-04,27.84000015258789,27.86000061035156,27.26000022888184,27.28000068664551,423.0
2019-07-05,27.20000076293945,27.59000015258789,27.10000038146973,27.67000007629395,1196.0
2019-07-08,28.21999931335449,28.21999931335449,28.14999961853027,28.15999984741211,55.0
2019-07-09,28.07999992370605,28.31999969482422,27.96999931335449,27.89999961853027,591.0
2019-07-10,28.45999908447266,28.85000038146973,28.45000076293945,29.64999961853027,848.0
2019-07-11,29.54000091552734,29.54000091552734,29.52000045776367,29.70999908447266,751.0
2019-07-12,29.67000007629395,29.94000053405762,29.67000007629395,30.26000022888184,20.0
2019-07-15,30.65999984741211,31.02000045776367,30.54999923706055,30.55999946594238,659.0
2019-07-16,30.8799991607666,30.8799991607666,30.63999938964844,29.97999954223633,9.0
2019-07-17,30.06999969482422,30.06999969482422,29.96999931335449,29.97999954223633,387.0
2019-07-18,29.28000068664551,29.28000068664551,29.28000068664551,29.28000068664551,80.0
2019-07-19,29.46999931335449,29.81999969482422,29.46999931335449,30.3799991607666,100.0
2019-07-22,30.60000038146973,30.68000030517578,30.14999961853027,30.5,180.0
2019-07-23,30.48999977111816,30.48999977111816,30.48999977111816,31.32999992370605,4.0
2019-07-24,30.70000076293945,30.70000076293945,30.70000076293945,30.70000076293945,272.0
2019-07-25,30.70000076293945,31.21999931335449,30.70000076293945,30.51000022888184,862.0
2019-07-26,29.75,29.75,29.75,29.75,5.0
2019-07-29,29.85000038146973,29.85000038146973,29.85000038146973,29.85000038146973,30.0
2019-07-30,29.5,29.6200008392334,29.44000053405762,29.29000091552734,215.0
2019-07-31,29.6299991607666,29.6299991607666,29.6299991607666,29.3799991607666,13.0
2019-08-01,29.45999908447266,30.5,29.45999908447266,30.82999992370605,106.0
2019-08-02,30.72999954223633,30.72999954223633,30.43000030517578,30.61000061035156,250.0
2019-08-05,30.04000091552734,30.04000091552734,30.04000091552734,30.04000091552734,505.0
2019-08-06,30.04999923706055,30.04999923706055,30.04999923706055,29.70000076293945,403.0
2019-08-07,29.63999938964844,30.14999961853027,29.54999923706055,29.55999946594238,700.0
2019-08-08,29.42000007629395,29.42000007629395,29.42000007629395,29.78000068664551,10.0
2019-08-09,29.36000061035156,29.36000061035156,29.36000061035156,29.36000061035156,600.0
2019-08-12,29.34000015258789,29.34000015258789,28.0,27.90999984741211,554.0
2019-08-13,28.04999923706055,28.20000076293945,28.04999923706055,28.29999923706055,11.0
2019-08-14,27.89999961853027,27.89999961853027,27.79999923706055,28.1200008392334,32.0
2019-08-15,27.60000038146973,27.60000038146973,27.29999923706055,27.20000076293945,880.0
2019-08-16,27.46999931335449,27.55999946594238,27.36000061035156,27.14999961853027,57.0
2019-08-19,27.72999954223633,27.72999954223633,27.72999954223633,27.72999954223633,1.0
2019-08-20,27.90999984741211,27.90999984741211,27.90999984741211,27.42000007629395,30.0
2019-08-21,27.36000061035156,27.36000061035156,27.36000061035156,27.17000007629395,23.0
2019-08-22,27.0,27.0,27.0,26.80999946594238,3.0
2019-08-23,26.61000061035156,26.61000061035156,25.92000007629395,26.23999977111816,12.0
2019-08-26,26.96999931335449,26.96999931335449,26.96999931335449,26.96999931335449,523.0
2019-08-27,26.53000068664551,26.53000068664551,26.53000068664551,26.53000068664551,5.0
2019-08-28,26.70999908447266,26.86000061035156,26.70999908447266,27.11000061035156,146.0
2019-08-29,27.60000038146973,27.60000038146973,27.60000038146973,27.54999923706055,1.0
2019-08-30,27.3700008392334,27.3700008392334,27.3700008392334,27.3700008392334,260.0
2019-09-02,26.94000053405762,26.94000053405762,26.13999938964844,26.21999931335449,20.0
2019-09-03,26.0,26.0,26.0,26.20999908447266,432.0
2019-09-04,26.46999931335449,26.46999931335449,26.46999931335449,26.46999931335449,2102.0
2019-09-05,26.72999954223633,26.72999954223633,26.26000022888184,26.47999954223633,269.0
2019-09-06,26.43000030517578,26.43000030517578,25.89999961853027,26.04999923706055,45.0
2019-09-09,26.15999984741211,26.15999984741211,25.95000076293945,25.96999931335449,259.0
2019-09-10,26.28000068664551,26.70999908447266,26.28000068664551,27.69000053405762,690.0
2019-09-11,27.59000015258789,28.34000015258789,27.19000053405762,27.27000045776367,389.0
2019-09-12,27.76000022888184,27.79000091552734,27.6200008392334,27.42000007629395,642.0
2019-09-13,27.44000053405762,27.68000030517578,27.21999931335449,27.3799991607666,280.0
2019-09-16,27.92000007629395,28.10000038146973,27.6299991607666,28.06999969482422,413.0
2019-09-17,27.79000091552734,27.85000038146973,27.70000076293945,27.23999977111816,75.0
2019-09-18,26.61000061035156,26.75,26.34000015258789,26.46999931335449,270.0
2019-09-19,26.39999961853027,26.8799991607666,26.30999946594238,26.97999954223633,556.0
2019-09-20,27.29999923706055,27.69000053405762,27.29999923706055,27.59000015258789,22.0
2019-09-23,27.01000022888184,27.01000022888184,26.72999954223633,26.84000015258789,128.0
2019-09-24,26.68000030517578,26.8799991607666,26.67000007629395,26.57999992370605,304.0
2019-09-25,26.3799991607666,26.39999961853027,26.17000007629395,26.26000022888184,61.0
2019-09-26,26.61000061035156,26.61000061035156,26.29000091552734,26.69000053405762,50.0
2019-09-27,26.59000015258789,26.59000015258789,26.25,26.34000015258789,11.0
2019-09-30,26.13999938964844,26.17000007629395,25.78000068664551,25.76000022888184,191.0
2019-10-01,25.51000022888184,26.11000061035156,25.51000022888184,26.04999923706055,658.0
2019-10-02,25.72999954223633,25.80999946594238,25.6200008392334,25.20000076293945,2513.0
2019-10-03,24.97999954223633,24.97999954223633,24.10000038146973,24.17000007629395,244.0
2019-10-04,24.23999977111816,24.5,24.20000076293945,23.90999984741211,248.0
2019-10-07,23.82999992370605,24.28000068664551,23.82999992370605,24.35000038146973,277.0
2019-10-08,24.39999961853027,24.46999931335449,23.95999908447266,23.5,354.0
2019-10-09,23.10000038146973,23.60000038146973,23.10000038146973,23.60000038146973,166.0
2019-10-10,23.68000030517578,23.80999946594238,23.57999992370605,24.18000030517578,997.0
2019-10-11,24.75,24.84000015258789,24.75,25.36000061035156,32.0
2019-10-14,24.81999969482422,24.81999969482422,24.81999969482422,25.05999946594238,1.0
2019-10-15,25.5,25.64999961853027,25.29999923706055,26.63999938964844,125.0
2019-10-16,26.59000015258789,26.70999908447266,26.25,27.22999954223633,453.0
2019-10-17,26.70000076293945,26.70000076293945,26.60000038146973,27.0,1018.0
2019-10-18,26.54999923706055,26.97999954223633,26.5,26.79999923706055,1072.0
2019-10-21,26.82999992370605,26.82999992370605,26.82999992370605,26.82999992370605,482.0
2019-10-22,26.60000038146973,26.60000038146973,26.55999946594238,26.52000045776367,1416.0
2019-10-23,26.0,26.17000007629395,25.93000030517578,25.59000015258789,163.0
2019-10-24,25.54999923706055,25.97999954223633,25.54999923706055,26.28000068664551,57.0
2019-10-25,25.92000007629395,25.92000007629395,25.92000007629395,25.79999923706055,12.0
2019-10-28,25.65999984741211,25.90999984741211,25.55999946594238,25.93000030517578,41.0
2019-10-29,26.19000053405762,26.45000076293945,26.18000030517578,26.25,67.0
2019-10-30,26.30999946594238,26.6299991607666,26.30999946594238,26.76000022888184,28.0
2019-10-31,26.73999977111816,26.73999977111816,26.44000053405762,26.35000038146973,878.0
2019-11-01,26.63999938964844,26.63999938964844,26.63999938964844,26.02000045776367,20.0
2019-11-04,25.80999946594238,25.8799991607666,25.70999908447266,26.3700008392334,92.0
2019-11-05,26.67000007629395,26.67000007629395,26.63999938964844,26.23999977111816,224.0
2019-11-06,25.8700008392334,26.05999946594238,25.8700008392334,25.52000045776367,159.0
2019-11-07,25.70000076293945,25.70000076293945,25.70000076293945,25.64999961853027,1.0
2019-11-08,25.35000038146973,25.78000068664551,25.35000038146973,25.55999946594238,70.0
2019-11-11,25.85000038146973,25.88999938964844,25.81999969482422,25.64999961853027,1128.0
2019-11-12,25.76000022888184,25.76000022888184,24.56999969482422,24.82999992370605,351.0
2019-11-13,24.85000038146973,25.05999946594238,24.79999923706055,25.10000038146973,145.0
2019-11-14,24.70000076293945,24.72999954223633,24.70000076293945,24.67000007629395,20.0
2019-11-15,24.17000007629395,24.39999961853027,24.17000007629395,24.56999969482422,75.0
2019-11-18,24.18000030517578,24.19000053405762,24.14999961853027,24.1299991607666,24.0
2019-11-19,24.18000030517578,24.57999992370605,24.18000030517578,24.17000007629395,29.0
2019-11-20,24.07999992370605,24.39999961853027,24.07999992370605,24.75,76.0
2019-11-21,24.68000030517578,24.84000015258789,24.68000030517578,24.65999984741211,29.0
2019-11-22,25.30999946594238,25.30999946594238,25.30999946594238,25.30999946594238,4115.0
2019-11-25,25.02000045776367,25.20000076293945,25.02000045776367,25.15999984741211,195.0
2019-11-26,25.0,25.17000007629395,24.93000030517578,25.11000061035156,220.0
2019-11-27,25.53000068664551,25.75,25.53000068664551,25.84000015258789,44.0
2019-11-28,25.71999931335449,25.81999969482422,25.60000038146973,25.72999954223633,26.0
2019-11-29,25.85000038146973,25.8799991607666,25.72999954223633,25.94000053405762,302.0
2019-12-02,25.70000076293945,25.70000076293945,25.15999984741211,25.05999946594238,52.0
2019-12-03,25.22999954223633,25.22999954223633,24.89999961853027,24.73999977111816,165.0
2019-12-04,24.57999992370605,25.53000068664551,24.57999992370605,25.47999954223633,16.0
2019-12-05,25.42000007629395,25.48999977111816,25.13999938964844,25.43000030517578,293.0
2019-12-06,25.38999938964844,25.70000076293945,25.35000038146973,25.68000030517578,282.0
2019-12-09,25.32999992370605,25.95999908447266,25.19000053405762,25.8700008392334,65.0
2019-12-10,25.69000053405762,25.73999977111816,25.69000053405762,25.68000030517578,325.0
2019-12-11,25.82999992370605,25.82999992370605,25.36000061035156,25.19000053405762,322.0
2019-12-12,25.43000030517578,25.8700008392334,25.27000045776367,25.79000091552734,40.0
2019-12-13,26.22999954223633,26.22999954223633,25.0,24.70999908447266,48.0
2019-12-16,24.73999977111816,25.30999946594238,24.73999977111816,25.52000045776367,54.0
2019-12-17,26.09000015258789,26.09000015258789,26.09000015258789,26.61000061035156,29.0
2019-12-18,26.63999938964844,26.63999938964844,26.63999938964844,27.1299991607666,2.0
2019-12-19,27.17000007629395,27.39999961853027,27.14999961853027,27.3799991607666,327.0
2019-12-20,26.56999969482422,27.04000091552734,26.56999969482422,27.20999908447266,20.0
2019-12-23,27.54999923706055,27.59000015258789,27.54999923706055,27.07999992370605,25.0
2019-12-24,26.6200008392334,26.6200008392334,26.6200008392334,26.6200008392334,250.0
2019-12-26,26.6200008392334,26.6200008392334,26.6200008392334,26.6200008392334,0.0
2019-12-27,27.25,27.25,27.25,27.25,74.0
2019-12-30,26.77000045776367,26.77000045776367,25.75,25.6299991607666,139.0
2019-12-31,25.67000007629395,25.67000007629395,25.67000007629395,25.18000030517578,4.0
2020-01-02,24.89999961853027,24.89999961853027,24.89999961853027,24.89999961853027,67.0
2020-01-03,25.34000015258789,25.3700008392334,25.34000015258789,25.5,10.0
2020-01-06,24.95000076293945,24.95999908447266,24.70000076293945,24.73999977111816,17.0
2020-01-07,24.59000015258789,24.85000038146973,24.59000015258789,25.05999946594238,24.0
2020-01-08,24.8799991607666,24.8799991607666,24.56999969482422,24.60000038146973,514.0
2020-01-09,24.84000015258789,25.20000076293945,24.84000015258789,25.20000076293945,123.0
2020-01-10,24.81999969482422,24.81999969482422,24.70999908447266,24.72999954223633,57.0
2020-01-13,24.54999923706055,24.72999954223633,24.54999923706055,24.65999984741211,109.0
2020-01-14,24.28000068664551,24.32999992370605,24.20000076293945,24.3700008392334,61.0
2020-01-15,24.95000076293945,25.07999992370605,24.81999969482422,25.04000091552734,1203.0
2020-01-16,25.44000053405762,25.44000053405762,25.1200008392334,25.3700008392334,120.0
2020-01-17,25.45999908447266,25.80999946594238,25.45999908447266,25.96999931335449,54.0
2020-01-20,25.80999946594238,26.10000038146973,25.70000076293945,25.70000076293945,567.0
2020-01-21,25.54999923706055,25.95000076293945,25.42000007629395,25.45000076293945,149.0
2020-01-22,25.81999969482422,26.07999992370605,25.52000045776367,25.54999923706055,194.0
2020-01-23,25.34000015258789,25.34000015258789,24.8799991607666,25.20999908447266,2475.0
2020-01-24,25.32999992370605,25.32999992370605,24.79999923706055,24.8700008392334,456.0
2020-01-27,24.70000076293945,24.8799991607666,24.60000038146973,25.04999923706055,77.0
2020-01-28,25.04999923706055,25.04999923706055,25.04999923706055,25.10000038146973,10.0
2020-01-29,24.8799991607666,24.8799991607666,24.44000053405762,24.43000030517578,556.0
2020-01-30,24.29999923706055,24.34000015258789,23.89999961853027,24.17000007629395,4248.0
2020-01-31,24.1299991607666,24.1299991607666,23.95000076293945,24.30999946594238,2090.0
2020-02-03,24.14999961853027,24.14999961853027,23.42000007629395,23.6299991607666,293.0
2020-02-04,23.69000053405762,23.8700008392334,23.35000038146973,23.78000068664551,1488.0
2020-02-05,23.48999977111816,24.26000022888184,23.48999977111816,24.19000053405762,662.0
2020-02-06,24.0,24.0,23.6299991607666,23.97999954223633,75.0
2020-02-07,23.82999992370605,24.01000022888184,23.70000076293945,23.75,515.0
2020-02-10,23.70999908447266,23.70999908447266,23.38999938964844,23.57999992370605,114.0
2020-02-11,23.71999931335449,24.03000068664551,23.59000015258789,23.73999977111816,54.0
2020-02-12,24.0,24.21999931335449,24.0,24.30999946594238,84.0
2020-02-13,24.22999954223633,24.84000015258789,24.1299991607666,24.81999969482422,156.0
2020-02-14,25.02000045776367,25.02000045776367,24.6200008392334,24.70999908447266,205.0
2020-02-17,24.63999938964844,25.22999954223633,24.63999938964844,25.46999931335449,87.0
2020-02-18,25.31999969482422,25.63999938964844,25.25,25.55999946594238,362.0
2020-02-19,25.70999908447266,25.90999984741211,25.5,26.1299991607666,117.0
2020-02-20,26.0,26.11000061035156,25.95999908447266,26.05999946594238,128.0
2020-02-21,25.88999938964844,25.94000053405762,25.85000038146973,26.03000068664551,525.0
2020-02-24,25.51000022888184,25.51000022888184,24.8700008392334,25.0,260.0
2020-02-25,24.98999977111816,25.0,24.6200008392334,24.6200008392334,132.0
2020-02-26,24.5,24.76000022888184,24.20999908447266,24.69000053405762,243.0
2020-02-27,24.35000038146973,24.3700008392334,23.94000053405762,24.02000045776367,443.0
2020-02-28,23.61000061035156,24.01000022888184,23.61000061035156,24.02000045776367,456.0
2020-03-02,24.42000007629395,24.51000022888184,23.81999969482422,23.93000030517578,1623.0
2020-03-03,23.81999969482422,24.13999938964844,23.70999908447266,23.77000045776367,281.0
2020-03-04,23.73999977111816,24.3700008392334,23.73999977111816,24.23999977111816,3458.0
2020-03-05,24.28000068664551,24.28000068664551,24.28000068664551,24.20999908447266,199.0
2020-03-06,23.90999984741211,24.0,23.85000038146973,23.82999992370605,304.0
2020-03-09,23.56999969482422,23.56999969482422,22.89999961853027,23.68000030517578,2457.0
2020-03-10,23.75,24.38999938964844,23.75,24.5,116.0
2020-03-11,24.35000038146973,24.35000038146973,24.0,24.34000015258789,310.0
2020-03-12,24.22999954223633,24.22999954223633,22.95000076293945,22.95999908447266,589.0
2020-03-13,23.34000015258789,23.34000015258789,22.39999961853027,22.3799991607666,42.0
2020-03-16,22.0,22.0,19.67000007629395,19.97999954223633,430.0
2020-03-17,20.39999961853027,20.39999961853027,18.73999977111816,19.04999923706055,6940.0
2020-03-18,18.1200008392334,18.1200008392334,16.01000022888184,16.1200008392334,6831.0
2020-03-19,16.89999961853027,17.39999961853027,16.22999954223633,17.19000053405762,2979.0
2020-03-20,17.42000007629395,17.69000053405762,16.80999946594238,16.84000015258789,2686.0
2020-03-23,15.60000038146973,16.3799991607666,15.14999961853027,16.28000068664551,1168.0
2020-03-24,16.90999984741211,17.85000038146973,16.70000076293945,17.5,8749.0
2020-03-25,17.60000038146973,18.29000091552734,16.8700008392334,18.20999908447266,1077.0
2020-03-26,17.52000045776367,18.29000091552734,17.30999946594238,18.05999946594238,318.0
2020-03-27,17.3799991607666,17.56999969482422,17.09000015258789,17.11000061035156,527.0
2020-03-30,17.21999931335449,18.0,17.21999931335449,17.78000068664551,144.0
2020-03-31,18.20999908447266,18.70000076293945,18.17000007629395,18.42000007629395,140.0
2020-04-01,17.95000076293945,17.95999908447266,17.65999984741211,17.84000015258789,169.0
2020-04-02,18.28000068664551,18.68000030517578,18.0,18.81999969482422,189.0
2020-04-03,18.89999961853027,19.1200008392334,18.78000068664551,18.72999954223633,70.0
2020-04-06,19.20000076293945,21.11000061035156,19.20000076293945,21.17000007629395,422.0
2020-04-07,21.67000007629395,22.45000076293945,21.20999908447266,21.29999923706055,631.0
2020-04-08,21.29999923706055,21.90999984741211,20.8700008392334,21.93000030517578,261.0
2020-04-09,22.21999931335449,22.48999977111816,21.81999969482422,21.86000061035156,156.0
2020-04-14,21.21999931335449,21.32999992370605,20.53000068664551,20.56999969482422,351.0
2020-04-15,20.34000015258789,20.45000076293945,19.73999977111816,20.02000045776367,2798.0
2020-04-16,20.45000076293945,21.86000061035156,20.45000076293945,21.69000053405762,1194.0
2020-04-17,23.0,23.0,22.11000061035156,22.47999954223633,188.0
2020-04-20,22.20000076293945,22.28000068664551,21.84000015258789,22.14999961853027,354.0
2020-04-21,21.40999984741211,21.47999954223633,20.68000030517578,20.63999938964844,739.0
2020-04-22,20.40999984741211,22.03000068664551,20.28000068664551,21.45000076293945,4091.0
2020-04-23,21.22999954223633,21.85000038146973,21.22999954223633,21.81999969482422,536.0
2020-04-24,21.5,21.90999984741211,21.3799991607666,21.53000068664551,100.0
2020-04-27,21.73999977111816,21.73999977111816,20.75,21.09000015258789,155.0
2020-04-28,20.93000030517578,21.5,20.81999969482422,21.04000091552734,880.0
2020-04-29,21.29000091552734,21.39999961853027,20.86000061035156,21.0,1168.0
2020-04-30,21.21999931335449,21.21999931335449,20.09000015258789,20.38999938964844,470.0
2020-05-01,19.89999961853027,19.97999954223633,19.85000038146973,19.79999923706055,693.0
2020-05-04,19.80999946594238,20.11000061035156,19.61000061035156,20.18000030517578,134.0
2020-05-05,20.39999961853027,20.5,19.70000076293945,19.92000007629395,310.0
2020-05-06,19.70999908447266,20.0,19.59000015258789,19.82999992370605,1446.0
2020-05-07,19.70000076293945,20.39999961853027,19.70000076293945,20.35000038146973,720.0
2020-05-08,20.44000053405762,20.45000076293945,20.02000045776367,20.17000007629395,82.0
2020-05-11,19.8799991607666,19.94000053405762,19.73999977111816,19.86000061035156,1070.0
2020-05-12,19.6299991607666,19.8799991607666,19.29999923706055,19.30999946594238,619.0
2020-05-13,19.28000068664551,19.59000015258789,19.20000076293945,19.45999908447266,333.0
2020-05-14,19.28000068664551,19.63999938964844,19.26000022888184,19.6200008392334,127.0
2020-05-15,20.0,20.0,19.85000038146973,19.95999908447266,1124.0
2020-05-18,20.29999923706055,21.15999984741211,20.20000076293945,21.13999938964844,1745.0
2020-05-19,21.0,21.10000038146973,20.75,20.76000022888184,4535.0
2020-05-20,20.98999977111816,22.06999969482422,20.97999954223633,22.05999946594238,688.0
2020-05-21,22.27000045776367,22.27000045776367,21.93000030517578,21.96999931335449,118.0
2020-05-22,21.64999961853027,22.17000007629395,21.38999938964844,22.19000053405762,1192.0
2020-05-25,22.23999977111816,22.38999938964844,22.07999992370605,22.3799991607666,72.0
2020-05-26,22.36000061035156,22.95000076293945,22.20999908447266,22.39999961853027,1843.0
2020-05-27,22.22999954223633,22.22999954223633,22.04999923706055,22.1299991607666,2074.0
2020-05-28,22.01000022888184,22.05999946594238,21.70000076293945,22.04000091552734,863.0
2020-05-29,22.23999977111816,22.60000038146973,22.1299991607666,22.18000030517578,492.0
2020-06-01,22.06999969482422,22.06999969482422,21.73999977111816,21.75,98.0
2020-06-02,22.05999946594238,22.86000061035156,22.05999946594238,22.84000015258789,1181.0
2020-06-03,22.81999969482422,22.81999969482422,22.45999908447266,22.85000038146973,578.0
2020-06-04,22.71999931335449,22.8700008392334,22.59000015258789,22.97999954223633,159.0
2020-06-05,22.94000053405762,23.90999984741211,22.79999923706055,24.02000045776367,497.0
2020-06-08,23.52000045776367,23.6299991607666,23.46999931335449,23.47999954223633,168.0
2020-06-09,23.31999969482422,23.3700008392334,23.11000061035156,23.23999977111816,485.0
2020-06-10,23.05999946594238,23.22999954223633,23.02000045776367,23.68000030517578,162.0
2020-06-11,23.13999938964844,23.14999961853027,23.02000045776367,23.04000091552734,111.0
2020-06-12,22.89999961853027,22.89999961853027,22.65999984741211,22.78000068664551,219.0
2020-06-15,22.44000053405762,22.95000076293945,22.43000030517578,22.93000030517578,353.0
2020-06-16,23.48999977111816,24.0,23.48999977111816,23.54999923706055,190.0
2020-06-17,23.61000061035156,23.65999984741211,23.22999954223633,23.52000045776367,377.0
2020-06-18,23.54000091552734,25.1299991607666,23.5,25.22999954223633,531.0
2020-06-19,25.04000091552734,25.29999923706055,24.82999992370605,24.92000007629395,89.0
2020-06-22,24.55999946594238,25.34000015258789,24.55999946594238,25.28000068664551,951.0
2020-06-23,25.29000091552734,26.20000076293945,25.28000068664551,26.14999961853027,1445.0
2020-06-24,25.79999923706055,26.42000007629395,25.54999923706055,26.13999938964844,320.0
2020-06-25,25.89999961853027,26.07999992370605,25.57999992370605,25.92000007629395,1221.0
2020-06-26,25.97999954223633,26.1200008392334,25.65999984741211,25.45999908447266,642.0
2020-06-29,25.59000015258789,27.17000007629395,25.5,27.35000038146973,421.0
2020-06-30,27.14999961853027,27.89999961853027,26.88999938964844,27.68000030517578,909.0
2020-07-01,27.54999923706055,28.79999923706055,27.46999931335449,28.42000007629395,416.0
2020-07-02,28.04999923706055,28.56999969482422,28.03000068664551,28.09000015258789,1276.0
2020-07-03,27.60000038146973,28.6299991607666,27.56999969482422,28.63999938964844,474.0
2020-07-06,29.45000076293945,30.31999969482422,29.45000076293945,30.43000030517578,143.0
2020-07-07,30.25,30.52000045776367,30.0,30.1200008392334,201.0
2020-07-08,29.5,29.55999946594238,29.04999923706055,30.05999946594238,632.0
2020-07-09,30.03000068664551,30.03000068664551,29.15999984741211,29.3700008392334,309.0
2020-07-10,28.95999908447266,29.01000022888184,28.61000061035156,29.78000068664551,147.0
2020-07-13,30.11000061035156,31.35000038146973,29.98999977111816,30.13999938964844,1794.0
2020-07-14,30.20000076293945,30.45000076293945,29.70000076293945,30.45999908447266,561.0
2020-07-15,30.92000007629395,31.23999977111816,29.84000015258789,29.70000076293945,680.0
2020-07-16,29.75,30.20000076293945,27.79999923706055,27.67000007629395,5687.0
2020-07-17,28.1200008392334,28.59000015258789,27.73999977111816,28.76000022888184,570.0
2020-07-20,27.79999923706055,27.95999908447266,26.88999938964844,27.10000038146973,781.0
2020-07-21,27.85000038146973,27.85000038146973,26.93000030517578,27.51000022888184,3992.0
2020-07-22,27.14999961853027,27.65999984741211,26.79999923706055,27.53000068664551,3854.0
2020-07-23,27.64999961853027,28.26000022888184,27.46999931335449,28.22999954223633,123.0
2020-07-24,27.78000068664551,27.79000091552734,27.1200008392334,27.27000045776367,2491.0
2020-07-27,27.0,27.0,25.79999923706055,25.90999984741211,2012.0
2020-07-28,26.32999992370605,26.6299991607666,25.95000076293945,26.67000007629395,1489.0
2020-07-29,26.75,27.26000022888184,26.70000076293945,27.1299991607666,563.0
2020-07-30,26.95999908447266,26.95999908447266,26.09000015258789,26.47999954223633,613.0
2020-07-31,26.78000068664551,27.69000053405762,26.77000045776367,27.21999931335449,3410.0
2020-08-03,27.45000076293945,27.45000076293945,26.5,27.07999992370605,372.0
2020-08-04,27.27000045776367,27.77000045776367,27.04999923706055,27.75,1902.0
2020-08-05,27.63999938964844,27.79999923706055,27.63999938964844,27.69000053405762,667.0
2020-08-06,27.79999923706055,28.27000045776367,27.34000015258789,27.29999923706055,505.0
2020-08-07,27.04999923706055,27.57999992370605,26.88999938964844,27.31999969482422,665.0
2020-08-10,27.95999908447266,27.95999908447266,27.30999946594238,27.60000038146973,3240.0
2020-08-11,27.95999908447266,27.95999908447266,27.03000068664551,27.07999992370605,780.0
2020-08-12,26.64999961853027,26.93000030517578,26.48999977111816,26.8700008392334,218.0
2020-08-13,26.86000061035156,27.04999923706055,26.21999931335449,26.29999923706055,4521.0
2020-08-14,26.31999969482422,26.3700008392334,25.94000053405762,26.36000061035156,368.0
2020-08-17,26.5,27.22999954223633,25.95000076293945,27.17000007629395,1486.0
2020-08-18,27.20000076293945,27.65999984741211,27.04999923706055,27.40999984741211,1889.0
2020-08-19,27.38999938964844,27.60000038146973,27.03000068664551,27.07999992370605,1105.0
2020-08-20,27.0,27.10000038146973,26.52000045776367,26.75,3591.0
2020-08-21,26.5,26.51000022888184,26.18000030517578,26.47999954223633,1928.0
2020-08-24,27.5,28.1299991607666,27.43000030517578,28.31999969482422,3707.0
2020-08-25,28.70000076293945,29.56999969482422,28.38999938964844,29.45999908447266,3267.0
2020-08-26,29.3799991607666,30.01000022888184,29.20999908447266,29.47999954223633,754.0
2020-08-27,29.45000076293945,29.78000068664551,29.0,29.22999954223633,1079.0
2020-08-28,29.8700008392334,30.69000053405762,29.81999969482422,30.3799991607666,864.0
2020-08-31,30.43000030517578,30.43000030517578,29.56999969482422,29.53000068664551,333.0
2020-09-01,29.43000030517578,29.43000030517578,28.6200008392334,28.61000061035156,750.0
2020-09-02,28.85000038146973,29.25,28.54999923706055,29.05999946594238,743.0
2020-09-03,28.89999961853027,29.72999954223633,28.89999961853027,29.53000068664551,2125.0
2020-09-04,29.28000068664551,29.70999908447266,28.05999946594238,28.1299991607666,1455.0
2020-09-07,28.27000045776367,28.27000045776367,27.46999931335449,27.80999946594238,825.0
2020-09-08,28.48999977111816,28.57999992370605,27.47999954223633,27.53000068664551,364.0
2020-09-09,27.04000091552734,27.98999977111816,27.04000091552734,27.94000053405762,1252.0
2020-09-10,28.26000022888184,28.95999908447266,28.1200008392334,29.14999961853027,1014.0
2020-09-11,29.19000053405762,29.19000053405762,28.27000045776367,28.98999977111816,233.0
2020-09-14,29.35000038146973,31.22999954223633,29.28000068664551,31.20000076293945,220.0
2020-09-15,31.3799991607666,31.39999961853027,30.46999931335449,30.53000068664551,1444.0
2020-09-16,30.60000038146973,30.75,29.92000007629395,30.70999908447266,1224.0
2020-09-17,30.14999961853027,30.22999954223633,29.06999969482422,29.1299991607666,6151.0
2020-09-18,29.45000076293945,29.46999931335449,28.70999908447266,28.68000030517578,733.0
2020-09-21,28.46999931335449,28.46999931335449,26.95000076293945,27.04999923706055,5520.0
2020-09-22,27.31999969482422,27.70000076293945,26.48999977111816,28.46999931335449,655.0
2020-09-23,28.42000007629395,28.42000007629395,27.1299991607666,27.1200008392334,1293.0
2020-09-24,26.89999961853027,27.39999961853027,26.72999954223633,27.39999961853027,1470.0
2020-09-25,27.29999923706055,27.29999923706055,26.6299991607666,26.75,2397.0
2020-09-28,27.0,28.27000045776367,26.70000076293945,28.28000068664551,1715.0
2020-09-29,28.01000022888184,28.1200008392334,27.35000038146973,27.36000061035156,2381.0
2020-09-30,27.18000030517578,27.67000007629395,27.1200008392334,27.5,2971.0
2020-10-01,27.65999984741211,27.69000053405762,26.82999992370605,27.06999969482422,684.0
2020-10-02,26.95999908447266,27.95000076293945,26.64999961853027,27.59000015258789,1006.0
2020-10-05,27.39999961853027,27.73999977111816,27.20000076293945,27.48999977111816,496.0
2020-10-06,27.47999954223633,27.54000091552734,27.0,27.34000015258789,561.0
2020-10-07,27.15999984741211,28.17000007629395,27.14999961853027,27.44000053405762,1490.0
2020-10-08,27.48999977111816,27.5,26.84000015258789,26.8799991607666,1552.0
2020-10-09,26.90999984741211,26.94000053405762,26.06999969482422,26.23999977111816,753.0
2020-10-12,26.04999923706055,26.39999961853027,25.79999923706055,26.39999961853027,1400.0
2020-10-13,26.20000076293945,26.20000076293945,25.70000076293945,25.73999977111816,4264.0
2020-10-14,25.64999961853027,26.3799991607666,25.61000061035156,26.28000068664551,1481.0
2020-10-15,25.92000007629395,25.93000030517578,25.17000007629395,25.47999954223633,3406.0
2020-10-16,25.68000030517578,25.89999961853027,25.39999961853027,25.39999961853027,842.0
2020-10-19,25.35000038146973,25.67000007629395,25.17000007629395,25.48999977111816,1676.0
2020-10-20,25.10000038146973,25.10000038146973,24.75,24.92000007629395,603.0
2020-10-21,24.89999961853027,24.89999961853027,23.88999938964844,24.05999946594238,3765.0
2020-10-22,23.79999923706055,24.55999946594238,23.63999938964844,24.68000030517578,3020.0
2020-10-23,24.97999954223633,26.04999923706055,24.97999954223633,25.97999954223633,1101.0
2020-10-26,25.3700008392334,25.3700008392334,24.25,24.35000038146973,414.0
2020-10-27,24.19000053405762,24.75,24.0,24.54999923706055,1107.0
2020-10-28,24.04999923706055,24.04999923706055,23.39999961853027,23.52000045776367,1761.0
2020-10-29,23.39999961853027,24.5,23.39999961853027,24.14999961853027,1660.0
2020-10-30,23.77000045776367,24.6200008392334,23.69000053405762,24.19000053405762,2464.0
2020-11-02,24.0,24.17000007629395,23.29999923706055,24.14999961853027,945.0
2020-11-03,24.3799991607666,25.09000015258789,24.3799991607666,24.86000061035156,1894.0
2020-11-04,24.79000091552734,25.63999938964844,24.35000038146973,25.56999969482422,1805.0
2020-11-05,25.54999923706055,26.59000015258789,25.43000030517578,26.43000030517578,602.0
2020-11-06,26.07999992370605,26.45000076293945,25.70000076293945,25.85000038146973,1284.0
2020-11-09,26.46999931335449,27.3799991607666,25.82999992370605,26.96999931335449,604.0
2020-11-10,26.73999977111816,26.94000053405762,26.60000038146973,26.63999938964844,1240.0
2020-11-11,26.95999908447266,27.42000007629395,26.64999961853027,26.52000045776367,1590.0
2020-11-12,26.32999992370605,26.47999954223633,26.18000030517578,26.31999969482422,1057.0
2020-11-13,26.3700008392334,26.92000007629395,26.3700008392334,26.68000030517578,1936.0
2020-11-16,27.0,27.79999923706055,26.98999977111816,27.79000091552734,2497.0
2020-11-17,27.39999961853027,27.48999977111816,26.97999954223633,27.04000091552734,2954.0
2020-11-18,28.05999946594238,28.20000076293945,27.53000068664551,27.59000015258789,615.0
2020-11-19,27.39999961853027,27.46999931335449,26.75,26.75,625.0
2020-11-20,26.70000076293945,27.34000015258789,26.70000076293945,27.14999961853027,4532.0
2020-11-23,27.65999984741211,27.75,27.51000022888184,27.67000007629395,1620.0
2020-11-24,27.48999977111816,28.06999969482422,27.36000061035156,28.04000091552734,4071.0
2020-11-25,28.04999923706055,28.45000076293945,27.97999954223633,28.04000091552734,6910.0
2020-11-26,27.89999961853027,28.6200008392334,27.81999969482422,28.54000091552734,7637.0
2020-11-27,28.78000068664551,29.10000038146973,28.34000015258789,28.59000015258789,3844.0
2020-11-30,28.57999992370605,29.79999923706055,28.53000068664551,29.60000038146973,1416.0
2020-12-01,29.69000053405762,30.22999954223633,29.22999954223633,29.32999992370605,2823.0
2020-12-02,29.45999908447266,30.10000038146973,29.17000007629395,30.01000022888184,2365.0
2020-12-03,29.79999923706055,30.04999923706055,29.3700008392334,29.45999908447266,1115.0
2020-12-04,29.40999984741211,30.75,29.40999984741211,30.56999969482422,2619.0
2020-12-07,30.30999946594238,30.30999946594238,29.90999984741211,30.06999969482422,2645.0
2020-12-08,30.04000091552734,30.39999961853027,30.0,30.02000045776367,4099.0
2020-12-09,30.47999954223633,30.60000038146973,30.11000061035156,30.15999984741211,7212.0
2020-12-10,30.11000061035156,31.45000076293945,30.11000061035156,31.36000061035156,7880.0
2020-12-11,31.29999923706055,31.77000045776367,30.79999923706055,30.97999954223633,4806.0
2020-12-14,30.82999992370605,31.85000038146973,30.82999992370605,31.27000045776367,3819.0
2020-12-15,31.56999969482422,32.61000061035156,31.54000091552734,32.43000030517578,3101.0
2020-12-16,32.54000091552734,32.70000076293945,31.69000053405762,32.02999877929688,2302.0
2020-12-17,32.13999938964844,32.61999893188477,31.79999923706055,32.20999908447266,1289.0
2020-12-18,31.95000076293945,31.95999908447266,31.05999946594238,31.36000061035156,1553.0
2020-12-21,30.86000061035156,31.18000030517578,29.97999954223633,31.13999938964844,841.0
2020-12-22,30.93000030517578,31.55999946594238,30.72999954223633,31.38999938964844,689.0
2020-12-23,31.71999931335449,32.20999908447266,31.61000061035156,32.15000152587891,427.0
2020-12-24,32.31000137329102,32.61000061035156,32.06000137329102,32.40999984741211,419.0
2020-12-28,32.70000076293945,33.61000061035156,32.70000076293945,33.65999984741211,129.0
2020-12-29,33.40999984741211,33.4900016784668,32.93999862670898,33.25,363.0
2020-12-30,33.45000076293945,33.56999969482422,32.33000183105469,32.41999816894531,1276.0
2020-12-31,32.88000106811523,33.20999908447266,32.56999969482422,32.93999862670898,152.0
2021-01-04,33.13999938964844,34.45000076293945,33.13999938964844,33.88999938964844,1250.0
2021-01-05,33.68999862670898,33.83000183105469,32.95999908447266,33.15000152587891,1282.0
2021-01-06,33.70999908447266,33.88000106811523,33.02000045776367,33.83000183105469,432.0
2021-01-07,34.04999923706055,35.0,34.04999923706055,34.97000122070312,1168.0
2021-01-08,35.20999908447266,35.34999847412109,34.54999923706055,35.13999938964844,1596.0
2021-01-11,35.29000091552734,35.40000152587891,34.45999908447266,34.7599983215332,1100.0
2021-01-12,34.59999847412109,35.59000015258789,34.43999862670898,34.88000106811523,1311.0
2021-01-13,34.72999954223633,34.84999847412109,33.33000183105469,33.88000106811523,1991.0
2021-01-14,33.77000045776367,33.97000122070312,32.9900016784668,33.7599983215332,1621.0
2021-01-15,33.63000106811523,33.63000106811523,31.88999938964844,31.95999908447266,1753.0
2021-01-18,31.82999992370605,32.5099983215332,31.55999946594238,31.84000015258789,1211.0
2021-01-19,32.11000061035156,33.33000183105469,32.06000137329102,33.29999923706055,1136.0
2021-01-20,33.4900016784668,33.84000015258789,33.02000045776367,33.11999893188477,703.0
2021-01-21,32.88999938964844,34.40999984741211,32.83000183105469,34.31999969482422,832.0
2021-01-22,34.27000045776367,34.45000076293945,33.77000045776367,34.45000076293945,1394.0
2021-01-25,34.77000045776367,34.84000015258789,33.34999847412109,33.38999938964844,1720.0
2021-01-26,33.13000106811523,33.7400016784668,33.04999923706055,33.56000137329102,1265.0
2021-01-27,33.40999984741211,33.66999816894531,32.47999954223633,33.5099983215332,614.0
2021-01-28,33.81000137329102,34.15999984741211,33.15000152587891,34.16999816894531,1056.0
2021-01-29,34.0,34.08000183105469,33.15999984741211,33.18000030517578,1384.0
2021-02-01,33.18999862670898,33.58000183105469,32.84999847412109,33.08000183105469,618.0
2021-02-02,33.29000091552734,35.31999969482422,33.29000091552734,35.18999862670898,1044.0
2021-02-03,35.15000152587891,38.04000091552734,35.06999969482422,37.65000152587891,2589.0
2021-02-04,37.7599983215332,38.45999908447266,36.91999816894531,37.4900016784668,1377.0
2021-02-05,37.59999847412109,38.90000152587891,37.43000030517578,38.43000030517578,1075.0
2021-02-08,39.38999938964844,39.93000030517578,38.70000076293945,38.84000015258789,2096.0
2021-02-09,38.38999938964844,38.88999938964844,37.79999923706055,38.4900016784668,2047.0
2021-02-10,38.40999984741211,39.93999862670898,37.81000137329102,39.56000137329102,3233.0
2021-02-11,39.5,40.31000137329102,38.63000106811523,39.0,12716.0
2021-02-12,38.61000061035156,40.5,37.40000152587891,40.27999877929688,7623.0
2021-02-15,40.18000030517578,40.88000106811523,39.72999954223633,39.81000137329102,3764.0
2021-02-16,39.84999847412109,40.79000091552734,39.09999847412109,39.13000106811523,5752.0
2021-02-17,39.25,39.65999984741211,38.34999847412109,38.40000152587891,3988.0
2021-02-18,38.88000106811523,38.88000106811523,38.18000030517578,38.61000061035156,2297.0
2021-02-19,38.36999893188477,38.95000076293945,37.68000030517578,37.70000076293945,3889.0
2021-02-22,37.72999954223633,38.40999984741211,36.79999923706055,38.2599983215332,1029.0
2021-02-23,38.5099983215332,39.04000091552734,37.7400016784668,38.97000122070312,2291.0
2021-02-24,38.75,39.63999938964844,38.59000015258789,39.45000076293945,354.0
2021-02-25,39.83000183105469,39.83000183105469,38.63000106811523,38.56999969482422,1095.0
2021-02-26,38.02999877929688,38.38999938964844,37.54999923706055,37.59999847412109,4426.0
2021-03-01,38.15999984741211,38.43000030517578,37.43000030517578,37.45000076293945,2671.0
2021-03-02,37.25,38.72999954223633,37.15999984741211,38.68999862670898,3334.0
2021-03-03,38.72000122070312,38.75,37.4900016784668,37.81999969482422,2719.0
2021-03-04,37.95000076293945,38.72999954223633,37.02999877929688,38.5099983215332,2103.0
2021-03-05,38.59999847412109,39.45000076293945,38.15999984741211,39.36000061035156,1695.0
2021-03-08,39.7599983215332,39.7599983215332,38.66999816894531,39.47000122070312,3133.0
2021-03-09,39.56999969482422,41.09999847412109,39.40000152587891,40.97999954223633,1612.0
2021-03-10,40.95999908447266,42.11999893188477,40.83000183105469,41.86999893188477,7580.0
2021-03-11,42.0099983215332,43.02000045776367,41.34999847412109,42.27000045776367,9369.0
2021-03-12,42.15999984741211,43.22000122070312,41.84999847412109,43.18999862670898,3023.0
2021-03-15,42.43999862670898,43.65000152587891,42.41999816894531,42.72999954223633,8300.0
2021-03-16,42.5,42.93999862670898,41.91999816894531,41.95999908447266,12129.0
2021-03-17,42.33000183105469,43.40000152587891,42.09999847412109,43.34000015258789,5373.0
2021-03-18,43.34000015258789,44.06999969482422,42.58000183105469,42.7400016784668,8891.0
2021-03-19,42.40000152587891,42.63999938964844,41.59999847412109,42.31000137329102,2717.0
2021-03-22,42.09999847412109,43.34999847412109,42.09000015258789,43.18000030517578,1083.0
2021-03-23,43.02000045776367,43.11000061035156,41.66999816894531,41.77999877929688,3180.0
2021-03-24,41.86000061035156,42.02999877929688,41.11999893188477,41.95999908447266,3076.0
2021-03-25,41.84000015258789,41.95000076293945,40.0,40.70999908447266,3477.0
2021-03-26,40.70999908447266,42.16999816894531,40.63999938964844,42.09000015258789,2271.0
2021-03-29,41.84000015258789,42.63999938964844,41.18999862670898,42.20000076293945,1124.0
2021-03-30,41.93999862670898,42.83000183105469,41.83000183105469,42.40000152587891,3400.0
2021-03-31,42.47999954223633,43.09999847412109,42.36999893188477,42.88999938964844,1297.0
2021-04-01,42.88999938964844,43.15999984741211,42.52999877929688,42.81000137329102,1006.0
2021-04-05,42.81000137329102,42.81000137329102,42.81000137329102,42.81000137329102,0.0
2021-04-06,43.20000076293945,44.65000152587891,43.13000106811523,44.59999847412109,2106.0
2021-04-07,44.72000122070312,44.72000122070312,43.90000152587891,44.22999954223633,1336.0
2021-04-08,44.15000152587891,44.31999969482422,43.70000076293945,43.84999847412109,1674.0
2021-04-09,43.90000152587891,44.15000152587891,43.54000091552734,44.02999877929688,1431.0
2021-04-12,44.22999954223633,44.97000122070312,44.06999969482422,44.86000061035156,3550.0
2021-04-13,44.97000122070312,45.04000091552734,44.15000152587891,44.2400016784668,2314.0
2021-04-14,44.38000106811523,44.56000137329102,43.86000061035156,44.20000076293945,2345.0
2021-04-15,44.31999969482422,44.90000152587891,44.27000045776367,44.54999923706055,1504.0
2021-04-16,45.15000152587891,45.18000030517578,44.77000045776367,44.79999923706055,2355.0
2021-04-19,44.90000152587891,45.31000137329102,44.29000091552734,44.7400016784668,2547.0
2021-04-20,44.52999877929688,45.54999923706055,44.41999816894531,45.29000091552734,1300.0
2021-04-21,45.31000137329102,46.88999938964844,45.29999923706055,46.31999969482422,2400.0
2021-04-22,46.7599983215332,47.66999816894531,46.65999984741211,47.5099983215332,2027.0
2021-04-23,47.45000076293945,47.52999877929688,46.52999877929688,47.38000106811523,2563.0
2021-04-26,47.38999938964844,48.13000106811523,47.38999938964844,47.66999816894531,1675.0
2021-04-27,47.5,48.27999877929688,46.84000015258789,47.77999877929688,1364.0
2021-04-28,48.15000152587891,48.84999847412109,47.81000137329102,48.27999877929688,7194.0
2021-04-29,48.31000137329102,48.65000152587891,47.65000152587891,48.5099983215332,2959.0
2021-04-30,48.58000183105469,49.83000183105469,48.20000076293945,49.31000137329102,7704.0
2021-05-03,49.59000015258789,50.34000015258789,49.59000015258789,49.90000152587891,704.0
2021-05-04,50.09000015258789,50.33000183105469,48.86999893188477,49.06000137329102,3352.0
2021-05-05,49.31999969482422,49.95999908447266,49.09999847412109,49.90999984741211,9528.0
2021-05-06,49.95999908447266,50.95000076293945,49.70000076293945,50.40999984741211,3737.0
2021-05-07,50.58000183105469,51.58000183105469,49.90000152587891,50.93000030517578,2972.0
2021-05-10,51.5,53.25,51.5,52.72000122070312,3137.0
2021-05-11,52.38000106811523,53.93999862670898,51.90000152587891,53.54999923706055,4216.0
2021-05-12,53.86000061035156,55.9900016784668,53.59000015258789,55.84999847412109,7587.0
2021-05-13,55.36000061035156,55.45000076293945,53.83000183105469,55.04000091552734,4289.0
2021-05-14,55.36999893188477,57.47999954223633,55.2400016784668,57.22999954223633,5711.0
2021-05-17,57.02000045776367,57.36999893188477,56.0,56.97000122070312,6408.0
2021-05-18,56.45000076293945,57.13999938964844,53.08000183105469,53.7400016784668,5360.0
2021-05-19,52.91999816894531,53.59999847412109,49.29999923706055,50.34999847412109,13596.0
2021-05-20,50.65000152587891,53.47000122070312,50.59000015258789,53.40999984741211,8413.0
2021-05-21,52.75,54.34000015258789,51.7400016784668,52.43000030517578,5655.0
2021-05-24,52.20000076293945,53.5099983215332,51.40000152587891,53.40999984741211,2558.0
2021-05-25,53.81000137329102,54.27000045776367,52.83000183105469,53.83000183105469,4137.0
2021-05-26,54.13000106811523,55.22999954223633,53.20000076293945,54.22000122070312,4369.0
2021-05-27,53.59000015258789,54.13999938964844,51.58000183105469,52.38999938964844,2109.0
2021-05-28,52.22999954223633,52.90000152587891,50.77999877929688,51.58000183105469,3106.0
2021-05-31,52.38000106811523,52.41999816894531,51.88000106811523,52.2400016784668,5885.0
2021-06-01,52.77000045776367,53.70000076293945,52.31999969482422,52.97000122070312,1193.0
2021-06-02,52.52000045776367,52.54999923706055,51.43999862670898,51.93999862670898,3927.0
2021-06-03,52.84999847412109,53.15000152587891,50.65999984741211,50.72999954223633,4661.0
2021-06-04,50.61000061035156,51.95000076293945,49.79999923706055,50.47000122070312,2282.0
2021-06-07,49.83000183105469,52.5,49.83000183105469,51.97000122070312,236.0
2021-06-08,52.33000183105469,53.09999847412109,52.06999969482422,52.58000183105469,4051.0
2021-06-09,53.0,54.59999847412109,52.81000137329102,53.90000152587891,2837.0
2021-06-10,53.61999893188477,54.33000183105469,53.04999923706055,54.15000152587891,1671.0
2021-06-11,53.95000076293945,54.20000076293945,52.79999923706055,53.06999969482422,2343.0
2021-06-14,53.43000030517578,54.36000061035156,52.93999862670898,53.29000091552734,1416.0
2021-06-15,53.0099983215332,53.0099983215332,51.43000030517578,51.7599983215332,5304.0
2021-06-16,51.90000152587891,52.70000076293945,51.15000152587891,51.72000122070312,3023.0
2021-06-17,51.33000183105469,51.75,50.7599983215332,51.27999877929688,1930.0
2021-06-18,51.70000076293945,52.40999984741211,51.61000061035156,52.2599983215332,1579.0
2021-06-21,52.15999984741211,53.31000137329102,51.9900016784668,52.77999877929688,3478.0
2021-06-22,53.22999954223633,53.81000137329102,53.15999984741211,53.7599983215332,4312.0
2021-06-23,53.9900016784668,55.20000076293945,53.88000106811523,55.02999877929688,6787.0
2021-06-24,54.84999847412109,55.72999954223633,54.65999984741211,55.4900016784668,5718.0
2021-06-25,55.66999816894531,56.15999984741211,55.29999923706055,55.47999954223633,8062.0
2021-06-28,55.88999938964844,56.31000137329102,55.04999923706055,55.90000152587891,6235.0
2021-06-29,55.75,56.56999969482422,55.61000061035156,56.04000091552734,2374.0
2021-06-30,55.79999923706055,57.02999877929688,55.61999893188477,56.77999877929688,5056.0
2021-07-01,57.09000015258789,59.0,57.02000045776367,58.06000137329102,3682.0
2021-07-02,58.40999984741211,58.77000045776367,57.56000137329102,57.7599983215332,1397.0
2021-07-05,58.02000045776367,58.68999862670898,57.97000122070312,58.27999877929688,748.0
2021-07-06,58.56000137329102,58.58000183105469,52.68000030517578,54.43999862670898,3609.0
2021-07-07,53.93000030517578,55.36999893188477,52.90000152587891,53.02999877929688,2738.0
2021-07-08,53.11000061035156,53.59999847412109,51.31999969482422,52.77000045776367,3482.0
2021-07-09,53.54999923706055,54.86000061035156,53.29999923706055,54.66999816894531,3592.0
2021-07-12,54.22000122070312,54.22000122070312,51.95000076293945,52.11999893188477,2068.0
2021-07-13,52.15000152587891,53.70000076293945,51.70000076293945,53.2599983215332,2085.0
2021-07-14,52.81000137329102,55.88000106811523,52.04999923706055,53.77999877929688,2444.0
2021-07-15,52.79999923706055,53.90000152587891,52.29999923706055,53.36999893188477,2599.0
2021-07-16,53.59000015258789,53.97999954223633,52.7400016784668,53.27999877929688,3009.0
2021-07-19,53.0,54.34999847412109,52.40000152587891,52.81000137329102,3866.0
2021-07-20,52.72000122070312,52.81000137329102,50.86999893188477,51.59000015258789,2645.0
2021-07-21,51.81999969482422,52.65000152587891,51.29999923706055,52.5099983215332,5732.0
2021-07-22,52.04000091552734,52.58000183105469,50.45999908447266,51.15999984741211,4191.0
2021-07-23,50.40000152587891,51.31000137329102,50.36999893188477,51.2599983215332,5446.0
2021-07-26,51.09999847412109,53.70999908447266,50.95999908447266,53.56999969482422,1444.0
2021-07-27,54.0,54.06000137329102,53.20000076293945,53.27999877929688,2389.0
2021-07-28,53.54000091552734,54.52999877929688,53.54000091552734,54.20000076293945,1211.0
2021-07-29,54.41999816894531,54.68999862670898,53.5099983215332,54.40999984741211,1891.0
2021-07-30,54.15000152587891,54.2400016784668,53.20000076293945,53.68999862670898,1354.0
2021-08-02,53.47000122070312,55.56000137329102,53.45999908447266,54.79000091552734,2009.0
2021-08-03,54.75,55.47999954223633,54.41999816894531,54.54999923706055,1201.0
2021-08-04,54.88000106811523,55.93000030517578,54.54999923706055,55.81999969482422,1185.0
2021-08-05,55.95000076293945,56.47999954223633,55.04999923706055,56.34000015258789,1857.0
2021-08-06,56.63000106811523,57.29999923706055,56.54000091552734,57.02000045776367,1827.0
2021-08-09,56.90000152587891,57.70000076293945,56.25,56.97999954223633,2140.0
2021-08-10,57.45000076293945,57.91999816894531,56.95999908447266,57.77000045776367,1753.0
2021-08-11,57.36999893188477,58.52999877929688,56.34000015258789,58.13999938964844,2377.0
2021-08-12,57.9900016784668,58.40000152587891,56.29999923706055,56.63000106811523,1918.0
2021-08-13,56.72999954223633,56.72999954223633,55.58000183105469,55.7400016784668,1508.0
2021-08-16,55.5,58.59999847412109,55.45999908447266,58.52000045776367,922.0
2021-08-17,58.27999877929688,58.58000183105469,57.36999893188477,57.56000137329102,3408.0
2021-08-18,57.41999816894531,58.36999893188477,55.72999954223633,57.45000076293945,3123.0
2021-08-19,57.29999923706055,57.29999923706055,52.86000061035156,53.84000015258789,10114.0
2021-08-20,54.02999877929688,55.20000076293945,53.81999969482422,54.72000122070312,4127.0
2021-08-23,55.52999877929688,56.54999923706055,55.2599983215332,55.66999816894531,5652.0
2021-08-24,56.08000183105469,57.18000030517578,55.79000091552734,56.97000122070312,2988.0
2021-08-25,56.97999954223633,57.41999816894531,56.18999862670898,56.86999893188477,2412.0
2021-08-26,56.65000152587891,57.86000061035156,55.97000122070312,57.18999862670898,1316.0
2021-08-27,57.84000015258789,60.25,57.84000015258789,59.31999969482422,7804.0
2021-08-30,60.31000137329102,61.29000091552734,60.15000152587891,61.08000183105469,4293.0
2021-08-31,60.56000137329102,61.25,60.2599983215332,61.06999969482422,3085.0
2021-09-01,61.13999938964844,62.18000030517578,60.0,60.41999816894531,7521.0
2021-09-02,60.61999893188477,62.02999877929688,59.88999938964844,61.83000183105469,1922.0
2021-09-03,61.68999862670898,62.75,61.43999862670898,61.63000106811523,3369.0
2021-09-06,62.47999954223633,63.47000122070312,62.16999816894531,62.61000061035156,2315.0
2021-09-07,63.02999877929688,63.15999984741211,61.95999908447266,62.27999877929688,4398.0
2021-09-08,62.70999908447266,63.61000061035156,62.27000045776367,62.7400016784668,4765.0
2021-09-09,62.54999923706055,63.36000061035156,62.16999816894531,63.04000091552734,3450.0
2021-09-10,63.13000106811523,63.16999816894531,60.95000076293945,61.22000122070312,2936.0
2021-09-13,61.22999954223633,62.9900016784668,61.20000076293945,61.36999893188477,5212.0
2021-09-14,61.79999923706055,62.25,59.59999847412109,60.15999984741211,7051.0
2021-09-15,60.5099983215332,61.70999908447266,59.09999847412109,60.18000030517578,5099.0
2021-09-16,59.61000061035156,60.97999954223633,58.63999938964844,59.63000106811523,5509.0
2021-09-17,59.93000030517578,60.47999954223633,59.43999862670898,59.81999969482422,6711.0
2021-09-20,59.59000015258789,61.36000061035156,58.88000106811523,61.02000045776367,8917.0
2021-09-21,60.95000076293945,61.5,60.20999908447266,60.5,2425.0
2021-09-22,60.63999938964844,61.04999923706055,60.20000076293945,60.93999862670898,5537.0
2021-09-23,60.95999908447266,61.47000122070312,59.5,60.88999938964844,6069.0
2021-09-24,60.84999847412109,64.5,60.29000091552734,63.29000091552734,4836.0
2021-09-27,64.25,65.33000183105469,64.0,64.72000122070312,6047.0
2021-09-28,65.75,66.0,62.06999969482422,62.29000091552734,8298.0
2021-09-29,63.45999908447266,63.5,61.7400016784668,63.27999877929688,7266.0
2021-09-30,63.27000045776367,63.27000045776367,60.72999954223633,62.15999984741211,5408.0
2021-10-01,62.25,64.1500015258789,61.52999877929688,62.45000076293945,2891.0
2021-10-04,63.27000045776367,64.9000015258789,62.70999908447266,63.81999969482422,3327.0
2021-10-05,64.25,65.80000305175781,64.19999694824219,65.16000366210938,9909.0
2021-10-06,65.16000366210938,65.16000366210938,59.34999847412109,59.58000183105469,12716.0
2021-10-07,60.18000030517578,61.11000061035156,58.20000076293945,60.81000137329102,9851.0
2021-10-08,60.4900016784668,61.15000152587891,58.29999923706055,58.7599983215332,6560.0
2021-10-11,58.66999816894531,60.65999984741211,58.4900016784668,59.58000183105469,2329.0
2021-10-12,59.52000045776367,59.90999984741211,58.90999984741211,59.34000015258789,2998.0
2021-10-13,59.41999816894531,60.54000091552734,58.65000152587891,59.45000076293945,5215.0
2021-10-14,59.79000091552734,62.08000183105469,59.79000091552734,61.79000091552734,10062.0
2021-10-15,62.15999984741211,62.18999862670898,58.61999893188477,59.79000091552734,4216.0
2021-10-18,58.93000030517578,60.0,57.63999938964844,58.91999816894531,4487.0
2021-10-19,58.2599983215332,58.68999862670898,54.45000076293945,54.91999816894531,7933.0
2021-10-20,55.47999954223633,58.47999954223633,55.47999954223633,58.13999938964844,6446.0
2021-10-21,57.79999923706055,58.9900016784668,56.90000152587891,58.36999893188477,12639.0
2021-10-22,58.5099983215332,60.52999877929688,58.43999862670898,58.63999938964844,4743.0
2021-10-25,59.5099983215332,60.11000061035156,58.91999816894531,59.34999847412109,4843.0
2021-10-26,59.68000030517578,60.54000091552734,59.13999938964844,60.15999984741211,5472.0
2021-10-27,60.0,60.45000076293945,59.20000076293945,60.27000045776367,4636.0
2021-10-28,59.72999954223633,59.84000015258789,58.31999969482422,58.93999862670898,3455.0
2021-10-29,59.29999923706055,59.86999893188477,58.5,59.08000183105469,6869.0
2021-11-01,59.40999984741211,60.77999877929688,57.0,57.29000091552734,4697.0
2021-11-02,57.70000076293945,60.0,57.5,59.79000091552734,15248.0
2021-11-03,59.86000061035156,60.66999816894531,59.41999816894531,60.15000152587891,6882.0
2021-11-04,59.7599983215332,61.7599983215332,59.25,60.18000030517578,5613.0
2021-11-05,60.22999954223633,61.52999877929688,59.63000106811523,59.72999954223633,8225.0
2021-11-08,60.27000045776367,61.43000030517578,60.15999984741211,60.95999908447266,10605.0
2021-11-09,60.34999847412109,61.70000076293945,60.22999954223633,60.75,6804.0
2021-11-10,60.45000076293945,63.58000183105469,60.31000137329102,63.47999954223633,8934.0
2021-11-11,63.11999893188477,64.22000122070312,62.40000152587891,64.0199966430664,4902.0
2021-11-12,63.97999954223633,64.80999755859375,63.43000030517578,63.58000183105469,4855.0
2021-11-15,63.93999862670898,67.2699966430664,63.93999862670898,66.22000122070312,9545.0
2021-11-16,66.80000305175781,68.0999984741211,66.56999969482422,67.83000183105469,8169.0
2021-11-17,68.1500015258789,68.7300033569336,67.0999984741211,67.44999694824219,10939.0
2021-11-18,67.56999969482422,69.48999786376953,66.62000274658203,69.37999725341797,9093.0
2021-11-19,69.47000122070312,70.0999984741211,68.9000015258789,69.6500015258789,6419.0
2021-11-22,70.08999633789062,71.4800033569336,69.58999633789062,70.22000122070312,7508.0
2021-11-23,70.30000305175781,70.93000030517578,69.0999984741211,69.48999786376953,12722.0
2021-11-24,69.93000030517578,73.4800033569336,69.25,73.2300033569336,13299.0
2021-11-25,73.58000183105469,75.37000274658203,72.5,74.79000091552734,13114.0
2021-11-26,74.37999725341797,74.51000213623047,70.69999694824219,73.12000274658203,7142.0
2021-11-29,74.19999694824219,76.05999755859375,74.19999694824219,74.54000091552734,13076.0
2021-11-30,74.12000274658203,75.80999755859375,73.54000091552734,75.7300033569336,14831.0
2021-12-01,75.94999694824219,78.76000213623047,75.5999984741211,77.19999694824219,10847.0
2021-12-02,76.51000213623047,80.3499984741211,76.5,80.25,15677.0
2021-12-03,80.41000366210938,80.80000305175781,78.37999725341797,78.63999938964844,12640.0
2021-12-06,79.13999938964844,82.16999816894531,78.73999786376953,81.6500015258789,15708.0
2021-12-07,82.30000305175781,85.94000244140625,82.30000305175781,85.33999633789062,19735.0
2021-12-08,85.63999938964844,91.19000244140624,85.51000213623047,89.41000366210938,27837.0
2021-12-09,90.25,90.75,80.4000015258789,80.87999725341797,29012.0
2021-12-10,81.08000183105469,84.5,80.4800033569336,84.37000274658203,29305.0
2021-12-13,84.80000305175781,87.4000015258789,82.19999694824219,82.72000122070312,18392.0
2021-12-14,82.31999969482422,83.87999725341797,78.9000015258789,80.12000274658203,21055.0
2021-12-15,80.3499984741211,82.23999786376953,80.0999984741211,81.19000244140625,28374.0
2021-12-16,82.18000030517578,86.05000305175781,81.12000274658203,85.70999908447266,34657.0
2021-12-17,85.25,85.25,73.25,74.0199966430664,42720.0
2021-12-20,74.0,81.75,73.41999816894531,80.08999633789062,28039.0
2021-12-21,80.5199966430664,82.8499984741211,78.08999633789062,80.94000244140625,18013.0
2021-12-22,80.06999969482422,80.16999816894531,75.44999694824219,76.83000183105469,31501.0
2021-12-23,77.5,77.75,74.25,74.45999908447266,19471.0
2021-12-24,74.69999694824219,76.87000274658203,74.51000213623047,76.30999755859375,2384.0
2021-12-27,75.87000274658203,77.12999725341797,75.04000091552734,76.91999816894531,3632.0
2021-12-28,76.80000305175781,79.69000244140625,76.20999908447266,79.29000091552734,4613.0
2021-12-29,79.12999725341797,80.87000274658203,78.11000061035156,80.36000061035156,13842.0
2021-12-30,80.5,80.6500015258789,79.25,80.16000366210938,8538.0
2021-12-31,79.9800033569336,81.25,79.55000305175781,80.6500015258789,3690.0
2022-01-03,79.80000305175781,84.4000015258789,79.80000305175781,84.01000213623047,9978.0
2022-01-04,83.94999694824219,86.80000305175781,83.80999755859375,84.91000366210938,17529.0
2022-01-05,85.9000015258789,88.55000305175781,85.2699966430664,87.58000183105469,20641.0
2022-01-06,87.47000122070312,87.80000305175781,85.33000183105469,86.73999786376953,13390.0
2022-01-07,86.80000305175781,87.61000061035156,85.20999908447266,85.41999816894531,15833.0
2022-01-10,86.12000274658203,87.0,79.80000305175781,80.08999633789062,30945.0
2022-01-11,81.4000015258789,84.44999694824219,80.12000274658203,81.30000305175781,23494.0
2022-01-12,82.69999694824219,83.23999786376953,79.1500015258789,80.01000213623047,20174.0
2022-01-13,80.19999694824219,81.43000030517578,77.55000305175781,80.55999755859375,25056.0
2022-01-14,82.05000305175781,83.75,81.5,82.08000183105469,24949.0
2022-01-17,82.69999694824219,82.75,79.87999725341797,80.58000183105469,15802.0
2022-01-18,80.4000015258789,82.97000122070312,79.0,82.66999816894531,46231.0
2022-01-19,82.80000305175781,82.80000305175781,80.80000305175781,82.08999633789062,31779.0
2022-01-20,81.33999633789062,85.97000122070312,80.52999877929688,85.58999633789062,31229.0
2022-01-21,85.20999908447266,85.6500015258789,83.27999877929688,84.47000122070312,20159.0
2022-01-24,84.4000015258789,86.44999694824219,83.0199966430664,84.0199966430664,26649.0
2022-01-25,84.30000305175781,88.0999984741211,83.61000061035156,87.44999694824219,28175.0
2022-01-26,87.37000274658203,90.0,86.62999725341797,88.66000366210938,28002.0
2022-01-27,87.9000015258789,89.94999694824219,87.9000015258789,89.76000213623047,21715.0
2022-01-28,89.4000015258789,90.62999725341795,88.87999725341797,89.22000122070312,19657.0
2022-01-31,89.37000274658203,89.94999694824219,88.0999984741211,89.23999786376953,17720.0
2022-02-01,89.73999786376953,89.94000244140625,87.16000366210938,89.5199966430664,22349.0
2022-02-02,90.0,94.62000274658205,89.5999984741211,94.20999908447266,40361.0
2022-02-03,94.25,94.94000244140624,93.09999847412108,94.80999755859376,22092.0
2022-02-04,94.88999938964844,97.5,94.44000244140624,96.4499969482422,27888.0
2022-02-07,96.62000274658205,96.8000030517578,93.6999969482422,96.6999969482422,24298.0
2022-02-08,97.0,98.48999786376952,95.25,96.93000030517578,30319.0
2022-02-09,96.29000091552734,97.59999847412108,90.26000213623048,90.79000091552734,35633.0
2022-02-10,91.4499969482422,93.41999816894533,89.25,90.77999877929688,28871.0
2022-02-11,90.5,93.37999725341795,88.5,92.87000274658205,24984.0
2022-02-14,93.6999969482422,94.0,89.9000015258789,91.76000213623048,23371.0
2022-02-15,91.4800033569336,92.75,90.30999755859376,91.13999938964844,26149.0
2022-02-16,90.29000091552734,91.20999908447266,87.7699966430664,89.86000061035156,31053.0
2022-02-17,89.83999633789062,90.4499969482422,85.80000305175781,86.44000244140625,31592.0
2022-02-18,86.16000366210938,89.66000366210938,86.16000366210938,89.47000122070312,21366.0
2022-02-21,89.06999969482422,90.9499969482422,88.0199966430664,89.68000030517578,19946.0
2022-02-22,89.9000015258789,90.27999877929688,88.0999984741211,89.7699966430664,22306.0
2022-02-23,89.79000091552734,95.55999755859376,89.54000091552734,95.06999969482422,30152.0
2022-02-24,95.0,95.0,86.1500015258789,87.02999877929688,49737.0
2022-02-25,88.23999786376953,89.69999694824219,87.05999755859375,88.13999938964844,20866.0
2022-02-28,85.94000244140625,86.0,80.12000274658203,82.20999908447266,36024.0
2022-03-01,82.5999984741211,84.43000030517578,66.0,68.8499984741211,78655.0
2022-03-02,70.55000305175781,70.95999908447266,55.0,68.48999786376953,78462.0
2022-03-03,68.69999694824219,69.48999786376953,63.4900016784668,67.3499984741211,40643.0
2022-03-04,66.0,68.73999786376953,64.30000305175781,65.0999984741211,35931.0
2022-03-07,64.29000091552734,64.29000091552734,56.81999969482422,58.29999923706055,47751.0
2022-03-08,57.40000152587891,69.29000091552734,56.5,68.51000213623047,38498.0
2022-03-09,68.0199966430664,74.66999816894531,67.22000122070312,73.18000030517578,36120.0
2022-03-10,72.52999877929688,76.68000030517578,69.5199966430664,76.41000366210938,32703.0
2022-03-11,75.93000030517578,78.0,73.70999908447266,76.76000213623047,22267.0
2022-03-14,76.0,81.5,75.80999755859375,78.27999877929688,19365.0
2022-03-15,77.0,79.1500015258789,75.01000213623047,77.43000030517578,24733.0
2022-03-16,77.51000213623047,79.11000061035156,75.25,78.16000366210938,22569.0
2022-03-17,79.18000030517578,80.19000244140625,76.31999969482422,79.88999938964844,23816.0
2022-03-18,80.0,80.0,78.31999969482422,78.88999938964844,19035.0
2022-03-21,78.72000122070312,79.73999786376953,77.5199966430664,78.38999938964844,13937.0
2022-03-22,79.05000305175781,81.4000015258789,78.61000061035156,80.66999816894531,18472.0
2022-03-23,80.9000015258789,81.30000305175781,75.8499984741211,76.5999984741211,30569.0
2022-03-24,76.62000274658203,79.23999786376953,75.9000015258789,78.23999786376953,16432.0
2022-03-25,78.26000213623047,79.05999755859375,77.2300033569336,78.5999984741211,18496.0
2022-03-28,78.69999694824219,81.98999786376953,77.87000274658203,80.80999755859375,22015.0
2022-03-29,80.9000015258789,81.98999786376953,80.16999816894531,81.69999694824219,25576.0
2022-03-30,81.05000305175781,81.62000274658203,76.80000305175781,78.30999755859375,37766.0
2022-03-31,78.51000213623047,80.5,75.3499984741211,76.4800033569336,35658.0
2022-04-01,77.0,79.87999725341797,76.33999633789062,78.48999786376953,16907.0
2022-04-04,78.22000122070312,79.4000015258789,77.13999938964844,78.5,15607.0
2022-04-05,78.76000213623047,78.94000244140625,77.44000244140625,78.05000305175781,17897.0
2022-04-06,78.01000213623047,79.55999755859375,76.70999908447266,77.18000030517578,19737.0
2022-04-07,77.16999816894531,80.4000015258789,76.33999633789062,79.94000244140625,19504.0
2022-04-08,79.62999725341797,80.9800033569336,79.51000213623047,80.08999633789062,13930.0
2022-04-11,79.75,80.16000366210938,77.55000305175781,77.94999694824219,16219.0
2022-04-12,77.6500015258789,79.29000091552734,76.8499984741211,79.01000213623047,16031.0
2022-04-13,79.16999816894531,79.16999816894531,77.2300033569336,77.44000244140625,15193.0
2022-04-14,77.37999725341797,80.25,77.37999725341797,79.97000122070312,15284.0
2022-04-19,80.13999938964844,80.94999694824219,79.5199966430664,80.19999694824219,18375.0
2022-04-20,80.44000244140625,88.5,79.79000091552734,87.81999969482422,30563.0
2022-04-21,86.5,87.69000244140625,85.58000183105469,86.44000244140625,14749.0
2022-04-22,85.98999786376953,89.88999938964844,85.75,88.98999786376953,22329.0
2022-04-25,88.08999633789062,88.31999969482422,82.30000305175781,83.45999908447266,24044.0
2022-04-26,84.58000183105469,85.25,81.94999694824219,82.70999908447266,22845.0
2022-04-27,81.25,81.94000244140625,78.80000305175781,81.01000213623047,22303.0
2022-04-28,81.4800033569336,83.66999816894531,79.9000015258789,82.68000030517578,20232.0
2022-04-29,82.97000122070312,85.83999633789062,82.29000091552734,84.44999694824219,16070.0
2022-05-02,83.58999633789062,84.9000015258789,82.44000244140625,83.04000091552734,10836.0
2022-05-03,83.30000305175781,89.05999755859375,82.72000122070312,88.19000244140625,23528.0
2022-05-04,88.1500015258789,89.31999969482422,85.97000122070312,88.30999755859375,24449.0
2022-05-05,88.69999694824219,91.98999786376952,86.81999969482422,88.91000366210938,27929.0
2022-05-06,89.2699966430664,92.4499969482422,88.4000015258789,91.54000091552734,23558.0
2022-05-09,91.37000274658205,92.22000122070312,86.5199966430664,87.0199966430664,29898.0
2022-05-10,87.0,88.69000244140625,85.75,87.33999633789062,20370.0
2022-05-11,87.51000213623047,90.04000091552734,81.9000015258789,88.83000183105469,30315.0
2022-05-12,88.58000183105469,89.05000305175781,86.70999908447266,88.26000213623047,22736.0
2022-05-13,88.06999969482422,90.5,87.5999984741211,88.4800033569336,13904.0
2022-05-16,87.69999694824219,90.34999847412108,87.62999725341797,89.55999755859375,14987.0
2022-05-17,90.40000152587892,92.75,89.61000061035156,91.72000122070312,19893.0
2022-05-18,88.91999816894531,90.0,82.7699966430664,84.63999938964844,32158.0
2022-05-19,84.56999969482422,85.55000305175781,80.16000366210938,83.18000030517578,28695.0
2022-05-20,83.5,84.19999694824219,80.16000366210938,80.38999938964844,19002.0
2022-05-23,80.16000366210938,82.66999816894531,77.80000305175781,78.1500015258789,19453.0
2022-05-24,78.12000274658203,82.66000366210938,77.37999725341797,81.31999969482422,19829.0
2022-05-25,80.83999633789062,82.62999725341797,80.29000091552734,81.4000015258789,13831.0
2022-05-26,81.1500015258789,85.20999908447266,81.11000061035156,84.76000213623047,23608.0
2022-05-27,84.87000274658203,85.33000183105469,83.44999694824219,84.19999694824219,12447.0
2022-05-30,84.36000061035156,85.05000305175781,83.08999633789062,83.97000122070312,11268.0
2022-05-31,84.0,85.0,83.5,84.0199966430664,12543.0
2022-06-01,84.22000122070312,87.63999938964844,83.80999755859375,86.08000183105469,13337.0
2022-06-02,86.1500015258789,88.63999938964844,85.62000274658203,86.33999633789062,8333.0
2022-06-03,86.33999633789062,87.33000183105469,85.98999786376953,86.87000274658203,4565.0
2022-06-06,87.20999908447266,87.20999908447266,81.2300033569336,81.43000030517578,16410.0
2022-06-07,82.25,82.93000030517578,80.62999725341797,81.30999755859375,18467.0
2022-06-08,80.91999816894531,81.9800033569336,79.0999984741211,79.80999755859375,27948.0
2022-06-09,80.25,82.19999694824219,79.41000366210938,81.01000213623047,19644.0
2022-06-10,81.08999633789062,82.80000305175781,80.1500015258789,81.86000061035156,14888.0
2022-06-13,82.0999984741211,82.23999786376953,79.80999755859375,81.54000091552734,16778.0
2022-06-14,81.81999969482422,84.5,81.25,84.1500015258789,16337.0
2022-06-15,83.76000213623047,86.9800033569336,83.16000366210938,86.19999694824219,18144.0
2022-06-16,86.19999694824219,86.9000015258789,82.1500015258789,83.0,17930.0
2022-06-17,82.9000015258789,84.18000030517578,81.80000305175781,82.37000274658203,14468.0
2022-06-20,83.5,85.33000183105469,82.9000015258789,84.0,14284.0
2022-06-21,84.33000183105469,85.43000030517578,83.54000091552734,84.7300033569336,13995.0
2022-06-22,84.5,84.83000183105469,81.19999694824219,81.87999725341797,21270.0
2022-06-23,81.75,84.25,81.55000305175781,84.12999725341797,16812.0
2022-06-24,84.27999877929688,84.5,83.01000213623047,83.43000030517578,14640.0
2022-06-27,84.0,85.73999786376953,83.0,85.05000305175781,15667.0
2022-06-28,84.31999969482422,88.05999755859375,83.75,87.4000015258789,15768.0
2022-06-29,87.41999816894531,90.12999725341795,87.11000061035156,88.3499984741211,20930.0
2022-06-30,88.0999984741211,90.33000183105467,87.30000305175781,90.16000366210938,18397.0
2022-07-01,89.31999969482422,90.34999847412108,85.01000213623047,85.58000183105469,18397.0
2022-07-04,85.58000183105469,87.16999816894531,83.5,84.55000305175781,14136.0
2022-07-05,84.98999786376953,84.98999786376953,82.5199966430664,83.19000244140625,14856.0
2022-07-06,82.9800033569336,84.63999938964844,82.69999694824219,83.22000122070312,13942.0
2022-07-07,83.5,85.45999908447266,82.76000213623047,84.91999816894531,15022.0
2022-07-08,84.91999816894531,85.0,82.5999984741211,82.79000091552734,13959.0
2022-07-11,82.7699966430664,84.62000274658203,82.69999694824219,84.36000061035156,11899.0
2022-07-12,84.5999984741211,86.05999755859375,83.33000183105469,85.6500015258789,16960.0
2022-07-13,86.01000213623047,86.56999969482422,83.55999755859375,83.86000061035156,14296.0
2022-07-14,84.0999984741211,84.79000091552734,83.26000213623047,83.97000122070312,14522.0
2022-07-15,83.52999877929688,85.73999786376953,83.51000213623047,85.37999725341797,14298.0
2022-07-18,85.5,85.5,83.69999694824219,84.94000244140625,12216.0
2022-07-19,85.19999694824219,85.19999694824219,82.80000305175781,83.6500015258789,20971.0
2022-07-20,83.5999984741211,83.63999938964844,78.69999694824219,78.83999633789062,38179.0
2022-07-21,79.19999694824219,79.80000305175781,77.6500015258789,78.11000061035156,31886.0
2022-07-22,78.19999694824219,79.80000305175781,76.0,76.30000305175781,28556.0
2022-07-25,76.12000274658203,78.41999816894531,75.48999786376953,76.37000274658203,22154.0
2022-07-26,76.69000244140625,77.5,75.8499984741211,76.68000030517578,19524.0
2022-07-27,76.61000061035156,77.79000091552734,75.77999877929688,76.13999938964844,14499.0
2022-07-28,76.25,80.12000274658203,76.06999969482422,78.95999908447266,16565.0
2022-07-29,78.95999908447266,79.5,77.54000091552734,78.55000305175781,18602.0
2022-08-01,78.5,80.87000274658203,78.0999984741211,80.58000183105469,11866.0
2022-08-02,80.1500015258789,82.25,79.63999938964844,81.94999694824219,19579.0
2022-08-03,81.83000183105469,84.0999984741211,81.6500015258789,83.98999786376953,14085.0
2022-08-04,83.5999984741211,84.8499984741211,83.27999877929688,84.19000244140625,17586.0
2022-08-05,84.30999755859375,85.44999694824219,83.5,84.76000213623047,12353.0
2022-08-08,85.0,85.5,83.6500015258789,83.80999755859375,12976.0
2022-08-09,84.18000030517578,86.08000183105469,83.94999694824219,85.93000030517578,12994.0
2022-08-10,85.5,86.30000305175781,84.25,85.91999816894531,14481.0
2022-08-11,85.9800033569336,88.02999877929688,85.3499984741211,87.55000305175781,15574.0
2022-08-12,86.9000015258789,89.25,86.81999969482422,88.87000274658203,16545.0
2022-08-15,89.3499984741211,90.87000274658205,88.5,90.77999877929688,14695.0
2022-08-16,90.06999969482422,92.66000366210938,90.06999969482422,92.08000183105467,18193.0
2022-08-17,92.34999847412108,96.44000244140624,92.2300033569336,95.8000030517578,18640.0
2022-08-18,96.25,97.48999786376952,92.6999969482422,96.04000091552734,19873.0
2022-08-19,96.3000030517578,99.22000122070312,95.59999847412108,98.01000213623048,14807.0
2022-08-22,98.5,98.69000244140624,90.84999847412108,92.16999816894533,20608.0
2022-08-23,92.51000213623048,94.19000244140624,88.8499984741211,89.29000091552734,20114.0
2022-08-24,90.0,91.38999938964844,88.37000274658203,89.23999786376953,16693.0
2022-08-25,89.19999694824219,90.66000366210938,87.19999694824219,89.30999755859375,15311.0
2022-08-26,89.04000091552734,90.48999786376952,88.05999755859375,90.30999755859376,12405.0
2022-08-29,90.5,90.5,85.69000244140625,86.66000366210938,13815.0
2022-08-30,86.27999877929688,86.88999938964844,79.91999816894531,80.80999755859375,30590.0
2022-08-31,81.05999755859375,81.61000061035156,79.0,80.02999877929688,22953.0
2022-09-01,80.41000366210938,81.3499984741211,77.44999694824219,80.79000091552734,28260.0
2022-09-02,80.75,81.22000122070312,77.44999694824219,77.88999938964844,19114.0
2022-09-05,77.48999786376953,77.48999786376953,73.69999694824219,74.44999694824219,29606.0
2022-09-06,74.0,74.70999908447266,69.19999694824219,69.87999725341797,36850.0
2022-09-07,69.51000213623047,71.11000061035156,68.0,69.02999877929688,28872.0
2022-09-08,69.30999755859375,69.30999755859375,66.0,67.23999786376953,24733.0
2022-09-09,67.05000305175781,67.94999694824219,65.55000305175781,66.08000183105469,19885.0
2022-09-12,65.98999786376953,72.62000274658203,65.7300033569336,71.81999969482422,22240.0
2022-09-13,71.98999786376953,72.44000244140625,68.01000213623047,69.75,24199.0
2022-09-14,70.48999786376953,73.80000305175781,68.41000366210938,72.54000091552734,21271.0
2022-09-15,72.37999725341797,72.55000305175781,70.0,71.8499984741211,27109.0
2022-09-16,71.8499984741211,73.93000030517578,71.11000061035156,73.2699966430664,15438.0
2022-09-19,73.31999969482422,73.80000305175781,70.1500015258789,71.0999984741211,18640.0
2022-09-20,70.55000305175781,73.0,70.26000213623047,71.13999938964844,14605.0
2022-09-21,71.79000091552734,71.79000091552734,69.0999984741211,69.79000091552734,16725.0
2022-09-22,69.9000015258789,71.12000274658203,69.01000213623047,70.44000244140625,12485.0
2022-09-23,70.01000213623047,70.30000305175781,65.3499984741211,65.7699966430664,22610.0
2022-09-26,65.1500015258789,71.94999694824219,64.0999984741211,70.33000183105469,20571.0
2022-09-27,70.33000183105469,71.0999984741211,67.37000274658203,67.95999908447266,16530.0
2022-09-28,67.80000305175781,68.2699966430664,64.37000274658203,65.1500015258789,24121.0
2022-09-29,65.52999877929688,66.86000061035156,64.13999938964844,65.7300033569336,19934.0
2022-09-30,64.86000061035156,68.66000366210938,64.86000061035156,66.7300033569336,16143.0
2022-10-03,66.55000305175781,66.7300033569336,64.25,65.94000244140625,14309.0
2022-10-04,66.62000274658203,68.3499984741211,65.4000015258789,66.91999816894531,19875.0
2022-10-05,67.72000122070312,71.36000061035156,66.54000091552734,67.06999969482422,19794.0
2022-10-06,66.88999938964844,69.48999786376953,65.5,68.95999908447266,15702.0
2022-10-07,69.19999694824219,70.38999938964844,67.62999725341797,69.8499984741211,15419.0
2022-10-10,68.9800033569336,69.4000015258789,65.70999908447266,66.7699966430664,17059.0
2022-10-11,66.9000015258789,67.4000015258789,65.6500015258789,66.33999633789062,16720.0
2022-10-12,66.4000015258789,68.63999938964844,65.01000213623047,66.70999908447266,21019.0
2022-10-13,66.37000274658203,69.5,65.75,68.83999633789062,26083.0
2022-10-14,68.72000122070312,69.0,67.12000274658203,68.0199966430664,13335.0
2022-10-17,68.01000213623047,68.62999725341797,66.26000213623047,67.51000213623047,16567.0
2022-10-18,67.29000091552734,68.38999938964844,66.51000213623047,67.7699966430664,18002.0
2022-10-19,67.25,69.69000244140625,66.98999786376953,67.29000091552734,19134.0
2022-10-20,67.2300033569336,67.87999725341797,66.54000091552734,66.87000274658203,18013.0
2022-10-21,66.70999908447266,69.41999816894531,66.66000366210938,68.72000122070312,12835.0
2022-10-24,69.0,72.66000366210938,67.63999938964844,72.31999969482422,23321.0
2022-10-25,72.41000366210938,77.80000305175781,71.98999786376953,77.11000061035156,31487.0
2022-10-26,77.25,78.87000274658203,74.9000015258789,75.79000091552734,22977.0
2022-10-27,75.26000213623047,81.0,74.9000015258789,80.20999908447266,26463.0
2022-10-28,80.2699966430664,82.58000183105469,80.01000213623047,81.20999908447266,18873.0
2022-10-31,81.7699966430664,82.0,78.1500015258789,79.97000122070312,13800.0
2022-11-01,79.77999877929688,80.69000244140625,75.69000244140625,76.72000122070312,20002.0
2022-11-02,77.16000366210938,78.56999969482422,76.08000183105469,76.69999694824219,13906.0
2022-11-03,76.62999725341797,78.19999694824219,75.36000061035156,76.27999877929688,26292.0
2022-11-04,76.5,79.5,76.16999816894531,76.36000061035156,20663.0
2022-11-07,76.36000061035156,78.19999694824219,75.54000091552734,77.48999786376953,17475.0
2022-11-08,77.75,77.79000091552734,75.55000305175781,76.05999755859375,22831.0
2022-11-09,76.05999755859375,76.94000244140625,72.55000305175781,72.76000213623047,37958.0
2022-11-10,72.5,74.29000091552734,70.5,73.05000305175781,27274.0
2022-11-11,73.33000183105469,76.54000091552734,73.05000305175781,75.83999633789062,20326.0
2022-11-14,75.69000244140625,76.0,74.58999633789062,75.2300033569336,20132.0
2022-11-15,75.02999877929688,77.25,74.0,76.6500015258789,20444.0
2022-11-16,77.0,77.41000366210938,73.08000183105469,73.41000366210938,30683.0
2022-11-17,73.55000305175781,74.70999908447266,71.88999938964844,72.4000015258789,21449.0
2022-11-18,72.37999725341797,73.98999786376953,71.94999694824219,72.47000122070312,19317.0
2022-11-21,72.44000244140625,75.18000030517578,71.68000030517578,74.27999877929688,15863.0
2022-11-22,74.69999694824219,74.69999694824219,73.44000244140625,73.87000274658203,12481.0
2022-11-23,74.06999969482422,76.87999725341797,73.61000061035156,75.87000274658203,14454.0
2022-11-24,76.05000305175781,78.75,75.63999938964844,78.69000244140625,14085.0
2022-11-25,78.70999908447266,79.76000213623047,78.0999984741211,78.97000122070312,11480.0
2022-11-28,78.91999816894531,79.0,76.91999816894531,78.58999633789062,17245.0
2022-11-29,78.86000061035156,81.5,78.05000305175781,81.38999938964844,13528.0
2022-11-30,81.12000274658203,85.25,80.80999755859375,84.9000015258789,26547.0
2022-12-01,84.62999725341797,88.69000244140625,83.91000366210938,84.87999725341797,22086.0
2022-12-02,85.02999877929688,87.9800033569336,84.44999694824219,87.9800033569336,16954.0
2022-12-05,87.8499984741211,88.27999877929688,85.4000015258789,87.16999816894531,18110.0
2022-12-06,87.12999725341797,89.4800033569336,86.0,88.61000061035156,19765.0
2022-12-07,88.29000091552734,88.66999816894531,86.12999725341797,88.19000244140625,20677.0
2022-12-08,88.1500015258789,89.54000091552734,87.62000274658203,88.93000030517578,16998.0
2022-12-09,88.6500015258789,89.16000366210938,86.75,87.7300033569336,15165.0
2022-12-12,87.5,90.41000366210938,87.4000015258789,89.80999755859375,17495.0
2022-12-13,90.15000152587892,90.15000152587892,87.16000366210938,88.98999786376953,21221.0
2022-12-14,88.44000244140625,89.4000015258789,84.76000213623047,86.19000244140625,24188.0
2022-12-15,86.19000244140625,87.63999938964844,85.0,85.19999694824219,19653.0
2022-12-16,85.23999786376953,86.33000183105469,83.06999969482422,83.68000030517578,14696.0
2022-12-19,86.56999969482422,86.6500015258789,83.8499984741211,84.69000244140625,1113.0
2022-12-20,84.5999984741211,88.0199966430664,83.8499984741211,86.87000274658203,727.0
2022-12-21,86.22000122070312,86.22000122070312,84.25,85.5999984741211,1742.0
2022-12-22,85.70999908447266,87.94999694824219,84.94999694824219,86.8499984741211,485.0
2022-12-23,87.45999908447266,88.05000305175781,86.08000183105469,86.8499984741211,331.0
2022-12-27,85.91999816894531,88.5,85.55000305175781,86.08000183105469,303.0
2022-12-28,86.0199966430664,86.0199966430664,83.8499984741211,84.12999725341797,904.0
2022-12-29,83.8499984741211,83.8499984741211,81.87000274658203,82.36000061035156,467.0
2022-12-30,82.0,82.80000305175781,78.2300033569336,79.4000015258789,1803.0
2023-01-02,80.16999816894531,83.68000030517578,80.16999816894531,83.66999816894531,212.0
2023-01-03,83.0,83.0,79.48999786376953,80.41999816894531,907.0
2023-01-04,80.29000091552734,80.29000091552734,75.23999786376953,75.4000015258789,751.0
2023-01-05,75.3499984741211,77.43000030517578,74.8499984741211,76.23999786376953,839.0
2023-01-06,76.0,77.33000183105469,75.0,75.55000305175781,431.0
2023-01-09,74.80000305175781,79.58000183105469,74.80000305175781,79.0999984741211,1214.0
2023-01-10,79.73999786376953,79.79000091552734,77.94000244140625,78.37999725341797,1748.0
2023-01-11,78.25,79.11000061035156,76.23999786376953,76.63999938964844,1414.0
2023-01-12,76.7300033569336,77.9000015258789,76.25,77.76000213623047,111.0
2023-01-13,77.48999786376953,78.0,75.81999969482422,77.19999694824219,476.0
2023-01-16,76.80000305175781,76.9800033569336,75.06999969482422,75.06999969482422,731.0
2023-01-17,75.25,77.69999694824219,74.75,77.20999908447266,555.0
2023-01-18,76.9000015258789,81.41999816894531,76.8499984741211,81.41999816894531,1025.0
2023-01-19,80.88999938964844,82.7300033569336,80.77999877929688,81.86000061035156,689.0
2023-01-20,81.91999816894531,82.72000122070312,81.01000213623047,82.5999984741211,836.0
2023-01-23,82.58999633789062,83.31999969482422,81.69999694824219,81.80000305175781,439.0
2023-01-24,81.93000030517578,82.20999908447266,79.0999984741211,79.62000274658203,649.0
2023-01-25,79.45999908447266,82.4000015258789,78.9000015258789,82.27999877929688,300.0
2023-01-26,82.19000244140625,86.9000015258789,81.6500015258789,86.80999755859375,947.0
2023-01-27,86.80999755859375,88.0,86.37000274658203,86.94000244140625,1189.0
2023-01-30,87.05000305175781,87.55999755859375,85.83999633789062,87.20999908447266,1535.0
2023-01-31,87.18000030517578,90.33000183105467,86.43000030517578,90.12999725341795,2811.0
2023-02-01,90.0,94.26000213623048,90.0,92.65000152587892,614.0
2023-02-02,92.8000030517578,93.95999908447266,89.2300033569336,90.65000152587892,1058.0
2023-02-03,91.81999969482422,92.9800033569336,90.41000366210938,90.90000152587892,751.0
2023-02-06,90.44000244140624,92.33999633789062,87.80000305175781,87.95999908447266,436.0
2023-02-07,88.19999694824219,88.36000061035156,86.5,87.9000015258789,286.0
2023-02-08,87.19999694824219,88.95999908447266,86.69999694824219,87.58999633789062,138.0
2023-02-09,87.5999984741211,89.91999816894531,87.2300033569336,88.48999786376953,532.0
2023-02-10,88.0,90.44000244140624,88.0,90.44000244140624,1207.0
2023-02-13,90.09999847412108,90.62999725341795,89.0,89.3499984741211,239.0
2023-02-14,90.25,90.25,87.23999786376953,88.62000274658203,746.0
2023-02-15,88.51000213623047,91.58000183105467,88.0999984741211,91.51000213623048,2058.0
2023-02-16,91.68000030517578,95.12999725341795,91.68000030517578,95.12999725341795,563.0
2023-02-17,94.9499969482422,95.41999816894533,92.5500030517578,93.33000183105467,600.0
2023-02-20,94.62999725341795,96.6999969482422,93.95999908447266,95.11000061035156,675.0
2023-02-21,95.43000030517578,97.98999786376952,94.0,97.12000274658205,527.0
2023-02-22,97.12000274658205,97.12000274658205,93.36000061035156,93.4499969482422,261.0
2023-02-23,93.47000122070312,94.9800033569336,93.26000213623048,93.83999633789062,801.0
2023-02-24,94.93000030517578,96.02999877929688,94.09999847412108,94.79000091552734,239.0
2023-02-27,95.63999938964844,96.94000244140624,95.30999755859376,96.90000152587892,547.0
2023-02-28,96.90000152587892,97.1999969482422,95.87999725341795,95.87999725341795,1011.0
2023-03-01,96.09999847412108,96.26000213623048,93.5199966430664,93.8000030517578,387.0
2023-03-02,94.7699966430664,95.0,89.87000274658203,90.09999847412108,397.0
2023-03-03,90.0,90.16999816894533,88.47000122070312,89.2699966430664,710.0
2023-03-06,90.5,91.34999847412108,89.05000305175781,89.95999908447266,517.0
2023-03-07,91.12000274658205,93.58999633789062,91.11000061035156,92.87000274658205,1279.0
2023-03-08,93.5199966430664,95.7300033569336,93.5,94.76000213623048,3119.0
2023-03-09,95.75,96.63999938964844,93.86000061035156,95.40000152587892,1562.0
2023-03-10,95.52999877929688,96.93000030517578,95.3000030517578,96.83000183105467,2421.0
2023-03-13,96.3000030517578,96.3000030517578,92.37000274658205,92.98999786376952,2058.0
2023-03-14,92.91000366210938,93.54000091552734,89.55000305175781,89.7300033569336,1149.0
2023-03-15,90.36000061035156,91.2300033569336,86.52999877929688,86.6500015258789,1926.0
2023-03-16,88.30000305175781,88.30000305175781,83.70999908447266,85.2699966430664,2791.0
2023-03-17,85.68000030517578,87.06999969482422,83.43000030517578,85.56999969482422,643.0
2023-03-20,83.69999694824219,86.0,82.12999725341797,85.18000030517578,2393.0
2023-03-21,86.16000366210938,88.4000015258789,85.69000244140625,87.37999725341797,2192.0
2023-03-22,87.0999984741211,87.68000030517578,85.5,86.62999725341797,2027.0
2023-03-23,87.44999694824219,90.40000152587892,87.44999694824219,90.18000030517578,1511.0
2023-03-24,89.95999908447266,91.0199966430664,84.18000030517578,85.4000015258789,1106.0
2023-03-27,88.0199966430664,89.19000244140625,86.7300033569336,88.12999725341797,13637.0
2023-03-28,87.62000274658203,90.55999755859376,87.62000274658203,89.4000015258789,15630.0
2023-03-29,89.47000122070312,91.09999847412108,89.33000183105469,90.0199966430664,12360.0
2023-03-30,90.43000030517578,91.76000213623048,89.55000305175781,90.8000030517578,15565.0
2023-03-31,90.93000030517578,92.88999938964844,90.70999908447266,91.75,14185.0
2023-04-03,91.75,96.16000366210938,91.69000244140624,96.0,15342.0
2023-04-04,96.0,97.34999847412108,94.62999725341795,94.9800033569336,15774.0
2023-04-05,94.97000122070312,98.0,94.77999877929688,97.01000213623048,17830.0
2023-04-06,97.0,97.90000152587892,96.0,96.75,0.0
2023-04-11,96.75,98.43000030517578,96.72000122070312,97.47000122070312,12456.0
2023-04-12,97.52999877929688,98.20999908447266,95.08999633789062,96.2699966430664,16891.0
2023-04-13,96.15000152587892,96.5,93.09999847412108,94.38999938964844,14934.0
2023-04-14,94.38999938964844,94.98999786376952,93.16000366210938,94.11000061035156,11552.0
2023-04-17,94.13999938964844,94.75,92.16000366210938,92.91000366210938,11401.0
2023-04-18,92.9800033569336,95.59999847412108,92.33000183105467,95.15000152587892,14371.0
2023-04-19,95.3000030517578,96.47000122070312,94.18000030517578,94.38999938964844,12796.0
2023-04-20,94.4499969482422,94.66000366210938,91.18000030517578,91.73999786376952,18416.0
2023-04-21,91.9499969482422,92.41000366210938,89.25,89.86000061035156,16350.0
2023-04-24,90.11000061035156,90.11000061035156,87.58999633789062,88.55999755859375,17793.0
2023-04-25,88.58000183105469,88.91000366210938,86.52999877929688,86.80999755859375,20939.0
2023-04-26,86.9000015258789,87.0,85.16000366210938,86.23999786376953,19485.0
2023-04-27,85.94000244140625,87.9000015258789,85.4000015258789,86.68000030517578,18541.0
2023-04-28,86.48999786376953,88.11000061035156,86.12999725341797,87.6500015258789,11915.0
2023-05-01,87.38999938964844,88.36000061035156,85.5,85.62999725341797,4524.0
2023-05-02,85.66000366210938,90.81999969482422,85.41999816894531,88.5199966430664,21011.0
2023-05-03,89.0,89.3499984741211,84.0,85.1500015258789,24914.0
2023-05-04,85.29000091552734,85.70999908447266,83.25,84.5,17527.0
2023-05-05,84.66000366210938,86.9000015258789,84.30000305175781,84.95999908447266,12001.0
2023-05-08,85.0,85.98999786376953,84.5,85.58999633789062,6334.0
2023-05-09,85.56999969482422,87.75,85.19999694824219,87.51000213623047,14236.0
2023-05-10,87.69000244140625,89.75,87.19999694824219,89.05999755859375,16360.0
2023-05-11,89.22000122070312,90.12000274658205,87.68000030517578,88.56999969482422,16424.0
2023-05-12,88.54000091552734,89.66999816894531,88.13999938964844,88.93000030517578,9377.0
2023-05-15,88.5,89.19000244140625,86.12999725341797,87.13999938964844,15991.0
2023-05-16,87.13999938964844,89.19999694824219,86.66000366210938,88.93000030517578,13108.0
2023-05-17,88.7699966430664,89.75,87.55000305175781,88.04000091552734,11441.0
2023-05-18,88.48999786376953,90.20999908447266,87.91999816894531,89.6500015258789,9132.0
2023-05-19,89.66000366210938,91.23999786376952,89.33000183105469,89.43000030517578,12785.0
2023-05-22,89.43000030517578,89.70999908447266,86.7699966430664,87.25,15345.0
2023-05-23,87.4000015258789,87.72000122070312,85.36000061035156,85.80000305175781,16121.0
2023-05-24,85.80999755859375,86.26000213623047,84.55000305175781,84.79000091552734,13803.0
2023-05-25,85.02999877929688,85.1500015258789,82.62999725341797,82.62999725341797,20735.0
2023-05-26,82.75,83.37000274658203,81.94000244140625,83.12999725341797,14761.0
2023-05-29,83.01000213623047,84.45999908447266,82.66999816894531,83.0,4744.0
2023-05-30,83.05000305175781,83.33999633789062,80.36000061035156,80.37999725341797,24547.0
2023-05-31,80.44999694824219,81.97000122070312,79.31999969482422,80.7699966430664,21916.0
2023-06-01,80.77999877929688,81.0999984741211,78.47000122070312,78.94999694824219,22481.0
2023-06-02,78.94999694824219,80.47000122070312,78.5199966430664,78.5199966430664,15516.0
2023-06-05,79.05000305175781,83.25,78.01000213623047,82.86000061035156,23965.0
2023-06-06,83.0,83.4800033569336,80.27999877929688,81.63999938964844,17913.0
2023-06-07,81.63999938964844,84.19000244140625,80.0999984741211,83.86000061035156,18611.0
2023-06-08,83.98999786376953,84.94999694824219,82.62999725341797,83.3499984741211,15100.0
2023-06-09,83.75,87.30000305175781,83.5,86.13999938964844,17407.0
2023-06-12,86.75,88.45999908447266,84.87999725341797,88.22000122070312,17450.0
2023-06-13,88.0,91.02999877929688,86.91000366210938,90.72000122070312,30352.0
2023-06-14,90.45999908447266,93.98999786376952,89.91000366210938,93.62000274658205,28122.0
2023-06-15,93.51000213623048,95.18000030517578,91.51000213623048,92.93000030517578,29187.0
2023-06-16,92.91999816894533,93.18000030517578,90.5,91.91999816894533,19810.0
2023-06-19,91.6999969482422,93.65000152587892,90.3000030517578,93.2300033569336,15150.0
2023-06-20,93.08999633789062,96.0,92.84999847412108,94.51000213623048,23513.0
2023-06-21,94.41000366210938,95.40000152587892,90.38999938964844,90.84999847412108,27354.0
2023-06-22,90.1999969482422,91.1999969482422,88.33000183105469,90.9499969482422,18306.0
2023-06-23,90.90000152587892,90.90000152587892,87.55000305175781,87.55000305175781,14048.0
2023-06-26,87.69000244140625,89.6500015258789,85.88999938964844,86.48999786376953,16583.0
2023-06-27,86.48999786376953,89.16999816894531,85.80000305175781,89.08999633789062,14664.0
2023-06-28,89.66999816894531,89.69999694824219,86.9800033569336,88.20999908447266,13957.0
2023-06-29,87.33999633789062,88.81999969482422,87.23999786376953,88.12999725341797,12329.0
2023-06-30,88.0999984741211,89.61000061035156,87.11000061035156,89.56999969482422,12876.0
2023-07-03,89.12000274658203,89.83000183105469,87.18000030517578,87.58000183105469,13059.0
2023-07-04,87.41000366210938,88.0999984741211,86.68000030517578,87.69000244140625,10263.0
2023-07-05,87.05999755859375,87.31999969482422,85.70999908447266,85.80999755859375,15077.0
2023-07-06,85.69999694824219,86.44999694824219,85.33000183105469,86.29000091552734,14115.0
2023-07-07,86.05000305175781,87.8499984741211,85.83000183105469,86.1500015258789,12115.0
2023-07-10,86.16000366210938,87.16999816894531,85.4800033569336,86.26000213623047,12702.0
2023-07-11,86.33999633789062,87.22000122070312,85.11000061035156,87.05000305175781,15205.0
2023-07-12,87.02999877929688,88.31999969482422,85.68000030517578,85.83000183105469,15760.0
2023-07-13,85.86000061035156,86.95999908447266,85.31999969482422,85.87999725341797,11321.0
2023-07-14,85.81999969482422,87.6500015258789,85.81999969482422,86.3499984741211,10615.0
2023-07-17,85.93000030517578,86.80999755859375,85.18000030517578,86.77999877929688,12727.0
2023-07-18,86.77999877929688,88.31999969482422,86.25,88.18000030517578,14993.0
2023-07-19,88.0999984741211,89.4000015258789,87.05000305175781,88.9800033569336,15476.0
2023-07-20,88.94999694824219,91.23999786376952,88.75,90.83999633789062,17566.0
2023-07-21,90.8000030517578,92.3000030517578,90.33000183105467,91.81999969482422,14115.0
2023-07-24,91.81999969482422,92.58999633789062,90.52999877929688,91.29000091552734,14373.0
2023-07-25,91.25,92.5199966430664,91.13999938964844,92.33999633789062,14274.0
2023-07-26,92.31999969482422,93.5,90.33999633789062,90.7699966430664,16547.0
2023-07-27,90.79000091552734,91.27999877929688,89.2300033569336,90.91999816894533,15514.0
2023-07-28,90.91999816894533,90.91999816894533,88.16000366210938,88.69999694824219,16241.0
2023-07-31,88.33999633789062,89.41999816894531,86.37000274658203,86.80999755859375,15966.0
2023-08-01,86.8499984741211,87.83000183105469,84.4000015258789,84.62000274658203,22393.0
2023-08-02,84.6500015258789,84.98999786376953,83.01000213623047,83.19999694824219,21262.0
2023-08-03,83.2300033569336,85.80000305175781,83.0999984741211,84.41000366210938,16348.0
2023-08-04,84.98999786376953,85.62999725341797,83.30000305175781,83.41000366210938,11729.0
2023-08-07,83.55000305175781,84.55999755859375,82.55999755859375,82.63999938964844,13372.0
2023-08-08,82.69999694824219,84.47000122070312,82.30999755859375,83.97000122070312,14583.0
2023-08-09,84.33999633789062,85.81999969482422,83.5,83.9000015258789,17018.0
2023-08-10,84.23999786376953,85.20999908447266,83.02999877929688,84.55000305175781,12815.0
2023-08-11,84.9000015258789,86.91999816894531,84.0,86.80000305175781,10943.0
2023-08-14,86.56999969482422,88.12999725341797,86.0,87.94999694824219,13259.0
2023-08-15,88.2300033569336,88.5999984741211,86.69999694824219,86.87000274658203,13016.0
2023-08-16,87.63999938964844,88.88999938964844,87.3499984741211,88.58000183105469,15601.0
2023-08-17,88.5999984741211,89.87000274658203,87.69999694824219,88.8499984741211,15804.0
2023-08-18,88.68000030517578,89.08999633789062,87.2699966430664,88.05000305175781,12861.0
2023-08-21,88.62000274658203,88.69999694824219,86.86000061035156,87.8499984741211,11651.0
2023-08-22,87.8499984741211,90.38999938964844,87.76000213623047,90.01000213623047,19572.0
2023-08-23,89.95999908447266,90.2300033569336,87.3499984741211,88.0,19871.0
2023-08-24,87.3499984741211,87.3499984741211,85.0999984741211,85.20999908447266,18772.0
2023-08-25,85.05999755859375,86.41999816894531,84.5,85.25,13464.0
2023-08-28,85.4000015258789,86.5,84.79000091552734,85.5999984741211,8134.0
2023-08-29,85.72000122070312,86.48999786376953,84.5199966430664,85.0,12478.0
2023-08-30,84.91000366210938,86.62999725341797,84.63999938964844,86.0,13344.0
2023-08-31,86.0999984741211,87.27999877929688,85.58000183105469,86.02999877929688,11306.0
2023-09-01,86.02999877929688,86.31999969482422,85.0,85.63999938964844,11949.0
2023-09-04,85.62999725341797,85.62999725341797,83.75,84.08000183105469,13969.0
2023-09-05,84.18000030517578,84.80999755859375,83.5999984741211,83.91000366210938,16541.0
2023-09-06,83.94999694824219,84.80999755859375,83.11000061035156,83.69999694824219,15686.0
2023-09-07,83.66999816894531,84.27999877929688,82.66999816894531,83.29000091552734,16850.0
2023-09-08,83.5199966430664,84.0,81.27999877929688,81.62000274658203,17114.0
2023-09-11,81.79000091552734,82.51000213623047,81.36000061035156,81.7300033569336,13804.0
2023-09-12,81.8499984741211,82.41000366210938,80.9800033569336,81.12000274658203,17498.0
2023-09-13,81.25,83.83000183105469,80.56999969482422,83.76000213623047,22494.0
2023-09-14,83.70999908447266,84.06999969482422,82.44999694824219,82.93000030517578,14482.0
2023-09-15,82.87999725341797,84.08999633789062,81.86000061035156,82.0999984741211,14312.0
2023-09-18,82.18000030517578,82.6500015258789,80.73999786376953,80.87999725341797,16523.0
2023-09-19,80.97000122070312,81.69000244140625,80.55000305175781,81.30000305175781,12940.0
2023-09-20,81.5999984741211,82.97000122070312,80.51000213623047,82.76000213623047,18191.0
2023-09-21,82.69999694824219,84.61000061035156,81.69999694824219,84.43000030517578,16174.0
2023-09-22,83.94000244140625,86.05000305175781,83.6500015258789,85.30000305175781,18471.0
2023-09-25,85.94999694824219,85.94999694824219,84.7699966430664,84.88999938964844,14085.0
2023-09-26,84.98999786376953,85.12999725341797,82.51000213623047,82.51000213623047,16299.0
2023-09-27,83.0,83.05000305175781,81.61000061035156,81.86000061035156,14840.0
2023-09-28,81.83000183105469,83.23999786376953,81.81999969482422,83.11000061035156,11318.0
2023-09-29,83.0,83.23999786376953,81.41999816894531,81.44999694824219,11378.0
2023-10-02,81.41999816894531,81.66000366210938,80.62000274658203,80.69999694824219,14760.0
2023-10-03,80.69999694824219,80.91000366210938,79.5199966430664,79.80000305175781,23905.0
2023-10-04,79.87000274658203,82.38999938964844,79.55999755859375,81.81999969482422,20901.0
2023-10-05,81.8499984741211,82.37000274658203,80.30000305175781,80.86000061035156,15008.0
2023-10-06,80.8499984741211,81.1500015258789,80.0,80.62000274658203,12045.0
2023-10-09,80.6500015258789,81.95999908447266,80.0,81.62999725341797,16513.0
2023-10-10,81.87000274658203,85.05999755859375,81.5999984741211,84.73999786376953,26145.0
2023-10-11,84.68000030517578,85.02999877929688,83.5,83.77999877929688,21431.0
2023-10-12,83.77999877929688,85.69000244140625,83.5,85.44999694824219,16715.0
2023-10-13,85.2300033569336,86.5999984741211,84.7300033569336,85.66000366210938,22823.0
2023-10-16,85.58000183105469,85.93000030517578,82.98999786376953,83.41000366210938,18286.0
2023-10-17,83.29000091552734,83.66000366210938,81.44999694824219,82.6500015258789,16426.0
2023-10-18,82.61000061035156,83.3499984741211,81.5199966430664,81.79000091552734,15861.0
2023-10-19,81.69999694824219,82.23999786376953,80.83999633789062,82.0,17073.0
2023-10-20,81.9800033569336,82.5,81.05000305175781,81.66999816894531,15046.0
2023-10-23,81.38999938964844,81.5,80.05999755859375,80.30000305175781,17527.0
2023-10-24,80.26000213623047,81.33999633789062,80.20999908447266,80.66000366210938,17182.0
2023-10-25,80.73999786376953,80.9800033569336,79.75,79.93000030517578,18425.0
2023-10-26,79.94000244140625,80.70999908447266,79.48999786376953,79.58000183105469,18950.0
2023-10-27,79.63999938964844,80.36000061035156,79.30000305175781,79.36000061035156,15858.0
2023-10-30,79.44999694824219,80.9800033569336,78.4800033569336,78.77999877929688,24806.0
2023-10-31,78.6500015258789,79.5,78.1500015258789,79.41000366210938,21717.0
2023-11-01,79.4000015258789,80.16000366210938,78.37000274658203,78.66000366210938,19682.0
2023-11-02,78.3499984741211,79.19999694824219,76.23999786376953,79.05999755859375,34236.0
2023-11-03,78.61000061035156,79.69999694824219,77.0999984741211,77.19999694824219,19749.0
2023-11-06,77.4800033569336,77.4800033569336,75.5999984741211,75.87999725341797,18325.0
2023-11-07,75.70999908447266,76.5,74.86000061035156,75.36000061035156,21353.0
2023-11-08,75.27999877929688,76.37999725341797,74.83999633789062,75.4000015258789,19628.0
2023-11-09,75.6500015258789,77.69000244140625,75.19000244140625,77.30000305175781,22227.0
2023-11-10,77.69000244140625,78.8499984741211,76.29000091552734,78.5,18965.0
2023-11-13,78.5,78.91999816894531,76.16999816894531,77.04000091552734,19752.0
2023-11-14,77.38999938964844,79.08999633789062,76.5999984741211,78.56999969482422,19811.0
2023-11-15,78.56999969482422,80.2699966430664,78.56999969482422,79.80000305175781,20259.0
2023-11-16,79.80000305175781,79.88999938964844,76.48999786376953,77.19999694824219,23119.0
2023-11-17,77.08999633789062,77.68000030517578,76.0199966430664,76.2300033569336,15956.0
2023-11-20,76.62999725341797,77.80000305175781,76.1500015258789,76.66000366210938,15544.0
2023-11-21,76.61000061035156,76.70999908447266,75.08000183105469,75.20999908447266,16437.0
2023-11-22,75.37000274658203,76.19999694824219,74.87999725341797,75.0999984741211,18866.0
2023-11-23,75.30000305175781,77.22000122070312,74.87999725341797,76.56999969482422,20682.0
2023-11-24,76.68000030517578,77.19000244140625,76.0,76.45999908447266,13695.0
2023-11-27,76.33999633789062,76.5,72.79000091552734,73.06999969482422,28360.0
2023-11-28,73.04000091552734,73.70999908447266,72.01000213623047,72.5,23920.0
2023-11-29,72.33000183105469,73.25,70.55999755859375,70.77999877929688,28530.0
2023-11-30,70.55000305175781,71.70999908447266,70.44000244140625,70.55999755859375,26248.0
2023-12-01,70.79000091552734,73.12999725341797,70.56999969482422,72.44999694824219,21534.0
2023-12-04,72.02999877929688,72.08000183105469,70.1500015258789,70.43000030517578,31641.0
2023-12-05,70.72000122070312,70.87999725341797,68.41999816894531,68.91000366210938,30662.0
2023-12-06,69.11000061035156,70.0,68.37000274658203,68.95999908447266,23024.0
2023-12-07,68.86000061035156,70.19000244140625,68.6500015258789,69.97000122070312,22522.0
2023-12-08,70.0,70.76000213623047,68.44999694824219,68.62000274658203,22237.0
2023-12-11,68.5,68.5,66.26000213623047,67.33999633789062,29077.0
2023-12-12,67.30000305175781,68.5999984741211,66.87999725341797,68.23999786376953,23044.0
2023-12-13,68.20999908447266,69.9800033569336,68.01000213623047,68.87999725341797,26585.0
2023-12-14,69.12000274658203,70.16000366210938,65.98999786376953,66.7300033569336,23653.0
2023-12-15,66.76000213623047,67.81999969482422,66.22000122070312,67.56999969482422,12688.0
2023-12-18,68.26000213623047,71.37999725341797,67.02999877929688,69.61000061035156,4269.0
2023-12-19,69.98999786376953,69.98999786376953,68.75,69.76000213623047,1040.0
2023-12-20,69.75,73.55000305175781,69.75,73.19999694824219,1447.0
2023-12-21,73.5,76.41999816894531,73.5,75.87999725341797,820.0
2023-12-22,75.87999725341797,77.08000183105469,75.0,76.94000244140625,450.0
2023-12-27,77.2699966430664,78.56999969482422,77.08000183105469,77.73999786376953,963.0
2023-12-28,77.69000244140625,78.0199966430664,76.9800033569336,77.94000244140625,935.0
2023-12-29,78.0,78.61000061035156,77.27999877929688,77.9800033569336,0.0
2024-01-02,78.16999816894531,78.22000122070312,73.04000091552734,74.08999633789062,685.0
2024-01-03,74.19999694824219,75.58000183105469,74.19999694824219,75.41999816894531,206.0
2024-01-04,75.44999694824219,76.0999984741211,73.0999984741211,73.77999877929688,1387.0
2024-01-05,73.31999969482422,74.54000091552734,73.18000030517578,73.97000122070312,376.0
2024-01-08,73.68000030517578,73.75,69.88999938964844,69.95999908447266,775.0
2024-01-09,69.5,70.7300033569336,69.25,69.9000015258789,476.0
2024-01-10,70.30000305175781,70.5,67.47000122070312,67.72000122070312,752.0
2024-01-11,67.66999816894531,67.69999694824219,65.19999694824219,65.95999908447266,1055.0
2024-01-12,66.93000030517578,66.93000030517578,63.0,63.79999923706055,513.0
2024-01-15,66.0,67.45999908447266,64.61000061035156,66.9000015258789,22185.0
2024-01-16,66.9800033569336,67.4000015258789,65.05000305175781,65.48999786376953,22428.0
2024-01-17,65.38999938964844,66.06999969482422,62.86000061035156,63.31000137329102,25628.0
2024-01-18,63.09000015258789,64.12999725341797,62.5,63.27999877929688,18193.0
2024-01-19,63.36999893188477,64.2300033569336,62.93000030517578,63.41999816894531,15139.0
2024-01-22,63.02999877929688,63.02999877929688,60.86000061035156,62.40999984741211,21639.0
2024-01-23,62.0,63.79999923706055,61.59999847412109,63.27000045776367,20276.0
2024-01-24,63.36000061035156,66.0999984741211,63.15999984741211,65.80000305175781,25089.0
2024-01-25,66.43000030517578,66.43000030517578,62.90000152587891,63.40999984741211,25614.0
2024-01-26,63.15000152587891,65.02999877929688,62.09999847412109,63.09999847412109,21962.0
2024-01-29,63.59999847412109,64.05999755859375,61.58000183105469,61.77000045776367,22583.0
2024-01-30,61.63000106811523,64.0199966430664,61.29999923706055,64.0199966430664,22868.0
2024-01-31,63.91999816894531,65.13999938964844,62.93999862670898,64.4000015258789,21315.0
2024-02-01,64.16000366210938,64.87000274658203,62.09999847412109,62.31999969482422,22150.0
2024-02-02,62.04999923706055,64.37000274658203,61.90000152587891,63.5,17964.0
2024-02-05,63.79999923706055,64.30999755859375,62.06999969482422,62.59000015258789,19164.0
2024-02-06,62.79000091552734,63.97000122070312,62.0,63.4900016784668,19279.0
2024-02-07,63.34999847412109,63.68000030517578,62.25,62.31999969482422,17665.0
2024-02-08,62.5,62.5,60.27000045776367,60.70999908447266,26072.0
2024-02-09,60.5,60.5,58.20000076293945,58.79999923706055,26394.0
2024-02-12,58.63999938964844,58.79999923706055,56.59000015258789,57.20000076293945,24582.0
2024-02-13,57.20000076293945,57.88999938964844,55.65000152587891,56.65000152587891,23800.0
2024-02-14,56.43000030517578,57.56999969482422,55.40999984741211,56.43999862670898,23613.0
2024-02-15,56.43999862670898,59.04999923706055,56.13000106811523,57.95000076293945,28072.0
2024-02-16,57.95000076293945,58.20999908447266,56.29000091552734,57.11000061035156,20129.0
2024-02-19,57.11000061035156,57.11000061035156,52.90000152587891,53.13999938964844,29606.0
2024-02-20,53.5,55.04000091552734,51.86000061035156,54.20999908447266,30451.0
2024-02-21,54.04999923706055,54.97999954223633,53.27999877929688,54.5099983215332,18584.0
2024-02-22,54.47999954223633,54.47999954223633,52.36999893188477,52.59000015258789,22359.0
2024-02-23,52.90000152587891,53.0099983215332,51.11999893188477,52.5099983215332,26228.0
2024-02-26,52.11000061035156,54.52000045776367,51.54999923706055,53.83000183105469,23892.0
2024-02-27,53.7599983215332,56.13999938964844,52.45000076293945,55.95999908447266,30420.0
2024-02-28,56.20999908447266,58.86999893188477,55.45000076293945,57.20999908447266,38361.0
2024-02-29,57.52999877929688,57.81000137329102,55.25,56.43999862670898,27044.0
2024-03-01,56.5,56.84000015258789,55.08000183105469,56.31000137329102,22847.0
2024-03-04,56.40000152587891,57.77000045776367,53.5,57.27999877929688,33980.0
2024-03-05,57.27999877929688,61.22999954223633,56.72999954223633,60.0,48655.0
2024-03-06,60.25,62.79999923706055,58.09000015258789,58.79000091552734,44522.0
2024-03-07,58.79000091552734,61.09000015258789,57.40000152587891,59.43999862670898,36114.0
2024-03-08,59.0,60.20000076293945,57.79999923706055,58.5,22802.0
2024-03-11,58.22000122070312,58.2400016784668,55.79999923706055,56.13000106811523,28030.0
2024-03-12,56.2599983215332,57.08000183105469,55.2400016784668,57.0,26902.0
2024-03-13,56.86000061035156,57.90000152587891,55.65000152587891,55.86999893188477,23397.0
2024-03-14,55.84999847412109,59.18000030517578,55.08000183105469,58.79999923706055,30350.0
2024-03-15,58.90000152587891,60.25,58.13999938964844,59.38000106811523,27061.0
2024-03-18,59.5,62.31999969482422,59.5,61.41999816894531,33586.0
2024-03-19,61.29999923706055,62.86999893188477,59.65000152587891,61.31000137329102,26858.0
2024-03-20,61.29999923706055,61.45999908447266,59.9900016784668,60.0099983215332,21675.0
2024-03-21,60.04000091552734,60.2599983215332,58.79999923706055,59.36999893188477,22932.0
2024-03-22,59.09999847412109,62.06000137329102,58.79999923706055,61.5,24375.0
2024-03-25,61.68999862670898,65.48999786376953,61.68000030517578,64.83999633789062,33708.0
2024-03-26,64.44999694824219,65.73999786376953,62.15999984741211,63.0,33885.0
2024-03-27,62.5,63.31000137329102,61.08000183105469,62.61000061035156,22308.0
2024-03-28,62.5,62.88999938964844,61.31999969482422,61.93000030517578,0.0
2024-04-02,61.22000122070312,61.5,58.56000137329102,58.90000152587891,27640.0
2024-04-03,59.29000091552734,59.43000030517578,56.90999984741211,57.54999923706055,23137.0
2024-04-04,57.5,59.2400016784668,57.09999847412109,58.38999938964844,22262.0
2024-04-05,58.86999893188477,61.15000152587891,58.2599983215332,61.0099983215332,25368.0
2024-04-08,60.72000122070312,63.77000045776367,59.68999862670898,63.38999938964844,32006.0
2024-04-09,63.38999938964844,64.63999938964844,62.52999877929688,63.95999908447266,27835.0
2024-04-10,63.81999969482422,65.06999969482422,62.29999923706055,62.84999847412109,25548.0
2024-04-11,62.97999954223633,68.91999816894531,62.81000137329102,68.83000183105469,47861.0
2024-04-12,68.5999984741211,71.80999755859375,68.06999969482422,71.63999938964844,46290.0
2024-04-15,71.55000305175781,71.63999938964844,69.12000274658203,70.16000366210938,29522.0
2024-04-16,70.26000213623047,74.9000015258789,69.87000274658203,74.25,36632.0
2024-04-17,74.12999725341797,74.4800033569336,69.23999786376953,70.33000183105469,37879.0
2024-04-18,69.9000015258789,72.22000122070312,68.1500015258789,71.55000305175781,31326.0
2024-04-19,72.56999969482422,73.30000305175781,68.12999725341797,68.5199966430664,28395.0
2024-04-22,68.0,68.19000244140625,66.0199966430664,66.4000015258789,25667.0
2024-04-23,66.38999938964844,67.20999908447266,65.33999633789062,66.37999725341797,22881.0
2024-04-24,66.25,67.44999694824219,64.80000305175781,66.8499984741211,22733.0
2024-04-25,67.0,69.91999816894531,66.54000091552734,68.41000366210938,27091.0
2024-04-26,68.20999908447266,69.19999694824219,66.56999969482422,67.51000213623047,18837.0
2024-04-29,67.0,67.3499984741211,65.01000213623047,65.80000305175781,18420.0
2024-04-30,65.94999694824219,69.5999984741211,65.37999725341797,69.19999694824219,26239.0
2024-05-01,69.19000244140625,69.26000213623047,67.3499984741211,67.91000366210938,12261.0
2024-05-02,67.87999725341797,73.18000030517578,67.25,72.69000244140625,38249.0
2024-05-03,72.69000244140625,74.55000305175781,71.44999694824219,71.83999633789062,25964.0
2024-05-06,71.73999786376953,74.48999786376953,71.5199966430664,73.66999816894531,18253.0
2024-05-07,73.25,74.30000305175781,70.56999969482422,70.8499984741211,31155.0
2024-05-08,71.02999877929688,72.69999694824219,69.61000061035156,71.91999816894531,21903.0
2024-05-09,71.4000015258789,74.08000183105469,71.12999725341797,73.62000274658203,14642.0
2024-05-10,73.5,75.5,71.27999877929688,71.58999633789062,22204.0
2024-05-13,71.33000183105469,71.48999786376953,68.75,70.06999969482422,24981.0
2024-05-14,70.0199966430664,71.31999969482422,69.0199966430664,70.0999984741211,15410.0
2024-05-15,70.19999694824219,71.83000183105469,69.08999633789062,69.19000244140625,22108.0
2024-05-16,69.08999633789062,71.2699966430664,68.87999725341797,70.79000091552734,19432.0
2024-05-17,70.5,71.5199966430664,69.5999984741211,70.5199966430664,19398.0
2024-05-20,71.0,74.9000015258789,71.0,74.23999786376953,28796.0
2024-05-21,74.18000030517578,76.63999938964844,73.05000305175781,76.19999694824219,27581.0
2024-05-22,75.83000183105469,77.5,75.5,76.66999816894531,26144.0
2024-05-23,76.5,78.0999984741211,75.5199966430664,76.0999984741211,28438.0
2024-05-24,76.0999984741211,76.69999694824219,73.9000015258789,75.77999877929688,20914.0
2024-05-27,75.69999694824219,76.98999786376953,75.58000183105469,76.51000213623047,11678.0
2024-05-28,75.98999786376953,76.23999786376953,74.1500015258789,74.5999984741211,20346.0
2024-05-29,74.5,75.5999984741211,72.94999694824219,73.94999694824219,21289.0
2024-05-30,73.66000366210938,75.83999633789062,73.37000274658203,75.19999694824219,19226.0
2024-05-31,75.4800033569336,76.41999816894531,73.8499984741211,74.06999969482422,19013.0
2024-06-03,74.44000244140625,77.80000305175781,74.25,74.62999725341797,29512.0
2024-06-04,74.5199966430664,74.70999908447266,72.2699966430664,72.58000183105469,29736.0
